Shoe,Colorway,Date,Player,Min,Points,Rebounds,Assists,Steals,Blocks
Nike Book 1,Nike Book 1,2025-04-27,Franz Wagner,39,24,6,7,0,0
Nike Book 1,Nike Book 1 Rattlesnake,2025-04-27,Cory Joseph,27,12,3,6,1,0
Nike Book 1,Nike Book 1,2025-04-27,Mikal Bridges,43,8,6,1,3,1
Nike Book 1,Nike Book 1 Moss Point,2025-04-27,Miles McBride,18,5,1,0,0,0
Nike Book 1,Nike Book 1 Black Label,2025-04-27,Mitchell Robinson,9,0,3,0,0,0
Nike Book 1,Nike Book 1 Sunrise,2025-04-26,Jaylon Tyson,5,7,2,2,1,0
Nike Book 1,Nike Book 1 Halloween,2025-04-26,Ty Jerome,21,13,3,11,2,0
Nike Book 1,Nike Book 1 Black Label,2025-04-26,Vince Williams Jr.,18,11,4,3,1,0
Nike Book 1,Nike Book 1 Haven,2025-04-25,Elie Okobo,27,11,2,8,0,0
Nike Book 1,Nike Book 1 Rattlesnake,2025-04-25,Youssoupha Fall,8,0,1,0,0,0
Nike Book 1,Nike Book 1 Black Label,2025-04-25,Alex Len,0,0,0,0,0,0
Nike Book 1,Nike Book 1,2025-04-25,Franz Wagner,37,32,7,8,2,0
Nike Book 1,Nike Book 1 Rattlesnake,2025-04-25,Cory Joseph,27,6,3,1,0,0
Nike Book 1,Nike Book 1 Black Label,2025-04-25,Anthony Black,13,9,2,0,2,0
Nike Book 1,Nike Book 1 Sunrise,2025-04-24,Nadir Hifi,19,15,2,1,1,0
Nike Book 1,Nike Book 1 Rattlesnake,2025-04-24,Ercan Osmani,15,2,2,1,0,0
Nike Book 1,Nike Book 1 Halloween,2025-04-24,Derek Willis,14,2,1,0,0,0
Nike Book 1,Nike Book 1 Python,2025-04-24,Cedi Osman,24,16,1,0,0,1
Nike Book 1,Nike Book 1 Sedona,2025-04-24,Cam Christie,3,0,1,0,0,0
Nike Book 1,Nike Book 1,2025-04-24,Mikal Bridges,38,20,7,3,3,2
Nike Book 1,Nike Book 1 Moss Point,2025-04-24,Miles McBride,9,3,1,0,0,0
Nike Book 1,Nike Book 1 Sedona,2025-04-24,Mitchell Robinson,15,2,4,0,2,0
Nike Book 1,Nike Book 1 Sedona,2025-04-23,Dario Brizuela,21,13,1,2,0,0
Nike Book 1,Nike Book 1 Haven,2025-04-23,Elie Okobo,29,19,2,7,2,0
Nike Book 1,Nike Book 1 Rattlesnake,2025-04-23,Youssoupha Fall,18,13,14,0,1,0
Nike Book 1,Nike Book 1 Rattlesnake,2025-04-23,Ty Jerome,23,6,3,0,1,0
Nike Book 1,Nike Book 1 The Nightmare Before Christmas,2025-04-23,Cory Joseph,22,7,1,3,2,1
Nike Book 1,Nike Book 1,2025-04-23,Franz Wagner,40,25,4,4,2,0
Nike Book 1,Nike Book 1 Halloween,2025-04-22,Derek Willis,21,11,3,2,0,0
Nike Book 1,Nike Book 1 Sunset,2025-04-22,Nadir Hifi,22,21,1,0,0,0
Nike Book 1,Nike Book 1,2025-04-22,Mikael Jantunen,28,3,5,2,1,0
Nike Book 1,Nike Book 1 Sedona,2025-04-22,TJ Shorts,28,17,2,7,1,0
Nike Book 1,Nike Book 1 Python,2025-04-22,Cedi Osman,21,11,4,1,1,0
Nike Book 1,Nike Book 1 Black Label,2025-04-21,Mitchell Robinson,20,0,7,1,0,0
Nike Book 1,Nike Book 1 Moss Point,2025-04-21,Miles McBride,13,8,1,0,0,0
Nike Book 1,Nike Book 1,2025-04-21,Mikal Bridges,38,19,5,0,3,0
Nike Book 1,Nike Book 1,2025-04-20,Franz Wagner,36,23,3,5,1,2
Nike Book 1,Nike Book 1 Rattlesnake,2025-04-20,Cory Joseph,26,0,0,2,0,0
Nike Book 1,Nike Book 1 Black Label,2025-04-20,Anthony Black,13,3,4,0,0,1
Nike Book 1,Nike Book 1 Rattlesnake,2025-04-20,Ty Jerome,26,28,5,3,0,0
Nike Book 1,Nike Book 1 Flagstaff,2025-04-20,Jaylon Tyson,1,0,1,0,0,0
Nike Book 1,Nike Book 1 Forrest Gump Cortez,2025-04-20,Chuma Okeke,1,0,0,0,0,0
Nike Book 1,Nike Book 1 Black Label,2025-04-19,Mitchell Robinson,17,6,6,0,1,2
Nike Book 1,Nike Book 1 Moss Point,2025-04-19,Miles McBride,15,0,1,4,1,0
Nike Book 1,Nike Book 1,2025-04-19,Mikal Bridges,28,8,2,2,0,2
Nike Book 1,Nike Book 1 Black Label,2025-04-19,Alex Len,3,0,4,0,0,0
Nike Book 1,Nike Book 1 Hike,2025-04-18,Mouhamed Gueye,14,3,2,1,0,1
Nike Book 1,Nike Book 1 Forrest Gump Cortez,2025-04-15,Isaiah Canaan,24,6,3,2,1,0
Nike Book 1,Nike Book 1,2025-04-15,Mikael Jantunen,28,6,7,1,0,1
Nike Book 1,Nike Book 1 Sunset,2025-04-15,Nadir Hifi,21,15,4,4,0,0
Nike Book 1,Nike Book 1,2025-04-15,TJ Shorts,30,23,2,9,0,0
Nike Book 1,Nike Book 1,2025-04-15,Franz Wagner,33,13,13,3,2,1
Nike Book 1,Nike Book 1 Rattlesnake,2025-04-15,Cory Joseph,18,9,0,2,0,1
Nike Book 1,Nike Book 1 Hike,2025-04-15,Mouhamed Gueye,25,12,4,2,1,1
Nike Book 1,Nike Book 1,2025-04-13,Marcus Bagley,43,10,15,1,4,1
Nike Book 1,Nike Book 1 Flagstaff,2025-04-13,Jaylon Tyson,46,31,7,4,3,1
Nike Book 1,Nike Book 1 Mowabb,2025-04-13,Chuma Okeke,21,3,4,2,0,1
Nike Book 1,Nike Book 1 The Nightmare Before Christmas,2025-04-13,Enrique Freeman,31,8,8,1,1,1
Nike Book 1,Nike Book 1 Sunrise,2025-04-13,Anton Watson,1,0,0,0,0,0
Nike Book 1,Nike Book 1,2025-04-13,Mikal Bridges,0,0,0,0,0,0
Nike Book 1,Nike Book 1 Sedona,2025-04-13,Miles McBride,29,17,4,8,3,0
Nike Book 1,Nike Book 1 The Nightmare Before Christmas,2025-04-13,Keaton Wallace,37,15,11,15,5,0
Nike Book 1,Nike Book 1 Rattlesnake,2025-04-13,Garrison Mathews,36,12,4,1,0,1
Nike Book 1,Nike Book 1 Haven,2025-04-13,Mouhamed Gueye,7,3,4,0,0,0
Nike Book 1,Nike Book 1 The Nightmare Before Christmas,2025-04-13,Alex Ducas,14,5,5,1,0,0
Nike Book 1,Nike Book 1 Black Label,2025-04-13,Alex Len,13,4,2,1,0,1
Nike Book 1,Nike Book 1 Rattlesnake,2025-04-11,Tornike Shengelia,28,17,1,0,2,0
Nike Book 1,Nike Book 1 Rattlesnake,2025-04-11,Youssoupha Fall,6,0,1,0,0,0
Nike Book 1,Nike Book 1 Python,2025-04-11,Cedi Osman,22,9,1,0,0,0
Nike Book 1,Nike Book 1,2025-04-11,Marcus Bagley,38,20,10,5,1,2
Nike Book 1,Nike Book 1 Hike,2025-04-11,Mouhamed Gueye,33,10,18,2,3,1
Nike Book 1,Nike Book 1 Rattlesnake,2025-04-11,Cory Joseph,6,2,1,5,1,0
Nike Book 1,Nike Book 1,2025-04-11,Devin Booker,28,18,3,5,0,1
Nike Book 1,Nike Book 1 Flagstaff,2025-04-11,Jaylon Tyson,21,7,5,1,1,0
Nike Book 1,Nike Book 1 Sedona,2025-04-11,Mitchell Robinson,32,8,7,2,2,1
Nike Book 1,Nike Book 1 Sedona,2025-04-11,Miles McBride,17,12,1,1,1,0
Nike Book 1,Nike Book 1,2025-04-11,Mikal Bridges,36,17,2,8,1,0
Nike Book 1,Nike Book 1 The Nightmare Before Christmas,2025-04-11,Enrique Freeman,10,4,3,0,0,0
Nike Book 1,Nike Book 1 The Nightmare Before Christmas,2025-04-11,Alex Ducas,14,2,2,1,0,0
Nike Book 1,Nike Book 1 Python,2025-04-11,Kevin Huerter,30,7,4,6,2,0
Nike Book 1,Nike Book 1 Mowabb,2025-04-11,Trevelin Queen,29,25,5,4,3,0
Nike Book 1,Nike Book 1 Forrest Gump Cortez,2025-04-10,Sander Raieste,20,7,3,2,0,0
Nike Book 1,Nike Book 1 Sunrise,2025-04-10,Khalifa Diop,9,8,3,0,0,0
Nike Book 1,Nike Book 1 Rattlesnake,2025-04-10,Ousmane Diop,14,11,7,2,1,0
Nike Book 1,Nike Book 1 Rattlesnake,2025-04-10,Nikola Mirotic,24,23,10,3,2,1
Nike Book 1,Nike Book 1 Black Label,2025-04-10,Giampaolo Ricci,23,7,3,2,0,1
Nike Book 1,Nike Book 1 Sunrise,2025-04-10,TJ Shorts,23,10,1,7,0,0
Nike Book 1,Nike Book 1,2025-04-10,Mikael Jantunen,24,15,6,0,0,1
Nike Book 1,Nike Book 1 Hike,2025-04-10,Mouhamed Gueye,22,5,12,1,1,0
Nike Book 1,Nike Book 1 Black Label,2025-04-10,Keaton Wallace,3,0,0,1,0,0
Nike Book 1,Nike Book 1,2025-04-10,Roman Sorkin,21,16,0,3,0,1
Nike Book 1,Nike Book 1 Flagstaff,2025-04-10,Jaylon Tyson,8,0,1,0,0,0
Nike Book 1,Nike Book 1 Halloween,2025-04-10,Ty Jerome,25,24,2,6,0,1
Nike Book 1,Nike Book 1,2025-04-10,Mikal Bridges,32,17,2,7,2,1
Nike Book 1,Nike Book 1 Sedona,2025-04-10,Miles McBride,38,12,2,6,4,0
Nike Book 1,Nike Book 1 Forrest Gump Cortez,2025-04-09,Cam Christie,0,0,0,0,0,0
Nike Book 1,Nike Book 1 Black Label,2025-04-09,Devin Vassell,27,11,5,3,1,0
Nike Book 1,Nike Book 1,2025-04-09,Devin Booker,39,20,6,14,1,0
Nike Book 1,Nike Book 1,2025-04-09,Marcus Bagley,27,4,8,2,0,1
Nike Book 1,Nike Book 1 Mowabb,2025-04-09,Trevelin Queen,5,1,2,0,0,0
Nike Book 1,Nike Book 1 Haven,2025-04-09,Franz Wagner,25,23,8,2,2,0
Nike Book 1,Nike Book 1 Rattlesnake,2025-04-09,Cory Joseph,18,3,1,3,0,0
Nike Book 1,Nike Book 1 Hike,2025-04-09,Taj Gibson,17,2,5,0,0,2
Nike Book 1,Nike Book 1 Mowabb,2025-04-09,Miles Norris,19,6,3,0,2,0
Nike Book 1,Nike Book 1 Black Label,2025-04-08,Devin Vassell,24,7,1,2,2,0
Nike Book 1,Nike Book 1 Forrest Gump Cortez,2025-04-08,Cam Christie,1,0,0,0,0,0
Nike Book 1,Nike Book 1,2025-04-08,Devin Booker,29,21,3,4,0,1
Nike Book 1,Nike Book 1 Haven,2025-04-08,Franz Wagner,39,22,6,6,2,1
Nike Book 1,Nike Book 1 Rattlesnake,2025-04-08,Cory Joseph,26,8,5,1,2,0
Nike Book 1,Nike Book 1 Hike,2025-04-08,Mouhamed Gueye,18,6,5,2,1,3
Nike Book 1,Nike Book 1 Mowabb,2025-04-08,Jaylon Tyson,3,5,2,0,0,0
Nike Book 1,Nike Book 1 Mowabb,2025-04-08,Chuma Okeke,3,2,0,0,0,0
Nike Book 1,Nike Book 1,2025-04-08,Mikal Bridges,37,14,4,4,0,1
Nike Book 1,Nike Book 1 Sedona,2025-04-08,Miles McBride,20,5,5,1,1,0
Nike Book 1,Nike Book 1 Black Label,2025-04-08,Mitchell Robinson,15,4,7,1,1,2
Nike Book 1,Nike Book 1,2025-04-07,Marcus Bagley,23,6,6,0,1,1
Nike Book 1,Nike Book 1,2025-04-06,Devin Booker,40,40,4,3,1,0
Nike Book 1,Nike Book 1 Black Label,2025-04-06,Mitchell Robinson,12,2,2,1,1,1
Nike Book 1,Nike Book 1 Sedona,2025-04-06,Miles McBride,15,8,0,2,2,0
Nike Book 1,Nike Book 1,2025-04-06,Mikal Bridges,39,22,6,4,0,1
Nike Book 1,Nike Book 1 Rattlesnake,2025-04-06,Mouhamed Gueye,10,8,3,1,0,1
Nike Book 1,Nike Book 1 Python,2025-04-06,Kevin Huerter,28,13,1,3,1,0
Nike Book 1,Nike Book 1 Black Label,2025-04-06,Devin Vassell,31,21,7,2,3,0
Nike Book 1,Nike Book 1 Rattlesnake,2025-04-06,Ty Jerome,23,20,4,2,1,0
Nike Book 1,Nike Book 1 Haven,2025-04-05,Mouhamed Gueye,17,6,3,1,0,1
Nike Book 1,Nike Book 1 Black Label,2025-04-05,Keaton Wallace,6,2,1,3,1,1
Nike Book 1,Nike Book 1,2025-04-05,Marcus Bagley,20,6,5,1,1,1
Nike Book 1,Nike Book 1,2025-04-05,Mikal Bridges,32,20,3,5,0,0
Nike Book 1,Nike Book 1 Sedona,2025-04-05,Cam Christie,7,2,3,1,0,1
Nike Book 1,Nike Book 1 Black Label,2025-04-04,Giampaolo Ricci,25,10,6,0,1,0
Nike Book 1,Nike Book 1 Rattlesnake,2025-04-04,Tornike Shengelia,19,14,4,3,0,1
Nike Book 1,Nike Book 1 Rattlesnake,2025-04-04,David Lighty,16,0,0,0,0,0
Nike Book 1,Nike Book 1 Forrest Gump Cortez,2025-04-04,Sander Raieste,18,2,4,2,0,0
Nike Book 1,Nike Book 1 Sunrise,2025-04-04,Khalifa Diop,13,10,2,0,0,3
Nike Book 1,Nike Book 1 Forrest Gump Cortez,2025-04-04,Isaiah Canaan,21,21,0,0,0,0
Nike Book 1,Nike Book 1 Sedona,2025-04-04,Jusuf Nurkic,24,8,8,3,0,1
Nike Book 1,Nike Book 1 Flagstaff,2025-04-04,Damion Lee,1,0,0,0,0,0
Nike Book 1,Nike Book 1,2025-04-04,Devin Booker,38,37,5,6,0,0
Nike Book 1,Nike Book 1 Rattlesnake,2025-04-04,Royce O'Neale,29,12,6,2,0,0
Nike Book 1,Nike Book 1 Black Label,2025-04-04,Devin Vassell,36,24,4,3,4,0
Nike Book 1,Nike Book 1 Rattlesnake,2025-04-04,Nikola Mirotic,22,5,3,1,2,0
Nike Book 1,Nike Book 1 Rattlesnake,2025-04-04,Ousmane Diop,10,3,1,0,0,0
Nike Book 1,Nike Book 1 Sunrise,2025-04-04,Cam Christie,6,3,2,0,2,0
Nike Book 1,Nike Book 1 Flagstaff,2025-04-04,Kevin Huerter,34,9,2,1,0,1
Nike Book 1,Nike Book 1,2025-04-03,Roman Sorkin,27,10,8,1,0,0
Nike Book 1,Nike Book 1 The Nightmare Before Christmas,2025-04-03,Omer Mayer,13,11,1,3,1,0
Nike Book 1,Nike Book 1 Sunset,2025-04-03,Nadir Hifi,21,23,1,3,1,0
Nike Book 1,Nike Book 1,2025-04-03,Mikael Jantunen,28,13,4,0,0,0
Nike Book 1,Nike Book 1 Python,2025-04-03,Cedi Osman,21,7,1,2,0,0
Nike Book 1,Nike Book 1 Haven,2025-04-03,Elie Okobo,29,13,6,6,0,1
Nike Book 1,Nike Book 1 Rattlesnake,2025-04-03,Cory Joseph,25,8,2,1,1,0
Nike Book 1,Nike Book 1 Haven,2025-04-03,Franz Wagner,33,27,5,5,1,0
Nike Book 1,Nike Book 1 Sedona,2025-04-02,Dario Brizuela,20,5,0,1,0,0
Nike Book 1,Nike Book 1 Sedona,2025-04-02,Dame Sarr,8,0,2,2,1,0
Nike Book 1,Nike Book 1 Haven,2025-04-02,Youssoupha Fall,13,4,3,0,0,1
Nike Book 1,Nike Book 1 Sedona,2025-04-02,Jusuf Nurkic,20,13,5,1,0,0
Nike Book 1,Nike Book 1 Flagstaff,2025-04-02,Jaylon Tyson,2,0,1,1,0,0
Nike Book 1,Nike Book 1,2025-04-02,Mikal Bridges,35,8,2,3,1,0
Nike Book 1,Nike Book 1 Forrest Gump Cortez,2025-04-02,Cam Christie,2,0,0,0,0,0
Nike Book 1,Nike Book 1 Haven,2025-04-02,Mouhamed Gueye,14,11,5,0,0,1
Nike Book 1,Nike Book 1,2025-04-01,Devin Booker,43,39,3,11,0,0
Nike Book 1,Nike Book 1 Black Label,2025-04-01,Mitchell Robinson,20,14,14,0,1,2
Nike Book 1,Nike Book 1,2025-04-01,Marcus Bagley,19,9,8,0,0,1
Nike Book 1,Nike Book 1 Haven,2025-04-01,Mouhamed Gueye,10,0,2,0,2,1
Nike Book 1,Nike Book 1 Forrest Gump Cortez,2025-04-01,Franz Wagner,36,24,5,7,0,0
Nike Book 1,Nike Book 1 Rattlesnake,2025-04-01,Cory Joseph,18,6,2,1,0,0
Nike Book 1,Nike Book 1 Black Label,2025-04-01,Devin Vassell,33,11,4,0,0,0
Nike Book 1,Nike Book 1 The Nightmare Before Christmas,2025-04-01,Kevin Huerter,33,16,2,1,0,0
Nike Book 1,Nike Book 1 Rattlesnake,2025-03-31,Franz Wagner,39,21,5,6,2,0
Nike Book 1,Nike Book 1 The Nightmare Before Christmas,2025-03-31,Cory Joseph,28,10,5,3,2,0
Nike Book 1,Nike Book 1 Black Label,2025-03-30,Mitchell Robinson,13,2,4,2,0,2
Nike Book 1,Nike Book 1 Black Label,2025-03-30,Devin Vassell,20,12,3,3,0,0
Nike Book 1,Nike Book 1 Sunrise,2025-03-30,Nick Richards,18,6,5,0,1,0
Nike Book 1,Nike Book 1 Sunset,2025-03-30,Devin Booker,30,28,3,3,0,0
Nike Book 1,Nike Book 1 Flagstaff,2025-03-30,Damion Lee,7,6,0,1,1,0
Nike Book 1,Nike Book 1 Mowabb,2025-03-30,Mouhamed Gueye,19,9,9,1,0,0
Nike Book 1,Nike Book 1,2025-03-30,Marcus Bagley,25,4,7,0,0,2
Nike Book 1,Nike Book 1 Forrest Gump Cortez,2025-03-29,Franz Wagner,23,21,2,3,0,0
Nike Book 1,Nike Book 1 Rattlesnake,2025-03-29,Cory Joseph,22,3,7,6,1,0
Nike Book 1,Nike Book 1,2025-03-29,Marcus Bagley,18,2,5,0,1,3
Nike Book 1,Nike Book 1 The Nightmare Before Christmas,2025-03-29,Kevin Huerter,32,8,3,6,0,0
Nike Book 1,Nike Book 1 Black Label,2025-03-29,Devin Vassell,37,14,5,3,1,0
Nike Book 1,Nike Book 1 Halloween,2025-03-28,Derek Willis,7,2,1,1,0,0
Nike Book 1,Nike Book 1 Forrest Gump Cortez,2025-03-28,Khalifa Diop,6,8,2,0,0,0
Nike Book 1,Nike Book 1 Forrest Gump Cortez,2025-03-28,Sander Raieste,8,0,0,0,0,0
Nike Book 1,Nike Book 1 The Nightmare Before Christmas,2025-03-28,Omer Mayer,0,0,0,0,0,0
Nike Book 1,Nike Book 1 The Nightmare Before Christmas,2025-03-28,Roman Sorkin,37,22,3,3,1,0
Nike Book 1,Nike Book 1 Rattlesnake,2025-03-28,Tornike Shengelia,23,15,3,5,3,1
Nike Book 1,Nike Book 1 Python,2025-03-28,Cedi Osman,23,10,3,1,1,1
Nike Book 1,Nike Book 1 CHBL,2025-03-28,Nadir Hifi,21,13,2,3,0,0
Nike Book 1,Nike Book 1 Rattlesnake,2025-03-28,Christian Braun,27,16,4,2,1,0
Nike Book 1,Nike Book 1 Black Label,2025-03-28,Mitchell Robinson,18,2,10,1,1,0
Nike Book 1,Nike Book 1,2025-03-28,Royce O'Neale,24,21,2,2,0,0
Nike Book 1,Nike Book 1 Sunset,2025-03-28,Devin Booker,39,10,0,6,1,0
Nike Book 1,Nike Book 1 Sedona,2025-03-27,Dario Brizuela,27,27,1,3,0,0
Nike Book 1,Nike Book 1 Halloween,2025-03-27,Dame Sarr,17,13,2,3,2,0
Nike Book 1,Nike Book 1 Rattlesnake,2025-03-27,Nikola Mirotic,29,28,9,0,1,0
Nike Book 1,Nike Book 1 Mowabb,2025-03-27,Tyrique Jones,17,8,6,2,1,1
Nike Book 1,Nike Book 1 Rattlesnake,2025-03-27,Giampaolo Ricci,12,3,4,1,0,0
Nike Book 1,Nike Book 1 Rattlesnake,2025-03-27,Youssoupha Fall,15,7,5,0,0,0
Nike Book 1,Nike Book 1 Mowabb,2025-03-27,Kevin Huerter,39,21,6,5,1,0
Nike Book 1,Nike Book 1 Halloween,2025-03-27,Tarik Black,9,2,0,0,0,0
Nike Book 1,Nike Book 1 Rattlesnake,2025-03-27,David Lighty,24,8,4,2,1,0
Nike Book 1,Nike Book 1 Haven,2025-03-27,Elie Okobo,24,6,0,3,2,0
Nike Book 1,Nike Book 1 Forrest Gump Cortez,2025-03-27,Franz Wagner,35,20,9,2,1,0
Nike Book 1,Nike Book 1 Rattlesnake,2025-03-27,Cory Joseph,21,6,2,1,0,0
Nike Book 1,Nike Book 1 Black Label,2025-03-27,Devin Vassell,36,22,3,4,1,0
Nike Book 1,Nike Book 1 Forrest Gump Cortez,2025-03-26,Isaiah Canaan,15,9,1,1,1,0
Nike Book 1,Nike Book 1 The Nightmare Before Christmas,2025-03-26,Roman Sorkin,26,12,4,1,1,2
Nike Book 1,Nike Book 1 Rattlesnake,2025-03-26,Tornike Shengelia,25,13,3,3,0,0
Nike Book 1,Nike Book 1,2025-03-26,Devin Booker,34,14,7,10,0,0
Nike Book 1,Nike Book 1,2025-03-26,Damion Lee,6,3,1,0,0,0
Nike Book 1,Nike Book 1 Forrest Gump Cortez,2025-03-26,Khalifa Diop,21,10,4,0,0,1
Nike Book 1,Nike Book 1 Halloween,2025-03-26,Derek Willis,4,5,1,0,0,0
Nike Book 1,Nike Book 1,2025-03-26,Marcus Bagley,18,4,4,1,0,0
Nike Book 1,Nike Book 1 Rattlesnake,2025-03-26,Christian Braun,37,19,10,6,2,0
Nike Book 1,Nike Book 1 Black Label,2025-03-26,Mitchell Robinson,12,0,2,1,0,1
Nike Book 1,Nike Book 1 Rattlesnake,2025-03-25,Nikola Mirotic,23,14,4,5,2,1
Nike Book 1,Nike Book 1 Flagstaff,2025-03-25,Giampaolo Ricci,8,0,2,0,1,0
Nike Book 1,Nike Book 1 Rattlesnake,2025-03-25,David Lighty,25,8,4,0,2,0
Nike Book 1,Nike Book 1 Flagstaff,2025-03-25,Max Strus,26,5,2,3,0,0
Nike Book 1,Nike Book 1 Mowabb,2025-03-25,Ty Jerome,20,25,2,3,0,0
Nike Book 1,Nike Book 1 Rattlesnake,2025-03-25,Garrison Mathews,6,0,0,1,0,0
Nike Book 1,Nike Book 1,2025-03-25,Mouhamed Gueye,8,4,4,1,0,0
Nike Book 1,Nike Book 1 Sunrise,2025-03-25,Nadir Hifi,24,19,5,3,0,0
Nike Book 1,Nike Book 1 Black Label,2025-03-25,Devin Vassell,32,26,6,1,0,0
Nike Book 1,Nike Book 1 Rattlesnake,2025-03-25,Jusuf Nurkic,19,5,5,3,0,2
Nike Book 1,Nike Book 1 Rattlesnake,2025-03-25,Cory Joseph,18,5,3,2,1,0
Nike Book 1,Nike Book 1 Haven,2025-03-25,Franz Wagner,35,26,8,4,0,0
Nike Book 1,Nike Book 1,2025-03-24,Devin Booker,39,19,7,12,0,0
Nike Book 1,Nike Book 1 The Nightmare Before Christmas,2025-03-24,Kevin Huerter,36,9,1,6,2,0
Nike Book 1,Nike Book 1 Mowabb,2025-03-24,Chuma Okeke,32,12,9,4,1,1
Nike Book 1,Nike Book 1 Rattlesnake,2025-03-24,Franz Wagner,38,32,5,9,1,0
Nike Book 1,Nike Book 1 Rattlesnake,2025-03-24,Cory Joseph,17,5,4,5,0,0
Nike Book 1,Nike Book 1 Rattlesnake,2025-03-24,Ben Sheppard,15,2,3,1,0,0
Nike Book 1,Nike Book 1 Flagstaff,2025-03-23,Max Strus,18,7,3,2,0,0
Nike Book 1,Nike Book 1 Mowabb,2025-03-23,Ty Jerome,19,12,3,3,1,0
Nike Book 1,Nike Book 1 Black Label,2025-03-23,Devin Vassell,29,25,6,3,2,1
Nike Book 1,Nike Book 1 Mowabb,2025-03-23,Chuma Okeke,34,8,8,2,0,0
Nike Book 1,Nike Book 1,2025-03-23,Mouhamed Gueye,13,6,1,2,0,0
Nike Book 1,Nike Book 1 The Nightmare Before Christmas,2025-03-23,Jusuf Nurkic,15,5,3,2,0,0
Nike Book 1,Nike Book 1 Rattlesnake,2025-03-22,Ben Sheppard,8,0,1,0,0,0
Nike Book 1,Nike Book 1,2025-03-22,Mouhamed Gueye,14,2,4,0,0,1
Nike Book 1,Nike Book 1 The Nightmare Before Christmas,2025-03-22,Kevin Huerter,33,14,3,2,1,1
Nike Book 1,Nike Book 1 Black Label,2025-03-22,Alex Len,6,0,1,0,0,0
Nike Book 1,Nike Book 1 Black Label,2025-03-22,Mitchell Robinson,17,4,5,1,0,1
Nike Book 1,Nike Book 1 Haven,2025-03-21,Youssoupha Fall,9,2,2,0,0,1
Nike Book 1,Nike Book 1 Halloween,2025-03-21,Derek Willis,8,3,3,0,0,0
Nike Book 1,Nike Book 1 Sedona,2025-03-21,Dario Brizuela,21,20,2,1,1,0
Nike Book 1,Nike Book 1 Python,2025-03-21,Cedi Osman,4,2,1,0,0,0
Nike Book 1,Nike Book 1 Rattlesnake,2025-03-21,Franz Wagner,24,21,8,5,0,1
Nike Book 1,Nike Book 1 Rattlesnake,2025-03-21,Cory Joseph,22,11,2,1,0,0
Nike Book 1,Nike Book 1 Black Label,2025-03-21,Devin Vassell,37,20,5,7,3,0
Nike Book 1,Nike Book 1 Mowabb,2025-03-21,Chuma Okeke,31,7,3,3,2,1
Nike Book 1,Nike Book 1,2025-03-21,Alex Ducas,6,3,0,0,2,0
Nike Book 1,Nike Book 1 The Nightmare Before Christmas,2025-03-21,Jusuf Nurkic,23,6,9,5,1,1
Nike Book 1,Nike Book 1,2025-03-21,Devin Booker,38,17,2,10,0,0
Nike Book 1,Nike Book 1 Mowabb,2025-03-21,Ty Jerome,19,16,1,5,2,1
Nike Book 1,Nike Book 1 The Nightmare Before Christmas,2025-03-20,Roman Sorkin,26,12,7,2,0,1
Nike Book 1,Nike Book 1 Forrest Gump Cortez,2025-03-20,Sander Raieste,2,0,0,0,0,0
Nike Book 1,Nike Book 1 Rattlesnake,2025-03-20,Tornike Shengelia,22,7,1,1,0,0
Nike Book 1,Nike Book 1 Forrest Gump Cortez,2025-03-20,Khalifa Diop,11,4,2,1,1,0
Nike Book 1,Nike Book 1 Black Label,2025-03-20,Alex Len,17,10,9,1,1,0
Nike Book 1,Nike Book 1 Forrest Gump Cortez,2025-03-20,Kevin Huerter,37,25,5,7,4,1
Nike Book 1,Nike Book 1 Forrest Gump Cortez,2025-03-20,Isaiah Canaan,27,12,2,0,1,0
Nike Book 1,Nike Book 1 Rattlesnake,2025-03-20,Ben Sheppard,22,0,8,2,1,1
Nike Book 1,Nike Book 1 The Nightmare Before Christmas,2025-03-20,Jusuf Nurkic,14,9,7,0,0,0
Nike Book 1,Nike Book 1 Sedona,2025-03-20,Miles McBride,35,9,3,6,0,1
Nike Book 1,Nike Book 1,2025-03-19,Franz Wagner,38,20,8,7,0,0
Nike Book 1,Nike Book 1 Rattlesnake,2025-03-19,Cory Joseph,26,13,1,2,2,0
Nike Book 1,Nike Book 1 Rattlesnake,2025-03-19,Ben Sheppard,25,5,6,1,1,0
Nike Book 1,Nike Book 1,2025-03-19,P.J. Tucker,1,0,0,0,0,0
Nike Book 1,Nike Book 1 Forrest Gump Cortez,2025-03-19,Devin Vassell,33,10,4,3,0,4
Nike Book 1,Nike Book 1 Sedona,2025-03-19,Miles McBride,30,11,3,5,0,0
Nike Book 1,Nike Book 1 Sedona,2025-03-19,Mitchell Robinson,17,13,11,0,1,2
Nike Book 1,Nike Book 1,2025-03-19,Alex Ducas,14,3,4,1,1,0
Nike Book 1,Nike Book 1 Hike,2025-03-19,Kenrich Williams,24,13,5,1,1,1
Nike Book 1,Nike Book 1 Mowabb,2025-03-19,Chuma Okeke,37,14,15,2,0,1
Nike Book 1,Nike Book 1,2025-03-19,Devin Booker,36,41,4,7,0,0
Nike Book 1,Nike Book 1 Black Label,2025-03-19,Ty Jerome,26,14,1,6,1,0
Nike Book 1,Nike Book 1 Rattlesnake,2025-03-18,Ousmane Diop,5,0,2,0,0,0
Nike Book 1,Nike Book 1 Rattlesnake,2025-03-18,Nikola Mirotic,22,6,4,1,0,0
Nike Book 1,Nike Book 1 Rattlesnake,2025-03-18,Giampaolo Ricci,16,2,3,0,0,0
Nike Book 1,Nike Book 1,2025-03-18,TJ Shorts,29,24,6,10,2,1
Nike Book 1,Nike Book 1,2025-03-18,Mikael Jantunen,20,8,2,2,1,1
Nike Book 1,Nike Book 1 Sedona,2025-03-18,Jaylon Tyson,1,0,0,0,0,0
Nike Book 1,Nike Book 1 Black Label,2025-03-18,Ty Jerome,19,10,0,4,0,0
Nike Book 1,Nike Book 1 The Nightmare Before Christmas,2025-03-18,Jusuf Nurkic,16,11,2,0,0,1
Nike Book 1,Nike Book 1 Rattlesnake,2025-03-18,Garrison Mathews,9,6,2,1,0,1
Nike Book 1,Nike Book 1 Flagstaff,2025-03-18,Mouhamed Gueye,23,4,3,1,2,0
Nike Book 1,Nike Book 1 Forrest Gump Cortez,2025-03-17,Devin Vassell,33,17,8,2,0,1
Nike Book 1,Nike Book 1,2025-03-17,Devin Booker,32,27,4,6,0,0
Nike Book 1,Nike Book 1 Flagstaff,2025-03-17,Damion Lee,5,2,0,1,0,0
Nike Book 1,Nike Book 1 Sedona,2025-03-17,Mitchell Robinson,23,10,9,1,2,2
Nike Book 1,Nike Book 1 Sedona,2025-03-17,Miles McBride,29,10,2,3,2,0
Nike Book 1,Nike Book 1 Rattlesnake,2025-03-17,Ben Sheppard,29,3,6,6,0,0
Nike Book 1,Nike Book 1 The Nightmare Before Christmas,2025-03-17,Enrique Freeman,0,2,0,0,0,0
Nike Book 1,Nike Book 1 Rattlesnake,2025-03-17,Chuma Okeke,17,2,3,1,1,0
Nike Book 1,Nike Book 1 Forrest Gump Cortez,2025-03-17,Kevin Huerter,35,17,9,2,1,1
Nike Book 1,Nike Book 1 The Nightmare Before Christmas,2025-03-16,Ty Jerome,24,12,1,1,0,0
Nike Book 1,Nike Book 1 Rattlesnake,2025-03-16,Cory Joseph,24,3,3,4,3,0
Nike Book 1,Nike Book 1,2025-03-16,Franz Wagner,35,22,8,2,1,0
Nike Book 1,Nike Book 1 Rattlesnake,2025-03-16,Chuma Okeke,15,5,4,1,1,0
Nike Book 1,Nike Book 1,2025-03-16,Devin Booker,39,19,6,11,1,0
Nike Book 1,Nike Book 1,2025-03-16,Royce O'Neale,21,10,5,1,0,0
Nike Book 1,Nike Book 1 Flagstaff,2025-03-16,Mouhamed Gueye,16,2,2,1,0,3
Nike Book 1,Nike Book 1 Black Label,2025-03-16,Cam Christie,7,0,0,2,1,0
Nike Book 1,Nike Book 1 Rattlesnake,2025-03-16,Jusuf Nurkic,12,4,5,0,1,0
Nike Book 1,Nike Book 1 Rattlesnake,2025-03-15,Ben Sheppard,11,0,2,1,0,0
Nike Book 1,Nike Book 1,2025-03-15,Christian Braun,34,9,3,4,3,0
Nike Book 1,Nike Book 1 Sedona,2025-03-15,Devin Vassell,35,22,5,1,3,0
Nike Book 1,Nike Book 1 Sedona,2025-03-15,Miles McBride,37,19,5,4,0,1
Nike Book 1,Nike Book 1 Black Label,2025-03-15,Mitchell Robinson,16,2,5,0,0,1
Nike Book 1,Nike Book 1 Halloween,2025-03-14,Derek Willis,4,0,3,0,0,0
Nike Book 1,Nike Book 1 Halloween,2025-03-14,Darius Thompson,21,2,2,2,1,0
Nike Book 1,Nike Book 1 Rattlesnake,2025-03-14,Youssoupha Fall,2,0,1,0,0,0
Nike Book 1,Nike Book 1 Halloween,2025-03-14,Dame Sarr,4,0,1,1,0,0
Nike Book 1,Nike Book 1 Sunset,2025-03-14,Tyrique Jones,22,7,9,1,1,0
Nike Book 1,Nike Book 1 Python,2025-03-14,Cedi Osman,23,13,2,0,1,0
Nike Book 1,Nike Book 1 Rattlesnake,2025-03-14,Ben Sheppard,16,2,4,1,1,0
Nike Book 1,Nike Book 1 Rattlesnake,2025-03-14,Payton Pritchard,27,11,3,0,3,0
Nike Book 1,Nike Book 1 Flagstaff,2025-03-14,Mouhamed Gueye,11,5,4,0,0,1
Nike Book 1,Nike Book 1,2025-03-14,Royce O'Neale,20,9,3,1,2,0
Nike Book 1,Nike Book 1,2025-03-14,Devin Booker,37,22,4,13,1,0
Nike Book 1,Nike Book 1 Sunrise,2025-03-14,Ben Simmons,17,2,2,4,2,0
Nike Book 1,Nike Book 1 Sunrise,2025-03-14,Cam Christie,2,2,1,1,0,0
Nike Book 1,Nike Book 1 Flagstaff,2025-03-14,Devin Vassell,31,22,3,3,1,1
Nike Book 1,Nike Book 1 Rattlesnake,2025-03-14,Jusuf Nurkic,12,14,3,1,0,0
Nike Book 1,Nike Book 1 Forrest Gump Cortez,2025-03-14,Anthony Black,20,6,4,2,0,0
Nike Book 1,Nike Book 1 Rattlesnake,2025-03-14,Cory Joseph,28,8,3,3,1,1
Nike Book 1,Nike Book 1 Rattlesnake,2025-03-14,Franz Wagner,34,16,4,4,1,0
Nike Book 1,Nike Book 1 Black Label,2025-03-14,Alex Len,11,2,5,1,0,0
Nike Book 1,Nike Book 1,2025-03-14,Christian Braun,34,22,5,6,1,0
Nike Book 1,Nike Book 1 Flagstaff,2025-03-14,Jaylon Tyson,3,2,1,0,0,0
Nike Book 1,Nike Book 1 Black Label,2025-03-14,Ty Jerome,16,12,2,5,0,0
Nike Book 1,Nike Book 1 Forrest Gump Cortez,2025-03-13,Khalifa Diop,25,13,8,1,0,1
Nike Book 1,Nike Book 1 The Nightmare Before Christmas,2025-03-13,Roman Sorkin,29,18,7,1,2,0
Nike Book 1,Nike Book 1 Rattlesnake,2025-03-13,Tornike Shengelia,22,8,7,1,1,0
Nike Book 1,Nike Book 1 The Nightmare Before Christmas,2025-03-13,Kevin Huerter,32,18,9,3,0,0
Nike Book 1,Nike Book 1 Rattlesnake,2025-03-13,Franz Wagner,35,27,6,5,1,0
Nike Book 1,Nike Book 1 Rattlesnake,2025-03-13,Cory Joseph,29,12,6,3,0,0
Nike Book 1,Nike Book 1 Forrest Gump Cortez,2025-03-13,Anthony Black,18,6,1,2,1,1
Nike Book 1,Nike Book 1 Flagstaff,2025-03-13,Giampaolo Ricci,8,0,1,0,1,0
Nike Book 1,Nike Book 1 Haven,2025-03-13,Deividas Sirvydis,12,6,2,0,0,0
Nike Book 1,Nike Book 1 Sunrise,2025-03-13,Nadir Hifi,25,17,4,2,2,0
Nike Book 1,Nike Book 1 Sunrise,2025-03-13,TJ Shorts,27,21,2,4,2,0
Nike Book 1,Nike Book 1 Rattlesnake,2025-03-13,Nikola Mirotic,28,19,7,2,1,0
Nike Book 1,Nike Book 1 Rattlesnake,2025-03-13,Ousmane Diop,1,0,0,0,0,0
Nike Book 1,Nike Book 1 Black Label,2025-03-13,Alex Len,19,2,3,1,0,0
Nike Book 1,Nike Book 1 Sunrise,2025-03-12,Josh Minott,4,0,3,0,0,0
Nike Book 1,Nike Book 1 Sedona,2025-03-12,Miles McBride,38,11,1,5,4,2
Nike Book 1,Nike Book 1 Black Label,2025-03-12,Mitchell Robinson,18,3,4,1,2,2
Nike Book 1,Nike Book 1,2025-03-12,Devin Booker,37,19,3,4,0,0
Nike Book 1,Nike Book 1 Sedona,2025-03-12,Damion Lee,1,3,0,0,0,0
Nike Book 1,Nike Book 1 Forrest Gump Cortez,2025-03-12,Garrett Temple,22,8,2,8,1,0
Nike Book 1,Nike Book 1 Flagstaff,2025-03-12,Payton Pritchard,24,8,1,1,0,0
Nike Book 1,Nike Book 1 Flagstaff,2025-03-12,Mouhamed Gueye,14,6,3,1,2,2
Nike Book 1,Nike Book 1 Rattlesnake,2025-03-12,Jusuf Nurkic,10,2,5,0,0,0
Nike Book 1,Nike Book 1 Black Label,2025-03-12,Devin Vassell,33,16,10,6,2,1
Nike Book 1,Nike Book 1 Rattlesnake,2025-03-11,Ben Sheppard,14,0,1,1,1,0
Nike Book 1,Nike Book 1,2025-03-11,Andrew Nembhard,28,12,2,3,1,0
Nike Book 1,Nike Book 1 Forrest Gump Cortez,2025-03-10,Garrett Temple,8,0,2,2,1,0
Nike Book 1,Nike Book 1 Rattlesnake,2025-03-10,Jusuf Nurkic,10,6,2,0,1,0
Nike Book 1,Nike Book 1 Black Label,2025-03-10,Alex Len,13,0,2,2,0,1
Nike Book 1,Nike Book 1 Rattlesnake,2025-03-10,Payton Pritchard,25,8,1,3,2,0
Nike Book 1,Nike Book 1 The Nightmare Before Christmas,2025-03-10,Keaton Wallace,30,7,2,6,0,0
Nike Book 1,Nike Book 1 Flagstaff,2025-03-10,Mouhamed Gueye,21,14,7,2,1,2
Nike Book 1,Nike Book 1 Black Label,2025-03-10,Mitchell Robinson,15,2,5,1,4,0
Nike Book 1,Nike Book 1 Sedona,2025-03-10,Miles McBride,31,21,3,7,2,0
Nike Book 1,Nike Book 1 Black Label,2025-03-10,Devin Vassell,34,24,4,3,1,0
Nike Book 1,Nike Book 1 Rattlesnake,2025-03-10,Ben Sheppard,19,12,2,3,1,0
Nike Book 1,Nike Book 1,2025-03-10,Andrew Nembhard,21,8,3,3,3,0
Nike Book 1,Nike Book 1 Forrest Gump Cortez,2025-03-10,Kevin Huerter,34,13,4,1,3,1
Nike Book 1,Nike Book 1,2025-03-10,Franz Wagner,33,15,7,5,2,0
Nike Book 1,Nike Book 1,2025-03-10,Devin Booker,40,26,9,6,1,0
Nike Book 1,Nike Book 1 Hike,2025-03-09,Kenrich Williams,3,0,0,0,0,0
Nike Book 1,Nike Book 1,2025-03-09,Devin Booker,37,24,3,6,1,0
Nike Book 1,Nike Book 1 Black Label,2025-03-09,Trey Murphy III,36,27,5,2,0,2
Nike Book 1,Nike Book 1 Sedona,2025-03-09,Jaylon Tyson,3,0,0,1,0,0
Nike Book 1,Nike Book 1 The Nightmare Before Christmas,2025-03-09,Ty Jerome,18,9,1,1,1,0
Nike Book 1,Nike Book 1 Black Label,2025-03-09,Devin Vassell,32,13,4,2,2,1
Nike Book 1,Nike Book 1 Sunrise,2025-03-09,Josh Minott,2,3,0,0,1,1
Nike Book 1,Nike Book 1,2025-03-08,Franz Wagner,37,18,7,5,1,0
Nike Book 1,Nike Book 1 Rattlesnake,2025-03-08,Payton Pritchard,22,3,2,2,0,2
Nike Book 1,Nike Book 1 Black Label,2025-03-08,Trey Murphy III,31,13,5,2,0,1
Nike Book 1,Nike Book 1 The Nightmare Before Christmas,2025-03-08,Keaton Wallace,2,0,0,0,0,0
Nike Book 1,Nike Book 1 The Nightmare Before Christmas,2025-03-08,Mouhamed Gueye,22,6,0,2,1,2
Nike Book 1,Nike Book 1,2025-03-08,Andrew Nembhard,31,11,5,12,3,0
Nike Book 1,Nike Book 1 Halloween,2025-03-07,Dame Sarr,8,3,1,0,0,0
Nike Book 1,Nike Book 1 Rattlesnake,2025-03-07,Ante Zizic,16,5,2,1,0,0
Nike Book 1,Nike Book 1 Halloween,2025-03-07,Darius Thompson,25,8,2,4,1,0
Nike Book 1,Nike Book 1 Halloween,2025-03-07,Tarik Black,4,5,1,0,0,0
Nike Book 1,Nike Book 1 Rattlesnake,2025-03-07,Tornike Shengelia,23,17,5,3,1,0
Nike Book 1,Nike Book 1 The Nightmare Before Christmas,2025-03-07,Roman Sorkin,29,15,2,3,0,0
Nike Book 1,Nike Book 1 Rattlesnake,2025-03-07,Jusuf Nurkic,28,12,15,5,1,1
Nike Book 1,Nike Book 1 Python,2025-03-07,Max Strus,21,3,3,1,0,0
Nike Book 1,Nike Book 1 Black Label,2025-03-07,Ty Jerome,17,6,5,3,0,0
Nike Book 1,Nike Book 1 Sunset,2025-03-07,Garrett Temple,9,0,1,0,1,0
Nike Book 1,Nike Book 1 Rattlesnake,2025-03-07,Tyrique Jones,17,5,2,0,1,1
Nike Book 1,Nike Book 1 Sedona,2025-03-07,Miles McBride,33,7,2,6,1,0
Nike Book 1,Nike Book 1,2025-03-07,Devin Booker,43,34,6,7,2,0
Nike Book 1,Nike Book 1 Sunset,2025-03-07,Mason Jones,1,0,0,0,0,0
Nike Book 1,Nike Book 1 Black Label,2025-03-07,Devin Vassell,33,10,2,3,3,2
Nike Book 1,Nike Book 1 Haven,2025-03-06,Eli Ndiaye,2,0,0,0,0,0
Nike Book 1,Nike Book 1 Forrest Gump Cortez,2025-03-06,Khalifa Diop,11,2,0,0,1,1
Nike Book 1,Nike Book 1 Rattlesnake,2025-03-06,Ioannis Papapetrou,5,0,0,0,0,0
Nike Book 1,Nike Book 1 Python,2025-03-06,Cedi Osman,21,9,1,0,0,0
Nike Book 1,Nike Book 1 Sedona,2025-03-06,Miles McBride,21,0,5,2,1,1
Nike Book 1,Nike Book 1 Sedona,2025-03-06,Mitchell Robinson,13,6,4,0,1,0
Nike Book 1,Nike Book 1 Hike,2025-03-06,Andrew Nembhard,30,15,1,10,0,0
Nike Book 1,Nike Book 1 Flagstaff,2025-03-06,Mouhamed Gueye,22,4,5,0,3,1
Nike Book 1,Nike Book 1 Rattlesnake,2025-03-06,Nikola Mirotic,17,11,6,2,0,0
Nike Book 1,Nike Book 1 Rattlesnake,2025-03-06,Giampaolo Ricci,25,6,3,0,1,0
Nike Book 1,Nike Book 1 Rattlesnake,2025-03-06,Franz Wagner,37,18,2,6,2,1
Nike Book 1,Nike Book 1 The Nightmare Before Christmas,2025-03-06,Cory Joseph,8,0,1,2,0,0
Nike Book 1,Nike Book 1,2025-03-06,Miles Norris,4,0,2,0,0,0
Nike Book 1,Nike Book 1 Rattlesnake,2025-03-06,Payton Pritchard,32,19,4,6,2,0
Nike Book 1,Nike Book 1 Black Label,2025-03-05,Elie Okobo,30,12,6,5,1,1
Nike Book 1,Nike Book 1 Sedona,2025-03-05,TJ Shorts,22,19,1,5,1,0
Nike Book 1,Nike Book 1 Sunset,2025-03-05,Nadir Hifi,26,17,3,2,1,0
Nike Book 1,Nike Book 1 Sunrise,2025-03-05,Mikael Jantunen,19,0,0,0,0,0
Nike Book 1,Nike Book 1 The Nightmare Before Christmas,2025-03-05,Ty Jerome,24,12,5,1,1,0
Nike Book 1,Nike Book 1 Rattlesnake,2025-03-05,Jusuf Nurkic,11,2,5,0,1,0
Nike Book 1,Nike Book 1 Mowabb,2025-03-05,Damion Baugh,14,4,1,2,1,0
Nike Book 1,Nike Book 1 Rattlesnake,2025-03-05,Payton Pritchard,42,43,10,5,0,0
Nike Book 1,Nike Book 1,2025-03-04,Alex Len,4,0,0,0,0,0
Nike Book 1,Nike Book 1,2025-03-04,Devin Booker,40,17,5,8,0,0
Nike Book 1,Nike Book 1 Black Label,2025-03-04,Devin Vassell,35,37,11,5,4,1
Nike Book 1,Nike Book 1 Sedona,2025-03-04,Jaylon Tyson,2,2,0,1,0,0
Nike Book 1,Nike Book 1 Sedona,2025-03-04,E.J. Liddell,2,0,0,0,0,0
Nike Book 1,Nike Book 1 Black Label,2025-03-04,Ty Jerome,22,16,3,2,0,0
Nike Book 1,Nike Book 1 Rattlesnake,2025-03-04,Franz Wagner,35,28,5,1,0,0
Nike Book 1,Nike Book 1 The Nightmare Before Christmas,2025-03-04,Cory Joseph,26,8,1,5,1,0
Nike Book 1,Nike Book 1,2025-03-04,Andrew Nembhard,34,5,6,6,4,2
Nike Book 1,Nike Book 1 Sedona,2025-03-04,Miles McBride,23,6,4,5,1,0
Nike Book 1,Nike Book 1 Sedona,2025-03-04,Mitchell Robinson,15,7,5,0,0,0
Nike Book 1,Nike Book 1 Flagstaff,2025-03-04,Mouhamed Gueye,25,15,5,1,2,1
Nike Book 1,Nike Book 1 The Nightmare Before Christmas,2025-03-03,Keaton Wallace,2,3,1,1,0,0
Nike Book 1,Nike Book 1 Rattlesnake,2025-03-03,Garrison Mathews,13,11,2,1,0,2
Nike Book 1,Nike Book 1 Rattlesnake,2025-03-03,Jusuf Nurkic,14,5,5,2,0,1
Nike Book 1,Nike Book 1 The Nightmare Before Christmas,2025-03-02,Ty Jerome,35,25,5,6,6,0
Nike Book 1,Nike Book 1,2025-03-02,Andrew Nembhard,37,11,2,4,2,0
Nike Book 1,Nike Book 1 Rattlesnake,2025-03-02,Franz Wagner,37,25,4,1,0,0
Nike Book 1,Nike Book 1 The Nightmare Before Christmas,2025-03-02,Cory Joseph,10,5,2,0,0,0
Nike Book 1,Nike Book 1 Forrest Gump Cortez,2025-03-02,Anthony Black,14,7,1,2,0,0
Nike Book 1,Nike Book 1,2025-03-02,Devin Booker,34,17,4,5,1,0
Nike Book 1,Nike Book 1 Hike,2025-03-02,Kenrich Williams,10,0,3,1,1,0
Nike Book 1,Nike Book 1 The Nightmare Before Christmas,2025-03-02,Alex Ducas,1,0,0,0,0,0
Nike Book 1,Nike Book 1 Black Label,2025-03-02,Devin Vassell,32,15,3,5,1,1
Nike Book 1,Nike Book 1 Sedona,2025-03-02,Miles McBride,30,12,2,2,0,0
Nike Book 1,Nike Book 1 Sedona,2025-03-02,Mitchell Robinson,13,2,2,0,0,1
Nike Book 1,Nike Book 1 Black Label,2025-03-01,Devin Vassell,33,20,6,3,1,1
Nike Book 1,Nike Book 1 Forrest Gump Cortez,2025-02-28,Khalifa Diop,13,2,7,0,0,0
Nike Book 1,Nike Book 1 Sedona,2025-02-28,Tyrique Jones,20,7,9,1,2,1
Nike Book 1,Nike Book 1 Rattlesnake,2025-02-28,Ioannis Papapetrou,16,1,1,1,0,0
Nike Book 1,Nike Book 1 Python,2025-02-28,Cedi Osman,12,6,2,1,0,0
Nike Book 1,Nike Book 1 Halloween,2025-02-28,Tarik Black,15,6,0,0,0,0
Nike Book 1,Nike Book 1 Forrest Gump Cortez,2025-02-28,Erkan Yilmaz,2,2,0,1,1,1
Nike Book 1,Nike Book 1 Halloween,2025-02-28,Derek Willis,17,12,4,0,1,0
Nike Book 1,Nike Book 1 Halloween,2025-02-28,Darius Thompson,24,2,3,7,0,2
Nike Book 1,Nike Book 1 The Nightmare Before Christmas,2025-02-28,Ty Jerome,21,8,4,3,1,0
Nike Book 1,Nike Book 1 The Nightmare Before Christmas,2025-02-28,Keaton Wallace,2,3,0,0,0,0
Nike Book 1,Nike Book 1,2025-02-28,Devin Booker,36,17,0,9,1,0
Nike Book 1,Nike Book 1,2025-02-28,Andrew Nembhard,37,9,3,11,1,2
Nike Book 1,Nike Book 1 Haven,2025-02-28,Mouhamed Gueye,9,2,1,0,0,2
Nike Book 1,Nike Book 1 Hike,2025-02-28,Kenrich Williams,18,5,4,5,0,0
Nike Book 1,Nike Book 1 Sedona,2025-02-28,Mitchell Robinson,12,6,5,1,0,0
Nike Book 1,Nike Book 1 Sedona,2025-02-28,Miles McBride,28,17,4,3,2,0
Nike Book 1,Nike Book 1 Rattlesnake,2025-02-27,Nikola Mirotic,28,22,4,2,0,0
Nike Book 1,Nike Book 1 Flagstaff,2025-02-27,Giampaolo Ricci,13,3,1,0,1,1
Nike Book 1,Nike Book 1 Halloween,2025-02-27,Dame Sarr,0,0,0,0,0,0
Nike Book 1,Nike Book 1 The Nightmare Before Christmas,2025-02-27,Roman Sorkin,28,21,5,2,0,1
Nike Book 1,Nike Book 1 Rattlesnake,2025-02-27,Youssoupha Fall,17,0,2,0,0,0
Nike Book 1,Nike Book 1 Sunrise,2025-02-27,TJ Shorts,27,27,3,3,0,0
Nike Book 1,Nike Book 1 Sunset,2025-02-27,Nadir Hifi,18,8,3,0,1,0
Nike Book 1,Nike Book 1 Sunrise,2025-02-27,Mikael Jantunen,22,9,3,0,0,0
Nike Book 1,Nike Book 1,2025-02-27,Devin Booker,41,36,7,9,1,0
Nike Book 1,Nike Book 1 Rattlesnake,2025-02-27,Franz Wagner,38,27,2,4,3,0
Nike Book 1,Nike Book 1 Sedona,2025-02-26,Devin Vassell,23,9,5,3,0,0
Nike Book 1,Nike Book 1 Haven,2025-02-26,Mouhamed Gueye,11,5,1,0,0,0
Nike Book 1,Nike Book 1 Sedona,2025-02-26,Miles McBride,17,6,2,1,0,1
Nike Book 1,Nike Book 1 Rattlesnake,2025-02-26,Ben Sheppard,29,4,5,3,0,1
Nike Book 1,Nike Book 1 Forrest Gump Cortez,2025-02-26,Andrew Nembhard,27,7,0,3,1,0
Nike Book 1,Nike Book 1 Sunrise,2025-02-25,KJ Simpson,35,16,6,2,2,0
Nike Book 1,Nike Book 1 Haven,2025-02-25,P.J. Washington,34,0,10,5,1,4
Nike Book 1,Nike Book 1,2025-02-25,Devin Booker,34,28,3,10,0,0
Nike Book 1,Nike Book 1 Rattlesnake,2025-02-25,JD Davison,3,0,1,1,1,0
Nike Book 1,Nike Book 1,2025-02-25,Franz Wagner,34,19,5,4,1,1
Nike Book 1,Nike Book 1 Forrest Gump Cortez,2025-02-25,Jaylon Tyson,8,4,2,1,0,0
Nike Book 1,Nike Book 1 The Nightmare Before Christmas,2025-02-25,Ty Jerome,21,20,2,2,1,0
Nike Book 1,Nike Book 1 Sedona,2025-02-25,Devin Vassell,32,20,5,3,1,0
Nike Book 1,Nike Book 1 Haven,2025-02-24,Mouhamed Gueye,15,9,3,3,0,1
Nike Book 1,Nike Book 1,2025-02-24,Andrew Nembhard,27,6,2,5,1,0
Nike Book 1,Nike Book 1 Sedona,2025-02-23,Miles McBride,27,2,2,2,1,1
Nike Book 1,Nike Book 1 Haven,2025-02-23,P.J. Washington,28,17,4,3,1,0
Nike Book 1,Nike Book 1,2025-02-23,Ben Sheppard,17,2,4,0,0,0
Nike Book 1,Nike Book 1,2025-02-23,Andrew Nembhard,29,12,5,1,1,0
Nike Book 1,Nike Book 1,2025-02-23,Devin Booker,37,31,4,8,2,1
Nike Book 1,Nike Book 1 Hike,2025-02-23,Kenrich Williams,3,2,0,1,0,0
Nike Book 1,Nike Book 1 Sedona,2025-02-23,Devin Vassell,24,5,3,1,1,0
Nike Book 1,Nike Book 1 The Nightmare Before Christmas,2025-02-23,Ty Jerome,22,26,5,4,2,0
Nike Book 1,Nike Book 1 Haven,2025-02-23,Mouhamed Gueye,12,2,2,0,0,0
Nike Book 1,Nike Book 1 Forrest Gump Cortez,2025-02-23,Gary Harris,12,0,2,1,0,0
Nike Book 1,Nike Book 1,2025-02-23,Franz Wagner,30,23,7,5,2,0
Nike Book 1,Nike Book 1 Rattlesnake,2025-02-23,Cory Joseph,6,0,0,0,0,0
Nike Book 1,Nike Book 1,2025-02-22,Alex Len,3,0,1,0,0,0
Nike Book 1,Nike Book 1,2025-02-22,Devin Booker,37,29,4,8,2,0
Nike Book 1,Nike Book 1,2025-02-21,Gary Harris,12,7,1,0,1,0
Nike Book 1,Nike Book 1,2025-02-21,Franz Wagner,38,25,6,3,1,2
Nike Book 1,Nike Book 1 Flagstaff,2025-02-21,Max Strus,21,5,2,8,1,0
Nike Book 1,Nike Book 1 Sunset,2025-02-21,Jaylon Tyson,7,4,0,3,1,0
Nike Book 1,Nike Book 1 The Nightmare Before Christmas,2025-02-21,Ty Jerome,18,19,3,2,2,0
Nike Book 1,Nike Book 1 Sedona,2025-02-21,Miles McBride,20,5,3,0,0,0
Nike Book 1,Nike Book 1 Hike,2025-02-21,Kenrich Williams,9,6,1,0,0,0
Nike Book 1,Nike Book 1,2025-02-21,Alex Ducas,2,0,0,0,0,0
Nike Book 1,Nike Book 1 Sedona,2025-02-21,Devin Vassell,23,6,1,0,1,1
Nike Book 1,Nike Book 1 Haven,2025-02-21,P.J. Washington,36,24,7,3,2,1
Nike Book 1,Nike Book 1 Black Label,2025-02-20,Devin Booker,40,17,2,8,1,1
Nike Book 1,Nike Book 1 Flagstaff,2025-02-20,Devin Vassell,32,13,2,0,3,1
Nike Book 1,Nike Book 1 Haven,2025-02-20,Gary Harris,15,0,2,0,0,1
Nike Book 1,Nike Book 1,2025-02-20,Franz Wagner,33,25,7,5,0,0
Nike Book 1,Nike Book 1 Haven,2025-02-20,Mouhamed Gueye,14,2,2,0,0,1
Nike Book 1,Nike Book 1,2025-02-20,Ben Sheppard,14,7,1,0,0,0
Nike Book 1,Nike Book 1,2025-02-20,Andrew Nembhard,29,11,3,4,2,0
Nike Book 1,Nike Book 1 Sedona,2025-02-20,Miles McBride,42,23,6,3,3,3
Nike Book 1,Nike Book 1 Forrest Gump Cortez,2025-02-20,Jaylon Tyson,3,0,0,0,0,0
Nike Book 1,Nike Book 1 Forrest Gump Cortez,2025-02-20,Max Strus,24,5,2,1,0,0
Nike Book 1,Nike Book 1 The Nightmare Before Christmas,2025-02-20,Ty Jerome,17,6,1,3,1,0
Nike Book 1,Nike Book 1,2025-02-19,Alex Len,10,0,1,0,0,0
Nike Book 1,Nike Book 1 Hike,2025-02-13,Kenrich Williams,19,9,3,1,1,0
Nike Book 1,Nike Book 1 Sunrise,2025-02-12,Cam Christie,2,5,0,0,0,0
Nike Book 1,Nike Book 1,2025-02-12,Alex Len,21,4,7,2,0,1
Nike Book 1,Nike Book 1 Sunset,2025-02-12,Nick Richards,27,11,13,0,0,2
Nike Book 1,Nike Book 1,2025-02-12,Andrew Nembhard,28,9,3,4,0,0
Nike Book 1,Nike Book 1,2025-02-12,Ben Sheppard,23,4,2,1,2,0
Nike Book 1,Nike Book 1 Rattlesnake,2025-02-12,Franz Wagner,31,16,7,2,0,0
Nike Book 1,Nike Book 1 Rattlesnake,2025-02-12,Cory Joseph,2,3,0,0,0,0
Nike Book 1,Nike Book 1 Flagstaff,2025-02-12,Devin Vassell,31,8,2,3,2,0
Nike Book 1,Nike Book 1 Forrest Gump Cortez,2025-02-12,Jaylon Tyson,17,8,0,1,0,0
Nike Book 1,Nike Book 1 Flagstaff,2025-02-12,Max Strus,26,14,5,6,1,0
Nike Book 1,Nike Book 1 Sunrise,2025-02-12,Miles McBride,8,0,0,1,0,0
Nike Book 1,Nike Book 1 Haven,2025-02-12,Mouhamed Gueye,15,2,3,1,1,1
Nike Book 1,Nike Book 1 Hike,2025-02-12,Kenrich Williams,20,14,4,0,0,0
Nike Book 1,Nike Book 1 Sunset,2025-02-11,Nick Richards,16,6,4,1,0,0
Nike Book 1,Nike Book 1 Black Label,2025-02-11,Devin Booker,39,17,2,9,0,0
Nike Book 1,Nike Book 1 Sunrise,2025-02-11,Miles McBride,25,15,3,1,0,0
Nike Book 1,Nike Book 1,2025-02-11,Ben Sheppard,13,12,0,0,1,0
Nike Book 1,Nike Book 1,2025-02-11,Andrew Nembhard,29,8,1,2,3,0
Nike Book 1,Nike Book 1 The Nightmare Before Christmas,2025-02-10,Alex Ducas,6,3,2,1,1,0
Nike Book 1,Nike Book 1 Halloween,2025-02-10,Devin Vassell,30,7,3,1,0,0
Nike Book 1,Nike Book 1 Forrest Gump Cortez,2025-02-10,Gary Harris,14,0,3,4,1,0
Nike Book 1,Nike Book 1 Rattlesnake,2025-02-10,Franz Wagner,37,37,7,3,2,0
Nike Book 1,Nike Book 1 Haven,2025-02-10,Mouhamed Gueye,14,9,1,2,2,1
Nike Book 1,Nike Book 1 Forrest Gump Cortez,2025-02-10,Jaylon Tyson,13,5,5,1,0,0
Nike Book 1,Nike Book 1 The Nightmare Before Christmas,2025-02-10,Ty Jerome,24,15,2,4,1,0
Nike Book 1,Nike Book 1 Sunrise,2025-02-10,Josh Minott,4,2,3,1,0,0
Nike Book 1,Nike Book 1 Sunrise,2025-02-10,KJ Simpson,30,9,9,4,1,0
Nike Book 1,Nike Book 1 Sunrise,2025-02-08,Brandon Boston Jr.,14,11,2,0,2,1
Nike Book 1,Nike Book 1 Sunset,2025-02-08,Nick Richards,21,5,9,0,0,1
Nike Book 1,Nike Book 1,2025-02-08,Devin Booker,34,24,7,3,0,0
Nike Book 1,Nike Book 1 Sedona,2025-02-08,Damion Lee,16,11,0,0,0,0
Nike Book 1,Nike Book 1 Sunrise,2025-02-08,Miles McBride,35,8,1,1,4,0
Nike Book 1,Nike Book 1,2025-02-08,Andrew Nembhard,21,2,0,3,1,0
Nike Book 1,Nike Book 1,2025-02-08,Ben Sheppard,27,10,3,1,2,1
Nike Book 1,Nike Book 1 Rattlesnake,2025-02-08,Franz Wagner,38,33,12,5,1,0
Nike Book 1,Nike Book 1 Halloween,2025-02-08,Devin Vassell,33,25,2,3,1,0
Nike Book 1,Nike Book 1 Haven,2025-02-07,Youssoupha Fall,17,8,0,0,0,0
Nike Book 1,Nike Book 1 The Nightmare Before Christmas,2025-02-07,Roman Sorkin,24,16,6,1,1,0
Nike Book 1,Nike Book 1 Rattlesnake,2025-02-07,Tornike Shengelia,29,17,5,2,1,0
Nike Book 1,Nike Book 1 Rattlesnake,2025-02-07,Mikael Jantunen,27,13,3,0,3,0
Nike Book 1,Nike Book 1 Sunrise,2025-02-07,Nadir Hifi,21,23,3,0,1,0
Nike Book 1,Nike Book 1 Sunset,2025-02-07,Nick Richards,23,12,14,0,0,4
Nike Book 1,Nike Book 1,2025-02-07,Devin Booker,48,47,6,11,1,0
Nike Book 1,Nike Book 1 Forrest Gump Cortez,2025-02-07,Jaylon Tyson,20,7,5,3,1,0
Nike Book 1,Nike Book 1 Forrest Gump Cortez,2025-02-07,Max Strus,31,17,5,3,0,0
Nike Book 1,Nike Book 1 Sunrise,2025-02-07,KJ Simpson,19,12,3,3,0,0
Nike Book 1,Nike Book 1 Halloween,2025-02-07,Devin Vassell,34,15,4,1,1,0
Nike Book 1,Nike Book 1,2025-02-07,Chuma Okeke,2,0,1,0,0,0
Nike Book 1,Nike Book 1 The Nightmare Before Christmas,2025-02-07,Keaton Wallace,18,3,1,3,0,1
Nike Book 1,Nike Book 1 Rattlesnake,2025-02-07,Garrison Mathews,5,2,0,0,0,0
Nike Book 1,Nike Book 1 Halloween,2025-02-06,Derek Willis,7,2,0,0,1,0
Nike Book 1,Nike Book 1 Halloween,2025-02-06,Darius Thompson,27,14,0,4,0,0
Nike Book 1,Nike Book 1 Rattlesnake,2025-02-06,Ioannis Papapetrou,4,2,1,1,1,0
Nike Book 1,Nike Book 1 Python,2025-02-06,Cedi Osman,25,20,5,2,0,0
Nike Book 1,Nike Book 1,2025-02-06,Ben Sheppard,15,12,1,0,2,1
Nike Book 1,Nike Book 1,2025-02-06,Andrew Nembhard,31,4,3,2,2,0
Nike Book 1,Nike Book 1 Rattlesnake,2025-02-06,Arnas Butkevicius,30,3,2,2,2,0
Nike Book 1,Nike Book 1 Rattlesnake,2025-02-06,Ousmane Diop,5,2,0,0,1,0
Nike Book 1,Nike Book 1 Rattlesnake,2025-02-06,Franz Wagner,29,14,4,4,2,1
Nike Book 1,Nike Book 1 Sedona,2025-02-05,TJ Shorts,26,15,4,9,2,0
Nike Book 1,Nike Book 1 Sunset,2025-02-05,Nadir Hifi,22,19,3,1,0,0
Nike Book 1,Nike Book 1 The Nightmare Before Christmas,2025-02-05,Roman Sorkin,27,12,6,0,2,0
Nike Book 1,Nike Book 1 Rattlesnake,2025-02-05,Youssoupha Fall,16,5,6,0,0,0
Nike Book 1,Nike Book 1 Sunrise,2025-02-05,Mikael Jantunen,20,5,4,0,0,0
Nike Book 1,Nike Book 1 Halloween,2025-02-05,Dame Sarr,3,0,0,0,0,0
Nike Book 1,Nike Book 1 Rattlesnake,2025-02-05,Franz Wagner,26,31,5,3,0,0
Nike Book 1,Nike Book 1 Rattlesnake,2025-02-05,Cory Joseph,4,0,0,0,0,0
Nike Book 1,Nike Book 1 Sunset,2025-02-05,Alex Len,2,0,0,0,0,0
Nike Book 1,Nike Book 1,2025-02-05,Devin Booker,30,19,2,3,0,0
Nike Book 1,Nike Book 1 Rattlesnake,2025-02-05,Tornike Shengelia,30,16,5,8,2,0
Nike Book 1,Nike Book 1 Sunrise,2025-02-05,Josh Minott,0,0,1,0,0,0
Nike Book 1,Nike Book 1 Rattlesnake,2025-02-05,Garrison Mathews,7,0,1,1,0,0
Nike Book 1,Nike Book 1 The Nightmare Before Christmas,2025-02-05,Keaton Wallace,11,5,0,0,0,1
Nike Book 1,Nike Book 1 Halloween,2025-02-05,Devin Vassell,33,20,3,4,4,0
Nike Book 1,Nike Book 1 Forrest Gump Cortez,2025-02-05,Jaylon Tyson,8,0,2,1,0,0
Nike Book 1,Nike Book 1 Forrest Gump Cortez,2025-02-05,Max Strus,28,15,6,2,1,1
Nike Book 1,Nike Book 1 Sunrise,2025-02-05,KJ Simpson,27,15,0,3,1,0
Nike Book 1,Nike Book 1 Rattlesnake,2025-02-04,Ousmane Diop,6,0,1,0,0,0
Nike Book 1,Nike Book 1 Rattlesnake,2025-02-04,Freddie Gillespie,13,0,1,0,0,1
Nike Book 1,Nike Book 1 Rattlesnake,2025-02-04,Ioannis Papapetrou,11,2,1,0,0,0
Nike Book 1,Nike Book 1 Python,2025-02-04,Cedi Osman,29,9,7,0,0,0
Nike Book 1,Nike Book 1 Forrest Gump Cortez,2025-02-04,Erkan Yilmaz,4,0,1,1,0,0
Nike Book 1,Nike Book 1 Halloween,2025-02-04,Darius Thompson,33,12,3,5,0,0
Nike Book 1,Nike Book 1 The Nightmare Before Christmas,2025-02-04,Enrique Freeman,3,0,1,1,0,0
Nike Book 1,Nike Book 1,2025-02-04,Ben Sheppard,20,9,4,2,1,1
Nike Book 1,Nike Book 1 Hike,2025-02-04,Andrew Nembhard,27,17,6,2,2,1
Nike Book 1,Nike Book 1 Sunrise,2025-02-04,Miles McBride,20,4,0,1,2,0
Nike Book 1,Nike Book 1 Python,2025-02-04,Max Strus,28,2,6,1,1,0
Nike Book 1,Nike Book 1 Rattlesnake,2025-02-03,Franz Wagner,36,21,3,5,2,0
Nike Book 1,Nike Book 1 Chapter One (Numbered),2025-02-03,Devin Booker,46,34,3,4,0,0
Nike Book 1,Nike Book 1,2025-02-03,Ben Sheppard,18,5,3,4,1,0
Nike Book 1,Nike Book 1 Hike,2025-02-03,Andrew Nembhard,29,10,3,8,2,0
Nike Book 1,Nike Book 1 Halloween,2025-02-03,Devin Vassell,33,11,3,3,1,0
Nike Book 1,Nike Book 1 Rattlesnake,2025-02-03,Garrison Mathews,11,3,4,0,1,0
Nike Book 1,Nike Book 1 Rattlesnake,2025-02-03,Keaton Wallace,13,2,0,4,0,0
Nike Book 1,Nike Book 1 Sunrise,2025-02-03,Miles McBride,25,7,1,1,1,0
Nike Book 1,Nike Book 1 Forrest Gump Cortez,2025-02-02,Max Strus,19,9,3,4,1,1
Nike Book 1,Nike Book 1 Forrest Gump Cortez,2025-02-02,Jaylon Tyson,18,8,4,2,0,0
Nike Book 1,Nike Book 1 Safari,2025-02-01,Devin Booker,34,37,4,5,0,0
Nike Book 1,Nike Book 1 Sunrise,2025-02-01,Miles McBride,22,12,3,1,1,0
Nike Book 1,Nike Book 1 Halloween,2025-02-01,Devin Vassell,35,18,3,1,0,0
Nike Book 1,Nike Book 1 Rattlesnake,2025-02-01,Franz Wagner,33,37,6,1,1,1
Nike Book 1,Nike Book 1,2025-02-01,Ben Sheppard,19,6,5,4,0,0
Nike Book 1,Nike Book 1 Hike,2025-02-01,Andrew Nembhard,30,19,1,5,2,0
Nike Book 1,Nike Book 1 Rattlesnake,2025-02-01,Garrison Mathews,19,14,3,0,0,0
Nike Book 1,Nike Book 1 Rattlesnake,2025-02-01,Keaton Wallace,13,4,2,2,1,0
Nike Book 1,Nike Book 1 Sunrise,2025-02-01,KJ Simpson,27,8,6,8,0,0
Nike Book 1,Nike Book 1 Rattlesnake,2025-01-31,Erkan Yilmaz,0,0,0,0,0,0
Nike Book 1,Nike Book 1 Halloween,2025-01-31,Derek Willis,5,0,1,1,1,0
Nike Book 1,Nike Book 1 Halloween,2025-01-31,Darius Thompson,17,8,0,2,0,0
Nike Book 1,Nike Book 1 Sedona,2025-01-31,Tyrique Jones,13,8,6,1,0,1
Nike Book 1,Nike Book 1 Rattlesnake,2025-01-31,Melih Mahmutoglu,2,3,0,0,0,0
Nike Book 1,Nike Book 1 Rattlesnake,2025-01-31,Tornike Shengelia,29,35,5,3,0,0
Nike Book 1,Nike Book 1 Sunrise,2025-01-31,KJ Simpson,24,9,1,5,1,0
Nike Book 1,Nike Book 1 Halloween,2025-01-31,Garrett Temple,2,2,0,2,0,0
Nike Book 1,Nike Book 1 Safari,2025-01-31,Devin Booker,34,31,5,11,1,0
Nike Book 1,Nike Book 1 Sedona,2025-01-31,Brandon Boston Jr.,29,10,5,2,0,0
Nike Book 1,Nike Book 1 The Nightmare Before Christmas,2025-01-31,Devin Vassell,27,12,2,3,0,1
Nike Book 1,Nike Book 1,2025-01-30,TJ Shorts,24,13,3,6,0,0
Nike Book 1,Nike Book 1 Sunset,2025-01-30,Nadir Hifi,21,14,3,3,1,0
Nike Book 1,Nike Book 1 Rattlesnake,2025-01-30,Ioannis Papapetrou,3,0,0,0,0,0
Nike Book 1,Nike Book 1 Python,2025-01-30,Cedi Osman,25,12,3,3,0,0
Nike Book 1,Nike Book 1 Halloween,2025-01-30,Dame Sarr,1,0,0,0,0,0
Nike Book 1,Nike Book 1 Sunrise,2025-01-30,Mikael Jantunen,24,6,2,1,0,0
Nike Book 1,Nike Book 1 Sunset,2025-01-30,Khalifa Diop,14,2,1,0,0,0
Nike Book 1,Nike Book 1 Rattlesnake,2025-01-30,Youssoupha Fall,9,0,2,0,0,0
Nike Book 1,Nike Book 1 Haven,2025-01-30,Franz Wagner,31,24,3,3,0,0
Nike Book 1,Nike Book 1 Rattlesnake,2025-01-30,William Rayman,11,7,2,0,0,0
Nike Book 1,Nike Book 1 The Nightmare Before Christmas,2025-01-30,Roman Sorkin,25,14,5,1,1,1
Nike Book 1,Nike Book 1 Python,2025-01-30,Max Strus,20,11,5,3,1,0
Nike Book 1,Nike Book 1 Python,2025-01-30,Jaylon Tyson,16,15,5,0,0,1
Nike Book 1,Nike Book 1 Rattlesnake,2025-01-30,Garrison Mathews,17,6,5,0,0,0
Nike Book 1,Nike Book 1 Rattlesnake,2025-01-30,Keaton Wallace,16,2,0,3,1,0
Nike Book 1,Nike Book 1 Rattlesnake,2025-01-30,Mouhamed Gueye,15,8,2,1,3,1
Nike Book 1,Nike Book 1 Safari,2025-01-29,Devin Booker,40,28,4,8,0,0
Nike Book 1,Nike Book 1 Sedona,2025-01-29,Brandon Boston Jr.,20,12,1,0,4,0
Nike Book 1,Nike Book 1 Halloween,2025-01-29,Devin Vassell,32,19,3,3,0,0
Nike Book 1,Nike Book 1 Python,2025-01-29,Jaylon Tyson,29,4,5,4,0,0
Nike Book 1,Nike Book 1 Halloween,2025-01-29,Max Strus,33,8,3,6,3,0
Nike Book 1,Nike Book 1 Halloween,2025-01-29,Garrett Temple,6,0,0,0,1,0
Nike Book 1,Nike Book 1,2025-01-29,Ben Sheppard,32,12,2,4,1,0
Nike Book 1,Nike Book 1,2025-01-29,Alex Len,4,0,0,1,0,0
Nike Book 1,Nike Book 1 Sunrise,2025-01-29,Miles McBride,21,12,2,4,0,0
Nike Book 1,Nike Book 1 Sunset,2025-01-28,Keyonte George,32,12,6,6,0,0
Nike Book 1,Nike Book 1 Rattlesnake,2025-01-28,Mouhamed Gueye,22,11,7,0,0,1
Nike Book 1,Nike Book 1 Rattlesnake,2025-01-28,Keaton Wallace,21,7,1,0,1,0
Nike Book 1,Nike Book 1 Rattlesnake,2025-01-28,Garrison Mathews,12,3,1,0,0,0
Nike Book 1,Nike Book 1 Safari,2025-01-27,Devin Booker,39,26,7,8,1,0
Nike Book 1,Nike Book 1 Sunset,2025-01-27,Keyonte George,31,15,4,5,1,0
Nike Book 1,Nike Book 1 Rattlesnake,2025-01-27,Keaton Wallace,34,13,3,7,2,0
Nike Book 1,Nike Book 1 Rattlesnake,2025-01-27,Garrison Mathews,25,6,1,1,1,1
Nike Book 1,Nike Book 1 Rattlesnake,2025-01-27,Max Strus,26,10,8,2,1,1
Nike Book 1,Nike Book 1 Python,2025-01-27,Jaylon Tyson,13,5,2,2,0,0
Nike Book 1,Nike Book 1 Sunrise,2025-01-27,Miles McBride,23,14,4,4,3,1
Nike Book 1,Nike Book 1,2025-01-27,Franz Wagner,39,29,8,3,0,0
Nike Book 1,Nike Book 1 Sunset,2025-01-27,Alex Len,4,0,1,0,0,0
Nike Book 1,Nike Book 1,2025-01-25,Devin Booker,39,18,6,7,1,1
Nike Book 1,Nike Book 1 Hike,2025-01-25,Keyonte George,32,8,3,7,0,0
Nike Book 1,Nike Book 1 Sedona,2025-01-25,Garrett Temple,2,0,0,0,0,1
Nike Book 1,Nike Book 1 Rattlesnake,2025-01-25,Garrison Mathews,25,3,4,2,1,0
Nike Book 1,Nike Book 1 Sedona,2025-01-25,Devin Vassell,32,6,4,2,1,2
Nike Book 1,Nike Book 1 Python,2025-01-25,Max Strus,34,14,9,3,0,0
Nike Book 1,Nike Book 1,2025-01-25,Andrew Nembhard,31,15,8,9,3,0
Nike Book 1,Nike Book 1,2025-01-25,Franz Wagner,30,32,4,7,0,0
Nike Book 1,Nike Book 1 Sunset,2025-01-25,Alex Len,3,0,1,0,0,0
Nike Book 1,Nike Book 1 Sunrise,2025-01-25,Miles McBride,16,4,1,1,0,0
Nike Book 1,Nike Book 1 Rattlesnake,2025-01-24,Nick Weiler-Babb,26,8,6,4,2,1
Nike Book 1,Nike Book 1 Rattlesnake,2025-01-24,Youssoupha Fall,5,3,2,0,0,0
Nike Book 1,Nike Book 1 Sedona,2025-01-24,Jaylon Tyson,13,3,2,0,0,1
Nike Book 1,Nike Book 1 The Nightmare Before Christmas,2025-01-24,Max Strus,27,6,7,2,1,2
Nike Book 1,Nike Book 1 Sunset,2025-01-23,Khalifa Diop,12,2,2,1,1,1
Nike Book 1,Nike Book 1 Rattlesnake,2025-01-23,Ioannis Papapetrou,4,5,0,0,0,0
Nike Book 1,Nike Book 1 Python,2025-01-23,Cedi Osman,22,6,1,2,0,0
Nike Book 1,Nike Book 1 Sunrise,2025-01-23,Cam Christie,3,0,1,1,0,0
Nike Book 1,Nike Book 1 Rattlesnake,2025-01-23,Giampaolo Ricci,18,8,0,0,0,0
Nike Book 1,Nike Book 1 Haven,2025-01-23,Darius Thompson,23,5,0,3,0,0
Nike Book 1,Nike Book 1 Rattlesnake,2025-01-23,William Rayman,6,0,1,0,0,0
Nike Book 1,Nike Book 1 The Nightmare Before Christmas,2025-01-23,Roman Sorkin,18,12,1,1,0,1
Nike Book 1,Nike Book 1,2025-01-23,Andrew Nembhard,26,8,4,8,3,0
Nike Book 1,Nike Book 1 Sedona,2025-01-23,Devin Vassell,30,25,3,4,2,2
Nike Book 1,Nike Book 1,2025-01-23,Franz Wagner,24,20,4,0,0,1
Nike Book 1,Nike Book 1 Rattlesnake,2025-01-23,Cory Joseph,13,2,2,0,2,0
Nike Book 1,Nike Book 1 Rattlesnake,2025-01-23,Garrison Mathews,11,0,3,1,0,0
Nike Book 1,Nike Book 1 Rattlesnake,2025-01-22,Mikael Jantunen,27,4,4,0,0,1
Nike Book 1,Nike Book 1 Sunrise,2025-01-22,Enzo Shahrvin,2,2,1,0,0,0
Nike Book 1,Nike Book 1 Sunset,2025-01-22,Tyrique Jones,27,7,5,2,2,0
Nike Book 1,Nike Book 1 Sunrise,2025-01-22,Cam Christie,5,0,1,1,0,0
Nike Book 1,Nike Book 1 Sunset,2025-01-22,Alex Len,6,0,1,1,0,0
Nike Book 1,Nike Book 1 Sedona,2025-01-22,Jaylon Tyson,5,0,1,0,1,0
Nike Book 1,Nike Book 1 Python,2025-01-22,Max Strus,22,5,1,5,1,0
Nike Book 1,Nike Book 1 Sunset,2025-01-22,Devin Booker,36,32,2,6,2,0
Nike Book 1,Nike Book 1 Rattlesnake,2025-01-22,Garrison Mathews,9,8,2,0,0,0
Nike Book 1,Nike Book 1 Sunset,2025-01-22,Keyonte George,32,15,5,10,1,0
Nike Book 1,Nike Book 1 Halloween,2025-01-21,Garrett Temple,1,0,0,0,0,0
Nike Book 1,Nike Book 1 The Nightmare Before Christmas,2025-01-21,Cory Joseph,12,3,0,1,0,0
Nike Book 1,Nike Book 1 Sunrise,2025-01-21,Miles McBride,18,7,1,1,0,0
Nike Book 1,Nike Book 1 Haven,2025-01-20,Keyonte George,38,23,4,7,1,0
Nike Book 1,Nike Book 1,2025-01-20,Devin Booker,31,15,3,4,0,1
Nike Book 1,Nike Book 1 Rattlesnake,2025-01-20,Max Strus,20,9,2,2,1,0
Nike Book 1,Nike Book 1 Sedona,2025-01-20,Jaylon Tyson,15,10,5,2,1,0
Nike Book 1,Nike Book 1 Sunrise,2025-01-20,Miles McBride,20,9,3,3,1,0
Nike Book 1,Nike Book 1 Rattlesnake,2025-01-20,Garrison Mathews,12,2,0,3,1,0
Nike Book 1,Nike Book 1 Halloween,2025-01-19,Cam Christie,0,1,0,0,0,0
Nike Book 1,Nike Book 1 Sunset,2025-01-19,Alex Len,16,4,4,2,2,0
Nike Book 1,Nike Book 1 Sedona,2025-01-19,Devin Vassell,34,23,3,2,1,2
Nike Book 1,Nike Book 1 The Nightmare Before Christmas,2025-01-19,Cory Joseph,2,3,0,0,0,0
Nike Book 1,Nike Book 1 Sunset,2025-01-19,Day'Ron Sharpe,18,9,7,2,0,0
Nike Book 1,Nike Book 1 Python,2025-01-18,Max Strus,27,5,6,3,0,0
Nike Book 1,Nike Book 1,2025-01-18,Devin Booker,42,35,5,3,1,0
Nike Book 1,Nike Book 1,2025-01-18,Andrew Nembhard,28,7,1,3,0,0
Nike Book 1,Nike Book 1 Rattlesnake,2025-01-18,Garrison Mathews,14,2,1,1,2,0
Nike Book 1,Nike Book 1 Rattlesnake,2025-01-17,Nick Weiler-Babb,22,2,2,9,0,0
Nike Book 1,Nike Book 1 Halloween,2025-01-17,Ioannis Papapetrou,15,4,3,0,0,0
Nike Book 1,Nike Book 1 Python,2025-01-17,Cedi Osman,19,16,2,1,0,0
Nike Book 1,Nike Book 1,2025-01-17,Derek Willis,12,3,3,1,0,0
Nike Book 1,Nike Book 1 Haven,2025-01-17,Darius Thompson,28,10,3,6,1,0
Nike Book 1,Nike Book 1 Rattlesnake,2025-01-17,Youssoupha Fall,15,13,1,0,0,2
Nike Book 1,Nike Book 1 Haven,2025-01-17,Elie Okobo,20,6,0,2,0,0
Nike Book 1,Nike Book 1 Rattlesnake,2025-01-17,Khalifa Diop,9,2,3,0,0,0
Nike Book 1,Nike Book 1 The Nightmare Before Christmas,2025-01-17,Cory Joseph,5,0,0,0,0,0
Nike Book 1,Nike Book 1 Sunrise,2025-01-17,Miles McBride,19,4,0,0,1,0
Nike Book 1,Nike Book 1 Sunset,2025-01-17,Day'Ron Sharpe,13,1,5,1,0,1
Nike Book 1,Nike Book 1 Sunset,2025-01-17,Keyonte George,27,26,4,3,1,1
Nike Book 1,Nike Book 1 Sedona,2025-01-17,Devin Vassell,32,21,2,5,0,0
Nike Book 1,Nike Book 1 The Nightmare Before Christmas,2025-01-17,Garrett Temple,2,2,1,0,0,0
Nike Book 1,Nike Book 1 Rattlesnake,2025-01-16,Nikola Mirotic,33,16,6,1,0,0
Nike Book 1,Nike Book 1 Rattlesnake,2025-01-16,Giampaolo Ricci,8,3,0,0,0,0
Nike Book 1,Nike Book 1 Rattlesnake,2025-01-16,Freddie Gillespie,15,2,3,2,2,0
Nike Book 1,Nike Book 1 Rattlesnake,2025-01-16,Jaylon Tyson,12,5,6,1,0,0
Nike Book 1,Nike Book 1 Sedona,2025-01-16,TJ Shorts,23,11,5,14,1,0
Nike Book 1,Nike Book 1,2025-01-16,Mikael Jantunen,23,13,6,0,0,0
Nike Book 1,Nike Book 1,2025-01-16,Enzo Shahrvin,9,0,1,0,1,0
Nike Book 1,Nike Book 1 Python,2025-01-16,Max Strus,19,3,3,1,0,0
Nike Book 1,Nike Book 1,2025-01-16,Omer Mayer,2,0,0,0,0,0
Nike Book 1,Nike Book 1,2025-01-16,Roman Sorkin,14,10,1,0,0,0
Nike Book 1,Nike Book 1 Rattlesnake,2025-01-16,William Rayman,10,2,3,0,0,0
Nike Book 1,Nike Book 1,2025-01-16,Devin Booker,38,37,3,5,2,1
Nike Book 1,Nike Book 1,2025-01-16,Andrew Nembhard,41,12,4,6,3,0
Nike Book 1,Nike Book 1 Rattlesnake,2025-01-16,Ben Sheppard,16,2,0,0,1,0
Nike Book 1,Nike Book 1 Sedona,2025-01-15,Elie Okobo,15,12,3,0,1,1
Nike Book 1,Nike Book 1 Rattlesnake,2025-01-15,Nick Weiler-Babb,27,18,0,6,3,0
Nike Book 1,Nike Book 1 Halloween,2025-01-15,Ioannis Papapetrou,1,0,0,0,1,0
Nike Book 1,Nike Book 1 Python,2025-01-15,Cedi Osman,34,14,5,0,2,0
Nike Book 1,Nike Book 1 Rattlesnake,2025-01-15,Youssoupha Fall,11,6,2,0,1,0
Nike Book 1,Nike Book 1 Halloween,2025-01-15,Day'Ron Sharpe,28,12,14,3,1,1
Nike Book 1,Nike Book 1 Haven,2025-01-15,Keyonte George,30,26,4,6,2,0
Nike Book 1,Nike Book 1 Sunrise,2025-01-15,Miles McBride,21,13,3,3,1,0
Nike Book 1,Nike Book 1 Rattlesnake,2025-01-15,Keaton Wallace,38,27,6,6,4,0
Nike Book 1,Nike Book 1 Rattlesnake,2025-01-15,Garrison Mathews,21,3,1,2,0,0
Nike Book 1,Nike Book 1 EYBL Nationals,2025-01-15,Devin Vassell,33,21,5,3,2,0
Nike Book 1,Nike Book 1 The Nightmare Before Christmas,2025-01-15,Cory Joseph,11,0,0,1,1,0
Nike Book 1,Nike Book 1 Rattlesnake,2025-01-14,Nikola Mirotic,22,21,5,1,2,1
Nike Book 1,Nike Book 1,2025-01-14,Roman Sorkin,19,17,2,0,0,0
Nike Book 1,Nike Book 1 Rattlesnake,2025-01-14,Giampaolo Ricci,16,4,4,0,0,1
Nike Book 1,Nike Book 1 Rattlesnake,2025-01-14,Freddie Gillespie,22,9,6,1,1,1
Nike Book 1,Nike Book 1 Rattlesnake,2025-01-14,Khalifa Diop,12,2,2,0,1,1
Nike Book 1,Nike Book 1 Halloween,2025-01-14,Day'Ron Sharpe,17,8,7,1,1,0
Nike Book 1,Nike Book 1,2025-01-14,Derek Willis,18,4,4,0,0,0
Nike Book 1,Nike Book 1,2025-01-14,Darius Thompson,24,12,3,1,2,2
Nike Book 1,Nike Book 1,2025-01-14,TJ Shorts,26,17,4,8,1,0
Nike Book 1,Nike Book 1,2025-01-14,Mikael Jantunen,25,10,2,0,0,0
Nike Book 1,Nike Book 1 Rattlesnake,2025-01-14,Ben Sheppard,32,7,3,2,1,1
Nike Book 1,Nike Book 1 Hike,2025-01-14,Andrew Nembhard,32,10,4,9,3,0
Nike Book 1,Nike Book 1 Rattlesnake,2025-01-14,Jaylon Tyson,1,0,0,0,0,0
Nike Book 1,Nike Book 1 The Nightmare Before Christmas,2025-01-14,Max Strus,21,13,4,4,1,1
Nike Book 1,Nike Book 1 Rattlesnake,2025-01-14,Garrison Mathews,26,19,3,1,0,0
Nike Book 1,Nike Book 1 Sunrise,2025-01-14,Zaccharie Risacher,17,2,4,0,0,0
Nike Book 1,Nike Book 1 Sunset,2025-01-14,Devin Booker,37,35,5,5,3,0
Nike Book 1,Nike Book 1 Sunset,2025-01-14,Alex Len,9,2,2,1,1,2
Nike Book 1,Nike Book 1 EYBL Nationals,2025-01-13,Devin Vassell,33,23,6,4,2,0
Nike Book 1,Nike Book 1 Sunrise,2025-01-13,Miles McBride,16,3,1,2,0,0
Nike Book 1,Nike Book 1 The Nightmare Before Christmas,2025-01-13,Kelly Olynyk,10,2,2,2,0,1
Nike Book 1,Nike Book 1,2025-01-12,Devin Booker,38,30,5,8,3,0
Nike Book 1,Nike Book 1 Halloween,2025-01-12,Day'Ron Sharpe,16,12,4,0,0,0
Nike Book 1,Nike Book 1 Sunrise,2025-01-12,Miles McBride,19,6,0,2,0,0
Nike Book 1,Nike Book 1 Rattlesnake,2025-01-12,Ben Sheppard,22,5,2,3,2,0
Nike Book 1,Nike Book 1 Hike,2025-01-12,Andrew Nembhard,28,19,2,4,2,0
Nike Book 1,Nike Book 1,2025-01-12,Max Strus,22,3,4,1,0,0
Nike Book 1,Nike Book 1 Rattlesnake,2025-01-12,Jaylon Tyson,2,0,0,1,0,0
Nike Book 1,Nike Book 1 The Nightmare Before Christmas,2025-01-12,Cory Joseph,16,3,1,1,1,1
Nike Book 1,Nike Book 1,2025-01-11,Devin Booker,36,34,5,4,2,0
Nike Book 1,Nike Book 1 The Nightmare Before Christmas,2025-01-10,Stanley Johnson,5,1,1,0,1,0
Nike Book 1,Nike Book 1,2025-01-10,Darius Thompson,31,7,2,6,0,0
Nike Book 1,Nike Book 1 Rattlesnake,2025-01-10,Ben Sheppard,20,5,2,0,0,0
Nike Book 1,Nike Book 1,2025-01-10,Andrew Nembhard,29,4,4,5,1,0
Nike Book 1,Nike Book 1 Sunrise,2025-01-10,Mikael Jantunen,25,2,7,0,0,1
Nike Book 1,Nike Book 1 Sunrise,2025-01-10,Enzo Shahrvin,5,0,1,1,0,0
Nike Book 1,Nike Book 1 Rattlesnake,2025-01-10,Khalifa Diop,4,0,0,0,0,0
Nike Book 1,Nike Book 1 Halloween,2025-01-10,Day'Ron Sharpe,19,7,5,3,0,0
Nike Book 1,Nike Book 1 Sunrise,2025-01-10,Miles McBride,19,7,5,5,0,0
Nike Book 1,Nike Book 1 Rattlesnake,2025-01-09,Nikola Mirotic,22,17,4,3,1,0
Nike Book 1,Nike Book 1 Rattlesnake,2025-01-09,Giampaolo Ricci,18,8,3,0,1,0
Nike Book 1,Nike Book 1 Rattlesnake,2025-01-09,Freddie Gillespie,16,2,5,2,1,1
Nike Book 1,Nike Book 1 Rattlesnake,2025-01-09,William Rayman,7,3,1,0,0,0
Nike Book 1,Nike Book 1,2025-01-09,Ioannis Papapetrou,7,0,1,1,0,0
Nike Book 1,Nike Book 1 Python,2025-01-09,Cedi Osman,27,18,3,1,0,0
Nike Book 1,Nike Book 1 Rattlesnake,2025-01-09,Garrison Mathews,10,6,0,1,0,0
Nike Book 1,Nike Book 1,2025-01-09,Devin Booker,40,20,3,12,1,0
Nike Book 1,Nike Book 1 Sunrise,2025-01-09,Zaccharie Risacher,19,5,2,0,1,0
Nike Book 1,Nike Book 1,2025-01-09,Nigel Hayes-Davis,33,14,6,3,1,0
Nike Book 1,Nike Book 1 Rattlesnake,2025-01-09,Melih Mahmutoglu,6,0,0,0,0,0
Nike Book 1,Nike Book 1,2025-01-09,Youssoupha Fall,12,6,4,0,0,0
Nike Book 1,Nike Book 1 The Nightmare Before Christmas,2025-01-09,Cory Joseph,5,1,0,2,0,0
Nike Book 1,Nike Book 1 Python,2025-01-09,Max Strus,24,12,2,3,1,0
Nike Book 1,Nike Book 1 The Nightmare Before Christmas,2025-01-08,Devin Vassell,32,11,9,2,1,0
Nike Book 1,Nike Book 1 Sunset,2025-01-08,Trey Alexander,4,0,1,2,0,0
Nike Book 1,Nike Book 1 Rattlesnake,2025-01-08,Ben Sheppard,20,7,7,0,0,0
Nike Book 1,Nike Book 1,2025-01-08,Andrew Nembhard,31,14,6,5,2,0
Nike Book 1,Nike Book 1 The Nightmare Before Christmas,2025-01-08,Max Strus,26,17,3,5,0,0
Nike Book 1,Nike Book 1 Rattlesnake,2025-01-07,Garrison Mathews,18,9,6,1,2,1
Nike Book 1,Nike Book 1 Sunrise,2025-01-07,Zaccharie Risacher,23,14,6,0,0,0
Nike Book 1,Nike Book 1,2025-01-07,Devin Booker,38,39,6,10,0,0
Nike Book 1,Nike Book 1 Rattlesnake,2025-01-07,Jusuf Nurkic,18,8,3,3,1,1
Nike Book 1,Nike Book 1,2025-01-06,Alex Len,2,0,2,0,0,0
Nike Book 1,Nike Book 1,2025-01-06,Devin Vassell,33,11,4,5,2,3
Nike Book 1,Nike Book 1,2025-01-06,Ben Sheppard,19,0,2,1,0,0
Nike Book 1,Nike Book 1,2025-01-06,Andrew Nembhard,31,8,5,3,2,0
Nike Book 1,Nike Book 1,2025-01-06,Day'Ron Sharpe,22,16,13,5,0,0
Nike Book 1,Nike Book 1,2025-01-06,Devin Booker,37,10,4,10,2,0
Nike Book 1,Nike Book 1,2025-01-06,Jusuf Nurkic,14,5,7,1,0,0
Nike Book 1,Nike Book 1,2025-01-05,Max Strus,24,9,3,4,0,1
Nike Book 1,Nike Book 1,2025-01-05,Tristan da Silva,30,6,9,2,0,0
Nike Book 1,Nike Book 1,2025-01-05,Cory Joseph,15,5,0,3,0,0
Nike Book 1,Nike Book 1,2025-01-04,Day'Ron Sharpe,25,5,5,2,0,1
Nike Book 1,Nike Book 1,2025-01-04,Devin Booker,36,20,8,9,0,0
Nike Book 1,Nike Book 1,2025-01-04,Damion Lee,0,2,1,0,0,0
Nike Book 1,Nike Book 1,2025-01-04,Ben Sheppard,19,10,2,1,0,0
Nike Book 1,Nike Book 1,2025-01-04,Andrew Nembhard,30,9,3,7,1,0
Nike Book 1,Nike Book 1,2025-01-04,Devin Vassell,38,19,8,3,1,0
Nike Book 1,Nike Book 1,2025-01-04,Garrison Mathews,25,15,8,3,1,0
Nike Book 1,Nike Book 1,2025-01-04,Zaccharie Risacher,28,13,5,3,1,0
Nike Book 1,Nike Book 1,2025-01-03,Cory Joseph,16,11,0,3,0,0
Nike Book 1,Nike Book 1,2025-01-03,Ercan Osmani,14,5,4,1,0,0
Nike Book 1,Nike Book 1,2025-01-03,Darius Thompson,23,2,1,3,0,0
Nike Book 1,Nike Book 1,2025-01-03,Mikael Jantunen,24,2,4,2,1,0
Nike Book 1,Nike Book 1,2025-01-03,Kevarrius Hayes,22,6,5,0,0,0
Nike Book 1,Nike Book 1,2025-01-03,Youssoupha Fall,11,4,7,1,0,1
Nike Book 1,Nike Book 1,2025-01-03,Ioannis Papapetrou,15,5,0,2,1,0
Nike Book 1,Nike Book 1,2025-01-03,Cedi Osman,16,11,2,0,0,0
Nike Book 1,Nike Book 1,2025-01-03,Roman Sorkin,25,9,6,2,0,1
Nike Book 1,Nike Book 1,2025-01-03,William Rayman,13,0,9,0,0,0
Nike Book 1,Nike Book 1,2025-01-03,Garrison Mathews,14,0,0,0,0,1
Nike Book 1,Nike Book 1,2025-01-03,Zaccharie Risacher,25,7,3,0,1,0
Nike Book 1,Nike Book 1,2025-01-03,Devin Vassell,36,18,6,6,2,0
Nike Book 1,Nike Book 1,2025-01-03,Max Strus,24,2,6,7,0,0
Nike Book 1,Nike Book 1,2025-01-02,Elie Okobo,25,13,3,4,1,0
Nike Book 1,Nike Book 1,2025-01-02,Day'Ron Sharpe,19,6,6,4,0,0
Nike Book 1,Nike Book 1,2025-01-02,Andrew Nembhard,29,6,6,6,1,0
Nike Book 1,Nike Book 1,2025-01-02,Ben Sheppard,19,3,2,1,3,1
Nike Book 1,Nike Book 1,2025-01-02,Giampaolo Ricci,6,5,2,0,0,0
Nike Book 1,Nike Book 1,2025-01-02,Nikola Mirotic,24,18,8,3,1,0
Nike Book 1,Nike Book 1,2025-01-02,Ousmane Diop,9,5,4,0,2,0
Nike Book 1,Nike Book 1,2025-01-01,Garrison Mathews,28,9,5,3,0,1
Nike Book 1,Nike Book 1,2025-01-01,Zaccharie Risacher,31,13,3,2,0,1
Nike Book 1,Nike Book 1,2025-01-01,P.J. Washington,16,6,3,1,0,1
Nike Book 1,Nike Book 1,2025-01-01,Cory Joseph,6,0,1,0,1,0
Nike Book 1,Nike Book 1,2025-01-01,Day'Ron Sharpe,17,11,8,2,2,0
Nike Book 1,Nike Book 1,2024-12-31,Devin Booker,30,16,4,9,1,0
Nike Book 1,Nike Book 1,2024-12-31,Max Strus,26,15,3,4,0,2
Nike Book 1,Nike Book 1,2024-12-31,Ben Sheppard,18,5,7,0,1,1
Nike Book 1,Nike Book 1,2024-12-31,Andrew Nembhard,31,10,2,3,0,0
Nike Book 1,Nike Book 1,2024-12-31,Devin Vassell,26,8,3,3,3,0
Nike Book 1,Nike Book 1,2024-12-30,Max Strus,18,3,4,1,1,0
Nike Book 1,Nike Book 1,2024-12-30,P.J. Washington,38,28,4,1,1,2
Nike Book 1,Nike Book 1,2024-12-30,Miles McBride,17,8,2,6,3,0
Nike Book 1,Nike Book 1,2024-12-29,Cory Joseph,13,3,2,1,0,0
Nike Book 1,Nike Book 1,2024-12-29,Day'Ron Sharpe,16,8,6,1,1,2
Nike Book 1,Nike Book 1,2024-12-29,Garrett Temple,6,0,3,1,0,0
Nike Book 1,Nike Book 1,2024-12-29,Devin Vassell,36,22,7,4,0,0
Nike Book 1,Nike Book 1,2024-12-29,Garrison Mathews,22,11,2,6,0,2
Nike Book 1,Nike Book 1,2024-12-29,Keaton Wallace,15,9,1,2,2,0
Nike Book 1,Nike Book 1,2024-12-29,Zaccharie Risacher,26,14,7,2,2,1
Nike Book 1,Nike Book 1,2024-12-29,Andrew Nembhard,33,17,8,8,0,1
Nike Book 1,Nike Book 1,2024-12-29,Quenton Jackson,1,0,0,0,0,0
Nike Book 1,Nike Book 1,2024-12-28,Peyton Watson,22,5,1,3,2,1
Nike Book 1,Nike Book 1,2024-12-28,Keaton Wallace,13,5,2,2,1,0
Nike Book 1,Nike Book 1,2024-12-28,Garrison Mathews,27,18,2,2,1,0
Nike Book 1,Nike Book 1,2024-12-28,Zaccharie Risacher,27,9,4,1,0,0
Nike Book 1,Nike Book 1,2024-12-28,Miles McBride,19,3,0,1,0,1
Nike Book 1,Nike Book 1,2024-12-27,Max Strus,23,5,5,1,1,0
Nike Book 1,Nike Book 1,2024-12-27,Cedi Osman,17,4,4,0,1,0
Nike Book 1,Nike Book 1,2024-12-27,Nick Weiler-Babb,29,0,5,2,2,0
Nike Book 1,Nike Book 1,2024-12-27,Tarik Black,11,0,2,0,0,0
Nike Book 1,Nike Book 1,2024-12-27,Damion Lee,0,2,0,0,0,0
Nike Book 1,Nike Book 1,2024-12-27,Cory Joseph,7,0,2,0,1,0
Nike Book 1,Nike Book 1,2024-12-27,Day'Ron Sharpe,12,4,6,2,1,1
Nike Book 1,Nike Book 1,2024-12-27,Josh Minott,5,3,0,1,1,0
Nike Book 1,Nike Book 1,2024-12-27,Devin Vassell,33,10,6,5,3,1
Nike Book 1,Nike Book 1,2024-12-27,Khalifa Diop,11,1,1,0,0,0
Nike Book 1,Nike Book 1,2024-12-27,Melih Mahmutoglu,13,8,1,1,0,0
Nike Book 1,Nike Book 1,2024-12-27,Tyrique Jones,13,13,4,0,0,0
Nike Book 1,Nike Book 1,2024-12-27,Quenton Jackson,8,3,0,3,0,0
Nike Book 1,Nike Book 1,2024-12-27,Miles McBride,21,5,5,3,0,0
Nike Book 1,Nike Book 1,2024-12-26,William Rayman,12,0,4,0,0,1
Nike Book 1,Nike Book 1,2024-12-26,Roman Sorkin,21,18,3,0,1,0
Nike Book 1,Nike Book 1,2024-12-26,Nikola Mirotic,30,16,3,0,2,0
Nike Book 1,Nike Book 1,2024-12-26,Ousmane Diop,5,2,1,1,0,0
Nike Book 1,Nike Book 1,2024-12-26,Giampaolo Ricci,14,5,3,1,0,0
Nike Book 1,Nike Book 1,2024-12-26,Garrett Temple,5,0,2,1,0,0
Nike Book 1,Nike Book 1,2024-12-26,Day'Ron Sharpe,11,0,3,0,1,0
Nike Book 1,Nike Book 1,2024-12-26,Jock Landale,8,0,0,0,0,1
Nike Book 1,Nike Book 1,2024-12-26,Derek Willis,8,0,0,0,2,0
Nike Book 1,Nike Book 1,2024-12-26,Darius Thompson,25,12,3,4,1,0
Nike Book 1,Nike Book 1,2024-12-26,Elie Okobo,24,9,1,6,0,0
Nike Book 1,Nike Book 1,2024-12-26,Cody Martin,18,2,4,1,0,0
Nike Book 1,Nike Book 1,2024-12-26,Cory Joseph,7,5,0,0,1,0
Nike Book 1,Nike Book 1,2024-12-26,Andrew Nembhard,28,23,9,7,0,1
Nike Book 1,Nike Book 1,2024-12-26,Garrison Mathews,18,5,3,0,1,1
Nike Book 1,Nike Book 1,2024-12-26,Zaccharie Risacher,23,16,5,3,1,0
Nike Book 1,Nike Book 1,2024-12-25,Miles McBride,29,8,3,2,0,0
Nike Book 1,Nike Book 1,2024-12-25,Devin Vassell,35,11,3,5,0,1
Nike Book 1,Nike Book 1,2024-12-25,Josh Minott,5,2,2,0,0,1
Nike Book 1,Nike Book 1,2024-12-25,Christian Braun,28,5,5,3,0,0
Nike Book 1,Nike Book 1,2024-12-23,Devin Vassell,31,15,5,2,0,1
Nike Book 1,Nike Book 1,2024-12-23,Max Strus,21,2,6,2,0,0
Nike Book 1,Nike Book 1,2024-12-23,Nick Richards,12,6,4,0,0,0
Nike Book 1,Nike Book 1,2024-12-23,Miles McBride,25,12,4,5,2,0
Nike Book 1,Nike Book 1,2024-12-23,Dariq Whitehead,1,0,0,0,1,0
Nike Book 1,Nike Book 1,2024-12-23,Day'Ron Sharpe,15,6,7,1,0,0
Nike Book 1,Nike Book 1,2024-12-23,Josh Minott,13,4,4,3,2,0
Nike Book 1,Nike Book 1,2024-12-23,Zaccharie Risacher,19,5,0,1,0,0
Nike Book 1,Nike Book 1,2024-12-23,Keaton Wallace,1,0,0,0,0,0
Nike Book 1,Nike Book 1,2024-12-23,Garrison Mathews,25,25,2,1,2,1
Nike Book 1,Nike Book 1,2024-12-23,Jusuf Nurkic,14,4,4,4,1,0
Nike Book 1,Nike Book 1,2024-12-23,Damion Lee,6,0,0,0,0,0
Nike Book 1,Nike Book 1,2024-12-23,Christian Braun,25,4,7,4,0,0
Nike Book 1,Nike Book 1,2024-12-23,Andrew Nembhard,33,15,4,3,0,0
Nike Book 1,Nike Book 1,2024-12-22,Andrew Nembhard,18,12,1,4,1,1
Nike Book 1,Nike Book 1,2024-12-21,Cory Joseph,23,5,4,1,1,0
Nike Book 1,Nike Book 1,2024-12-21,Day'Ron Sharpe,18,6,9,0,0,1
Nike Book 1,Nike Book 1,2024-12-21,Keaton Wallace,23,5,1,4,0,0
Nike Book 1,Nike Book 1,2024-12-21,Garrison Mathews,6,6,1,0,0,0
Nike Book 1,Nike Book 1,2024-12-21,Zaccharie Risacher,22,10,2,1,0,0
Nike Book 1,Nike Book 1,2024-12-21,Miles McBride,15,2,2,1,1,0
Nike Book 1,Nike Book 1,2024-12-21,Josh Minott,2,0,0,0,0,0
Nike Book 1,Nike Book 1,2024-12-21,Jusuf Nurkic,25,10,7,6,2,0
Nike Book 1,Nike Book 1,2024-12-21,Caleb Martin,28,8,3,3,1,0
Nike Book 1,Nike Book 1,2024-12-21,Devin Vassell,23,11,4,0,2,0
Nike Book 1,Nike Book 1,2024-12-20,Darius Thompson,28,11,0,11,0,0
Nike Book 1,Nike Book 1,2024-12-20,Arnas Butkevicius,23,5,9,2,0,0
Nike Book 1,Nike Book 1,2024-12-20,Youssoupha Fall,4,4,2,0,0,0
Nike Book 1,Nike Book 1,2024-12-20,Tarik Black,21,4,3,2,2,1
Nike Book 1,Nike Book 1,2024-12-20,Max Strus,19,9,0,2,0,0
Nike Book 1,Nike Book 1,2024-12-20,Roman Sorkin,34,21,9,2,1,0
Nike Book 1,Nike Book 1,2024-12-20,Nick Weiler-Babb,28,10,6,12,2,0
Nike Book 1,Nike Book 1,2024-12-20,Ousmane Diop,2,0,0,0,0,0
Nike Book 1,Nike Book 1,2024-12-20,Nikola Mirotic,29,18,5,6,0,1
Nike Book 1,Nike Book 1,2024-12-20,William Rayman,8,3,1,0,0,0
Nike Book 1,Nike Book 1,2024-12-20,Josh Nebo,16,11,8,1,0,1
Nike Book 1,Nike Book 1,2024-12-19,Khalifa Diop,21,4,2,1,1,1
Nike Book 1,Nike Book 1,2024-12-19,Eli Ndiaye,20,4,5,0,2,0
Nike Book 1,Nike Book 1,2024-12-19,Cedi Osman,18,8,2,0,0,0
Nike Book 1,Nike Book 1,2024-12-19,Miles McBride,28,16,5,8,1,0
Nike Book 1,Nike Book 1,2024-12-19,Andrew Nembhard,33,19,1,4,1,0
Nike Book 1,Nike Book 1,2024-12-19,Jusuf Nurkic,32,12,10,2,1,0
Nike Book 1,Nike Book 1,2024-12-19,Devin Booker,25,17,2,6,1,0
Nike Book 1,Nike Book 1,2024-12-19,Nick Richards,16,8,7,1,0,0
Nike Book 1,Nike Book 1,2024-12-19,Cory Joseph,7,0,1,1,1,0
Nike Book 1,Nike Book 1,2024-12-19,Day'Ron Sharpe,10,5,9,0,0,1
Nike Book 1,Nike Book 1,2024-12-19,Devin Vassell,37,23,4,2,2,0
Nike Book 1,Nike Book 1,2024-12-19,Zaccharie Risacher,22,9,4,0,2,0
Nike Book 1,Nike Book 1,2024-12-18,Ante Zizic,28,8,7,2,0,1
Nike Book 1,Nike Book 1,2024-12-18,Darius Thompson,27,8,1,3,1,0
Nike Book 1,Nike Book 1,2024-12-17,Eli Ndiaye,4,2,0,0,0,0
Nike Book 1,Nike Book 1,2024-12-17,Mikael Jantunen,7,0,0,0,0,0
Nike Book 1,Nike Book 1,2024-12-17,Tyrique Jones,26,16,6,0,2,1
Nike Book 1,Nike Book 1,2024-12-17,Dame Sarr,1,0,0,1,1,0
Nike Book 1,Nike Book 1,2024-12-17,Tarik Black,9,2,0,0,0,0
Nike Book 1,Nike Book 1,2024-12-17,Elie Okobo,22,10,3,5,0,0
Nike Book 1,Nike Book 1,2024-12-17,Khalifa Diop,19,2,7,2,1,1
Nike Book 1,Nike Book 1,2024-12-17,William Rayman,16,0,1,0,0,0
Nike Book 1,Nike Book 1,2024-12-17,Roman Sorkin,28,22,5,1,1,1
Nike Book 1,Nike Book 1,2024-12-17,Giampaolo Ricci,7,0,1,1,0,0
Nike Book 1,Nike Book 1,2024-12-17,Cedi Osman,13,3,0,0,0,0
Nike Book 1,Nike Book 1,2024-12-17,Nikola Mirotic,24,16,4,2,1,0
Nike Book 1,Nike Book 1,2024-12-17,Ousmane Diop,14,0,3,0,0,0
Nike Book 1,Nike Book 1,2024-12-16,Day'Ron Sharpe,19,15,7,1,3,0
Nike Book 1,Nike Book 1,2024-12-15,Jusuf Nurkic,26,10,14,2,1,1
Nike Book 1,Nike Book 1,2024-12-15,Devin Booker,37,28,3,5,1,0
Nike Book 1,Nike Book 1,2024-12-15,Devin Vassell,25,4,0,0,0,0
Nike Book 1,Nike Book 1,2024-12-15,Andrew Nembhard,27,17,2,7,0,0
Nike Book 1,Nike Book 1,2024-12-15,Cory Joseph,9,2,1,1,0,0
Nike Book 1,Nike Book 1,2024-12-15,Miles McBride,20,7,2,1,0,0
Nike Book 1,Nike Book 1,2024-12-14,Zaccharie Risacher,16,2,0,0,0,0
Nike Book 1,Nike Book 1,2024-12-13,Cedi Osman,26,12,6,0,1,1
Nike Book 1,Nike Book 1,2024-12-13,Derek Willis,3,0,1,0,0,1
Nike Book 1,Nike Book 1,2024-12-13,Darius Thompson,22,7,3,9,3,2
Nike Book 1,Nike Book 1,2024-12-13,Ousmane Diop,9,6,0,0,1,0
Nike Book 1,Nike Book 1,2024-12-13,Nikola Mirotic,30,19,7,2,0,1
Nike Book 1,Nike Book 1,2024-12-13,Giampaolo Ricci,6,0,1,0,0,0
Nike Book 1,Nike Book 1,2024-12-13,Andrew Nembhard,33,5,4,7,0,0
Nike Book 1,Nike Book 1,2024-12-13,Cody Martin,25,5,2,0,1,0
Nike Book 1,Nike Book 1,2024-12-13,Taj Gibson,0,0,0,0,1,0
Nike Book 1,Nike Book 1,2024-12-13,Day'Ron Sharpe,17,12,3,1,0,0
Nike Book 1,Nike Book 1,2024-12-13,Uros Plavsic,16,4,1,1,0,0
Nike Book 1,Nike Book 1,2024-12-13,Mikael Jantunen,27,4,5,1,2,0
Nike Book 1,Nike Book 1,2024-12-13,TJ Shorts,27,29,3,8,2,0
Nike Book 1,Nike Book 1,2024-12-13,Devin Vassell,30,23,6,5,0,0
Nike Book 1,Nike Book 1,2024-12-13,Jusuf Nurkic,31,12,7,0,1,3
Nike Book 1,Nike Book 1,2024-12-13,Devin Booker,37,34,2,8,1,0
Nike Book 1,Nike Book 1,2024-12-12,Ante Zizic,16,9,6,0,0,0
Nike Book 1,Nike Book 1,2024-12-12,William Rayman,7,2,0,1,0,0
Nike Book 1,Nike Book 1,2024-12-12,Khalifa Diop,17,8,8,2,1,0
Nike Book 1,Nike Book 1,2024-12-12,Eli Ndiaye,18,2,4,1,1,0
Nike Book 1,Nike Book 1,2024-12-12,Elie Okobo,26,19,2,5,1,0
Nike Book 1,Nike Book 1,2024-12-12,Melih Mahmutoglu,2,0,0,0,0,0
Nike Book 1,Nike Book 1,2024-12-12,Bruno Fernando,2,2,0,0,1,0
Nike Book 1,Nike Book 1,2024-12-12,JD Davison,6,3,0,0,0,0
Nike Book 1,Nike Book 1,2024-12-11,Miles McBride,19,5,2,3,0,0
Nike Book 1,Nike Book 1,2024-12-11,Zaccharie Risacher,17,2,1,2,0,1
Nike Book 1,Nike Book 1,2024-12-09,Miles McBride,26,8,3,5,1,0
Nike Book 1,Nike Book 1,2024-12-08,Day'Ron Sharpe,11,4,1,0,2,0
Nike Book 1,Nike Book 1,2024-12-08,Andrew Nembhard,30,10,4,3,1,0
Nike Book 1,Nike Book 1,2024-12-08,Zaccharie Risacher,29,10,4,0,1,0
Nike Book 1,Nike Book 1,2024-12-08,Garrison Mathews,20,2,2,1,0,0
Nike Book 1,Nike Book 1,2024-12-08,Devin Booker,38,25,4,7,4,0
Nike Book 1,Nike Book 1,2024-12-08,Devin Vassell,28,7,4,4,0,1
Nike Book 1,Nike Book 1,2024-12-07,Devin Booker,37,21,4,7,0,0
Nike Book 1,Nike Book 1,2024-12-07,Miles McBride,26,8,2,2,1,1
Nike Book 1,Nike Book 1,2024-12-07,Christian Braun,37,14,2,0,1,1
Nike Book 1,Nike Book 1,2024-12-06,Mikael Jantunen,25,4,7,1,0,0
Nike Book 1,Nike Book 1,2024-12-06,Ousmane Diop,10,8,1,1,0,1
Nike Book 1,Nike Book 1,2024-12-06,Nikola Mirotic,32,17,4,2,1,1
Nike Book 1,Nike Book 1,2024-12-06,Franz Wagner,38,30,5,5,1,1
Nike Book 1,Nike Book 1,2024-12-06,Giampaolo Ricci,8,0,2,0,0,0
Nike Book 1,Nike Book 1,2024-12-06,Tarik Black,5,0,1,0,0,0
Nike Book 1,Nike Book 1,2024-12-06,Zaccharie Risacher,21,11,4,0,1,1
Nike Book 1,Nike Book 1,2024-12-06,Andrew Nembhard,21,8,6,4,2,0
Nike Book 1,Nike Book 1,2024-12-05,Ioannis Papapetrou,10,4,1,0,0,0
Nike Book 1,Nike Book 1,2024-12-05,Cedi Osman,8,3,3,0,0,0
Nike Book 1,Nike Book 1,2024-12-05,Tyrique Jones,27,12,10,2,1,1
Nike Book 1,Nike Book 1,2024-12-05,Khalifa Diop,10,0,2,1,0,1
Nike Book 1,Nike Book 1,2024-12-05,Eli Ndiaye,12,3,0,0,1,0
Nike Book 1,Nike Book 1,2024-12-05,Devin Booker,37,28,4,2,1,0
Nike Book 1,Nike Book 1,2024-12-05,Devin Vassell,24,17,3,2,4,0
Nike Book 1,Nike Book 1,2024-12-05,Derek Willis,22,7,8,1,0,1
Nike Book 1,Nike Book 1,2024-12-05,Darius Thompson,26,10,1,1,1,0
Nike Book 1,Nike Book 1,2024-12-05,William Rayman,11,6,4,0,1,0
Nike Book 1,Nike Book 1,2024-12-05,Roman Sorkin,8,4,0,3,0,0
Nike Book 1,Nike Book 1,2024-12-05,Christian Braun,39,10,4,0,1,2
Nike Book 1,Nike Book 1,2024-12-05,Miles McBride,27,10,1,6,0,0
Nike Book 1,Nike Book 1,2024-12-05,Bruno Fernando,19,4,7,1,1,2
Nike Book 1,Nike Book 1,2024-12-04,Nikola Kalinic,27,5,6,1,0,0
Nike Book 1,Nike Book 1,2024-12-04,Nikola Mirotic,27,23,7,2,0,2
Nike Book 1,Nike Book 1,2024-12-04,Giampaolo Ricci,18,2,4,0,0,0
Nike Book 1,Nike Book 1,2024-12-04,Zaccharie Risacher,18,12,5,0,0,0
Nike Book 1,Nike Book 1,2024-12-04,Elie Okobo,23,10,1,1,1,0
Nike Book 1,Nike Book 1,2024-12-04,Franz Wagner,36,35,7,2,0,1
Nike Book 1,Nike Book 1,2024-12-04,Day'Ron Sharpe,16,7,6,1,1,0
Nike Book 1,Nike Book 1,2024-12-03,Khalifa Diop,13,2,1,2,0,0
Nike Book 1,Nike Book 1,2024-12-03,Cedi Osman,3,0,0,0,1,0
Nike Book 1,Nike Book 1,2024-12-03,Christian Braun,35,11,6,2,1,0
Nike Book 1,Nike Book 1,2024-12-03,Devin Vassell,27,25,2,1,2,0
Nike Book 1,Nike Book 1,2024-12-03,Devin Booker,38,29,9,5,2,1
Nike Book 1,Nike Book 1,2024-12-03,P.J. Washington,38,18,8,7,1,2
Nike Book 1,Nike Book 1,2024-12-03,Cody Martin,30,12,2,3,0,0
Nike Book 1,Nike Book 1,2024-12-03,Miles McBride,25,18,3,4,1,0
Nike Book 1,Nike Book 1,2024-12-03,Franz Wagner,38,30,3,6,3,0
Nike Book 1,Nike Book 1,2024-12-03,Darius Thompson,31,19,3,6,2,0
Nike Book 1,Nike Book 1,2024-12-03,Eli Ndiaye,13,9,1,0,1,0
Nike Book 1,Nike Book 1,2024-12-03,Tarik Black,11,4,1,1,0,1
Nike Book 1,Nike Book 1,2024-12-03,William Rayman,11,3,4,0,1,0
Nike Book 1,Nike Book 1,2024-12-03,Roman Sorkin,13,4,6,0,0,0
Nike Book 1,Nike Book 1,2024-12-03,Mikael Jantunen,25,4,8,1,3,0
Nike Book 1,Nike Book 1,2024-12-03,TJ Shorts,25,22,3,8,1,0
Nike Book 1,Nike Book 1,2024-12-02,Day'Ron Sharpe,16,4,2,2,1,1
Nike Book 1,Nike Book 1,2024-12-02,Dariq Whitehead,23,18,2,1,2,1
Nike Book 1,Nike Book 1,2024-12-02,E.J. Liddell,4,2,1,0,0,0
Nike Book 1,Nike Book 1,2024-12-02,Zaccharie Risacher,24,13,1,1,1,1
Nike Book 1,Nike Book 1,2024-12-01,Christian Braun,35,11,7,2,1,0
Nike Book 1,Nike Book 1,2024-12-01,Devin Vassell,23,21,0,3,0,1
Nike Book 1,Nike Book 1,2024-12-01,Franz Wagner,37,20,9,8,0,2
Nike Book 1,Nike Book 1,2024-12-01,Miles McBride,21,13,2,3,1,0
Nike Book 1,Nike Book 1,2024-11-30,Devin Booker,38,27,3,9,2,0
Nike Book 1,Nike Book 1,2024-11-30,Cody Martin,25,12,7,5,0,0
Nike Book 1,Nike Book 1,2024-11-30,Garrison Mathews,13,4,1,0,1,0
Nike Book 1,Nike Book 1,2024-11-30,Zaccharie Risacher,25,14,3,2,1,2
Nike Book 1,Nike Book 1,2024-11-29,Derek Willis,9,1,1,0,0,0
Nike Book 1,Nike Book 1,2024-11-29,Darius Thompson,30,14,1,3,2,1
Nike Book 1,Nike Book 1,2024-11-29,Tarik Black,4,4,1,0,0,0
Nike Book 1,Nike Book 1,2024-11-29,Ioannis Papapetrou,4,3,1,1,0,0
Nike Book 1,Nike Book 1,2024-11-29,Cedi Osman,20,3,1,0,1,1
Nike Book 1,Nike Book 1,2024-11-29,Nikola Mirotic,29,29,9,2,3,0
Nike Book 1,Nike Book 1,2024-11-29,Giampaolo Ricci,23,4,6,3,0,1
Nike Book 1,Nike Book 1,2024-11-29,Nikola Kalinic,27,10,5,2,0,0
Nike Book 1,Nike Book 1,2024-11-29,Cody Martin,21,9,7,5,1,1
Nike Book 1,Nike Book 1,2024-11-29,Miles McBride,26,14,5,1,0,0
Nike Book 1,Nike Book 1,2024-11-29,Garrison Mathews,0,0,0,0,0,0
Nike Book 1,Nike Book 1,2024-11-29,Derrick White,24,16,6,4,1,0
Nike Book 1,Nike Book 1,2024-11-29,Zaccharie Risacher,20,11,3,1,1,1
Nike Book 1,Nike Book 1,2024-11-29,Cory Joseph,2,3,1,1,0,0
Nike Book 1,Nike Book 1,2024-11-29,Franz Wagner,35,29,8,8,2,1
Nike Book 1,Nike Book 1,2024-11-28,Ante Zizic,20,9,2,0,1,2
Nike Book 1,Nike Book 1,2024-11-28,TJ Shorts,27,19,3,9,2,0
Nike Book 1,Nike Book 1,2024-11-28,Mikael Jantunen,27,6,8,1,0,1
Nike Book 1,Nike Book 1,2024-11-28,Khalifa Diop,3,0,0,0,0,0
Nike Book 1,Nike Book 1,2024-11-28,Omer Mayer,1,0,1,1,0,0
Nike Book 1,Nike Book 1,2024-11-28,Roman Sorkin,15,9,5,0,0,1
Nike Book 1,Nike Book 1,2024-11-28,William Rayman,16,12,4,0,2,0
Nike Book 1,Nike Book 1,2024-11-27,Jusuf Nurkic,16,6,7,1,0,0
Nike Book 1,Nike Book 1,2024-11-27,Devin Booker,38,31,3,4,0,0
Nike Book 1,Nike Book 1,2024-11-27,Christian Braun,41,18,7,3,0,1
Nike Book 1,Nike Book 1,2024-11-27,Devin Vassell,21,14,3,1,2,0
Nike Book 1,Nike Book 1,2024-11-27,Bruno Fernando,6,4,1,0,1,0
Nike Book 1,Nike Book 1,2024-11-27,Franz Wagner,31,21,3,6,2,1
Nike Book 1,Nike Book 1,2024-11-27,Cory Joseph,4,0,0,0,0,0
Nike Book 1,Nike Book 1,2024-11-27,Zaccharie Risacher,17,17,2,0,1,1
Nike Book 1,Nike Book 1,2024-11-27,Miles McBride,15,5,2,2,1,1
Nike Book 1,Nike Book 1,2024-11-26,Jusuf Nurkic,27,12,12,3,1,1
Nike Book 1,Nike Book 1,2024-11-26,Devin Booker,34,26,2,10,1,1
Nike Book 1,Nike Book 1,2024-11-25,Christian Braun,32,14,1,2,1,1
Nike Book 1,Nike Book 1,2024-11-25,Miles McBride,27,13,6,3,1,0
Nike Book 1,Nike Book 1,2024-11-25,Zaccharie Risacher,16,5,2,2,0,0
Nike Book 1,Nike Book 1,2024-11-25,Bruno Fernando,14,9,4,5,0,0
Nike Book 1,Nike Book 1,2024-11-25,Franz Wagner,40,21,1,7,4,2
Nike Book 1,Nike Book 1,2024-11-25,Derrick White,31,19,4,7,1,0
Nike Book 1,Nike Book 1,2024-11-24,Derrick White,37,19,9,5,1,2
Nike Book 1,Nike Book 1,2024-11-24,Naji Marshall,30,20,5,1,0,0
Nike Book 1,Nike Book 1,2024-11-23,Christian Braun,31,16,2,3,1,0
Nike Book 1,Nike Book 1,2024-11-23,Jordan Clarkson,24,4,4,6,0,0
Nike Book 1,Nike Book 1,2024-11-23,Franz Wagner,29,30,9,8,2,0
Nike Book 1,Nike Book 1,2024-11-23,Cory Joseph,2,0,0,1,1,0
Nike Book 1,Nike Book 1,2024-11-22,Ioannis Papapetrou,20,2,1,0,0,0
Nike Book 1,Nike Book 1,2024-11-22,Youssoupha Fall,8,3,4,0,0,1
Nike Book 1,Nike Book 1,2024-11-22,Payton Pritchard,22,9,2,4,1,0
Nike Book 1,Nike Book 1,2024-11-22,Christian Braun,29,17,5,0,1,1
Nike Book 1,Nike Book 1,2024-11-22,Naji Marshall,26,26,1,1,1,0
Nike Book 1,Nike Book 1,2024-11-22,Garrison Mathews,0,0,0,0,0,0
Nike Book 1,Nike Book 1,2024-11-21,Roman Sorkin,22,14,5,1,0,0
Nike Book 1,Nike Book 1,2024-11-21,Nikola Mirotic,33,20,8,3,1,0
Nike Book 1,Nike Book 1,2024-11-21,Giampaolo Ricci,8,0,1,0,0,0
Nike Book 1,Nike Book 1,2024-11-21,Eli Ndiaye,11,0,1,0,0,0
Nike Book 1,Nike Book 1,2024-11-21,William Rayman,14,0,3,1,0,0
Nike Book 1,Nike Book 1,2024-11-21,Franz Wagner,38,37,6,11,4,0
Nike Book 1,Nike Book 1,2024-11-21,Tre Mann,21,5,2,0,0,1
Nike Book 1,Nike Book 1,2024-11-21,Derek Willis,19,6,3,1,0,2
Nike Book 1,Nike Book 1,2024-11-21,Darius Thompson,35,15,2,4,1,0
Nike Book 1,Nike Book 1,2024-11-21,Nikola Kalinic,25,5,1,3,0,0
Nike Book 1,Nike Book 1,2024-11-21,Mikael Jantunen,27,13,0,2,2,0
Nike Book 1,Nike Book 1,2024-11-21,Tyrique Jones,23,12,6,1,2,1
Nike Book 1,Nike Book 1,2024-11-21,Tarik Black,3,2,3,1,0,0
Nike Book 1,Nike Book 1,2024-11-20,Franz Wagner,34,14,6,6,4,0
Nike Book 1,Nike Book 1,2024-11-20,Cory Joseph,3,0,2,0,0,0
Nike Book 1,Nike Book 1,2024-11-20,Damion Lee,3,4,0,1,1,0
Nike Book 1,Nike Book 1,2024-11-20,Devin Booker,37,33,3,5,0,0
Nike Book 1,Nike Book 1,2024-11-20,Garrison Mathews,4,3,1,1,0,0
Nike Book 1,Nike Book 1,2024-11-20,Jock Landale,13,6,4,3,0,0
Nike Book 1,Nike Book 1,2024-11-19,Tre Mann,25,19,3,6,0,0
Nike Book 1,Nike Book 1,2024-11-19,Cody Martin,24,4,6,2,2,1
Nike Book 1,Nike Book 1,2024-11-19,Christian Braun,34,19,7,2,3,0
Nike Book 1,Nike Book 1,2024-11-19,Malaki Branham,15,3,1,3,0,0
Nike Book 1,Nike Book 1,2024-11-19,Jordan Clarkson,25,18,4,2,0,0
Nike Book 1,Nike Book 1,2024-11-18,Devin Booker,38,17,2,5,1,0
Nike Book 1,Nike Book 1,2024-11-18,Garrison Mathews,28,9,1,4,2,0
Nike Book 1,Nike Book 1,2024-11-17,Devin Booker,39,44,6,7,0,1
Nike Book 1,Nike Book 1,2024-11-17,Jusuf Nurkic,13,5,7,1,0,0
Nike Book 1,Nike Book 1,2024-11-17,Garrison Mathews,10,6,1,0,0,0
Nike Book 1,Nike Book 1,2024-11-17,Keaton Wallace,16,0,1,2,1,0
Nike Book 1,Nike Book 1,2024-11-17,Jordan Clarkson,29,21,4,2,1,0
Nike Book 1,Nike Book 1,2024-11-17,Jock Landale,16,5,8,2,0,2
Nike Book 1,Nike Book 1,2024-11-16,Jordan Clarkson,30,17,3,5,3,0
Nike Book 1,Nike Book 1,2024-11-16,Cody Martin,23,6,2,3,0,0
Nike Book 1,Nike Book 1,2024-11-16,Tre Mann,21,11,4,0,0,0
Nike Book 1,Nike Book 1,2024-11-15,Franz Wagner,40,31,11,6,2,1
Nike Book 1,Nike Book 1,2024-11-15,Cory Joseph,1,0,0,1,0,0
Nike Book 1,Nike Book 1,2024-11-15,Devin Vassell,22,15,0,5,1,1
Nike Book 1,Nike Book 1,2024-11-15,Arturs Zagars,23,10,2,3,1,0
Nike Book 1,Nike Book 1,2024-11-15,Ioannis Papapetrou,22,9,1,0,1,0
Nike Book 1,Nike Book 1,2024-11-15,Melih Mahmutoglu,0,0,0,0,0,0
Nike Book 1,Nike Book 1,2024-11-15,Nikola Mirotic,29,19,9,3,3,0
Nike Book 1,Nike Book 1,2024-11-15,Giampaolo Ricci,26,3,6,1,0,1
Nike Book 1,Nike Book 1,2024-11-15,Tyrique Jones,15,6,2,0,0,1
Nike Book 1,Nike Book 1,2024-11-15,Mikael Jantunen,24,2,5,1,1,0
Nike Book 1,Nike Book 1,2024-11-15,TJ Shorts,25,24,1,9,3,0
Nike Book 1,Nike Book 1,2024-11-15,Christian Braun,37,15,4,3,5,0
Nike Book 1,Nike Book 1,2024-11-15,Jusuf Nurkic,29,4,8,0,0,0
Nike Book 1,Nike Book 1,2024-11-15,Devin Booker,33,12,4,4,1,1
Nike Book 1,Nike Book 1,2024-11-15,Damion Lee,5,5,2,1,1,0
Nike Book 1,Nike Book 1,2024-11-15,Keaton Wallace,14,0,3,2,1,1
Nike Book 1,Nike Book 1,2024-11-15,Garrison Mathews,12,12,0,2,0,1
Nike Book 1,Nike Book 1,2024-11-14,Ercan Osmani,15,5,2,1,0,0
Nike Book 1,Nike Book 1,2024-11-14,Derek Willis,7,3,1,0,0,1
Nike Book 1,Nike Book 1,2024-11-14,Darius Thompson,31,10,5,0,5,1
Nike Book 1,Nike Book 1,2024-11-14,Elie Okobo,22,15,0,4,3,1
Nike Book 1,Nike Book 1,2024-11-14,Jordan Clarkson,30,20,4,4,0,0
Nike Book 1,Nike Book 1,2024-11-14,Saben Lee,11,4,2,1,1,0
Nike Book 1,Nike Book 1,2024-11-14,Roman Sorkin,22,13,2,1,2,1
Nike Book 1,Nike Book 1,2024-11-14,Nikola Kalinic,29,5,4,2,1,0
Nike Book 1,Nike Book 1,2024-11-14,Tarik Black,2,0,1,0,0,0
Nike Book 1,Nike Book 1,2024-11-14,Uros Plavsic,4,2,0,0,0,0
Nike Book 1,Nike Book 1,2024-11-13,Youssoupha Fall,3,4,1,0,0,0
Nike Book 1,Nike Book 1,2024-11-13,Mikael Jantunen,28,6,4,4,0,0
Nike Book 1,Nike Book 1,2024-11-13,Jusuf Nurkic,21,3,11,1,3,0
Nike Book 1,Nike Book 1,2024-11-13,Devin Booker,31,18,3,5,2,0
Nike Book 1,Nike Book 1,2024-11-13,Damion Lee,10,4,0,1,0,0
Nike Book 1,Nike Book 1,2024-11-13,Devin Vassell,24,17,2,3,1,1
Nike Book 1,Nike Book 1,2024-11-13,Franz Wagner,36,29,3,6,1,1
Nike Book 1,Nike Book 1,2024-11-13,Miles McBride,23,2,1,2,0,0
Nike Book 1,Nike Book 1,2024-11-12,Ercan Osmani,13,2,1,0,0,0
Nike Book 1,Nike Book 1,2024-11-12,Derek Willis,13,3,2,1,0,0
Nike Book 1,Nike Book 1,2024-11-12,Darius Thompson,26,18,1,4,0,0
Nike Book 1,Nike Book 1,2024-11-12,Ioannis Papapetrou,6,0,0,0,1,0
Nike Book 1,Nike Book 1,2024-11-12,Giampaolo Ricci,19,3,3,1,2,1
Nike Book 1,Nike Book 1,2024-11-12,Nikola Mirotic,34,28,10,1,0,0
Nike Book 1,Nike Book 1,2024-11-12,Roman Sorkin,29,21,7,2,2,1
Nike Book 1,Nike Book 1,2024-11-12,Devin Booker,34,31,2,4,2,2
Nike Book 1,Nike Book 1,2024-11-12,Jordan Clarkson,30,16,5,8,2,0
Nike Book 1,Nike Book 1,2024-11-12,Franz Wagner,31,32,8,5,3,0
Nike Book 1,Nike Book 1,2024-11-12,Cory Joseph,1,0,1,1,0,0
Nike Book 1,Nike Book 1,2024-11-12,Garrison Mathews,23,2,1,5,1,0
Nike Book 1,Nike Book 1,2024-11-12,Keaton Wallace,31,7,2,8,0,0
Nike Book 1,Nike Book 1,2024-11-12,Arturs Zagars,16,2,2,4,0,0
Nike Book 1,Nike Book 1,2024-11-12,Elie Okobo,27,20,1,5,0,0
Nike Book 1,Nike Book 1,2024-11-12,Tarik Black,12,2,3,1,0,0
Nike Book 1,Nike Book 1,2024-11-12,Nikola Kalinic,32,8,9,5,0,0
Nike Book 1,Nike Book 1,2024-11-12,Ognjen Dobric,3,0,0,0,0,0
Nike Book 1,Nike Book 1,2024-11-12,Uros Plavsic,8,4,2,1,1,0
Nike Book 1,Nike Book 1,2024-11-12,Miles McBride,25,15,3,2,2,0
Nike Book 1,Nike Book 1,2024-11-11,Trey Murphy III,25,12,5,0,0,2
Nike Book 1,Nike Book 1,2024-11-11,Devin Vassell,21,12,2,4,0,0
Nike Book 1,Nike Book 1,2024-11-11,Mason Jones,1,0,0,0,0,0
Nike Book 1,Nike Book 1,2024-11-10,Miles McBride,29,7,1,1,2,0
Nike Book 1,Nike Book 1,2024-11-10,Franz Wagner,28,23,4,7,1,0
Nike Book 1,Nike Book 1,2024-11-10,Cory Joseph,4,0,2,2,1,1
Nike Book 1,Nike Book 1,2024-11-10,Christian Braun,35,14,6,2,0,0
Nike Book 1,Nike Book 1,2024-11-10,Devin Booker,43,23,1,12,2,0
Nike Book 1,Nike Book 1,2024-11-10,Josh Green,26,2,2,2,1,0
Nike Book 1,Nike Book 1,2024-11-10,Tre Mann,15,5,0,0,0,0
Nike Book 1,Nike Book 1,2024-11-09,Keaton Wallace,18,4,1,2,0,1
Nike Book 1,Nike Book 1,2024-11-09,Garrison Mathews,18,8,1,0,1,0
Nike Book 1,Nike Book 1,2024-11-09,David Roddy,2,0,0,1,0,0
Nike Book 1,Nike Book 1,2024-11-09,Jordan Clarkson,24,16,3,4,3,0
Nike Book 1,Nike Book 1,2024-11-09,Devin Vassell,21,21,1,2,0,0
Nike Book 1,Nike Book 1,2024-11-08,Franz Wagner,32,27,5,6,2,0
Nike Book 1,Nike Book 1,2024-11-08,Cory Joseph,2,3,0,0,0,0
Nike Book 1,Nike Book 1,2024-11-08,Youssoupha Fall,11,8,4,0,0,1
Nike Book 1,Nike Book 1,2024-11-08,Ioannis Papapetrou,8,3,0,0,0,0
Nike Book 1,Nike Book 1,2024-11-08,Garrison Mathews,27,8,2,1,1,0
Nike Book 1,Nike Book 1,2024-11-08,Keaton Wallace,7,2,0,0,0,1
Nike Book 1,Nike Book 1,2024-11-08,Tre Mann,27,14,2,4,1,0
Nike Book 1,Nike Book 1,2024-11-08,Ben Sheppard,30,2,3,3,1,0
Nike Book 1,Nike Book 1,2024-11-08,Devin Booker,34,13,6,12,0,0
Nike Book 1,Nike Book 1,2024-11-08,Jusuf Nurkic,33,15,10,0,2,0
Nike Book 1,Nike Book 1,2024-11-08,Miles McBride,28,14,5,2,0,0
Nike Book 1,Nike Book 1,2024-11-08,Caleb Martin,26,13,3,5,0,0
Nike Book 1,Nike Book 1,2024-11-08,Elie Okobo,24,6,1,0,1,0
Nike Book 1,Nike Book 1,2024-11-08,Ercan Osmani,20,11,2,0,1,0
Nike Book 1,Nike Book 1,2024-11-08,Derek Willis,13,4,7,0,0,0
Nike Book 1,Nike Book 1,2024-11-08,Darius Thompson,31,7,2,10,0,3
Nike Book 1,Nike Book 1,2024-11-08,Arturs Zagars,9,2,1,2,0,0
Nike Book 1,Nike Book 1,2024-11-08,Tarik Black,18,10,6,0,1,0
Nike Book 1,Nike Book 1,2024-11-08,Christian Braun,35,21,6,2,0,1
Nike Book 1,Nike Book 1,2024-11-08,Jock Landale,6,0,2,0,0,0
Nike Book 1,Nike Book 1,2024-11-07,Jordan Clarkson,20,18,4,2,0,0
Nike Book 1,Nike Book 1,2024-11-07,TJ Shorts,28,13,0,8,0,1
Nike Book 1,Nike Book 1,2024-11-07,Mikael Jantunen,28,9,8,2,1,0
Nike Book 1,Nike Book 1,2024-11-07,Uros Plavsic,12,10,2,0,0,0
Nike Book 1,Nike Book 1,2024-11-07,Nikola Kalinic,27,13,7,3,1,0
Nike Book 1,Nike Book 1,2024-11-07,Nikola Mirotic,31,9,5,3,1,0
Nike Book 1,Nike Book 1,2024-11-07,Giampaolo Ricci,9,0,2,1,2,0
Nike Book 1,Nike Book 1,2024-11-06,Caleb Martin,30,14,2,2,1,0
Nike Book 1,Nike Book 1,2024-11-06,Christian Braun,36,24,8,0,2,1
Nike Book 1,Nike Book 1,2024-11-06,Jusuf Nurkic,33,20,18,1,1,2
Nike Book 1,Nike Book 1,2024-11-06,Devin Booker,38,22,4,9,0,0
Nike Book 1,Nike Book 1,2024-11-06,Ben Sheppard,11,6,0,0,0,0
Nike Book 1,Nike Book 1,2024-11-06,Andrew Nembhard,31,5,2,5,1,0
Nike Book 1,Nike Book 1,2024-11-06,Franz Wagner,39,28,8,6,0,0
Nike Book 1,Nike Book 1,2024-11-06,Josh Green,24,0,2,1,0,0
Nike Book 1,Nike Book 1,2024-11-06,Tre Mann,21,4,3,2,1,0
Nike Book 1,Nike Book 1,2024-11-06,Payton Pritchard,32,16,3,3,0,0
Nike Book 1,Nike Book 1,2024-11-06,Garrison Mathews,19,9,3,2,1,0
Nike Book 1,Nike Book 1,2024-11-06,Keaton Wallace,12,7,0,0,1,0
Nike Book 1,Nike Book 1,2024-11-06,Miles McBride,28,16,4,7,0,1
Nike Book 1,Nike Book 1,2024-11-04,Jusuf Nurkic,28,15,15,2,2,1
Nike Book 1,Nike Book 1,2024-11-04,Devin Booker,38,13,3,6,1,1
Nike Book 1,Nike Book 1,2024-11-04,Christian Braun,36,17,4,0,1,0
Nike Book 1,Nike Book 1,2024-11-04,Tre Mann,20,10,4,6,1,0
Nike Book 1,Nike Book 1,2024-11-04,Miles McBride,26,0,0,2,2,1
Nike Book 1,Nike Book 1,2024-11-04,Andre Drummond,15,8,5,0,3,0
Nike Book 1,Nike Book 1,2024-11-04,Andrew Nembhard,28,11,3,3,0,0
Nike Book 1,Nike Book 1,2024-11-04,Franz Wagner,34,22,4,2,2,0
Nike Book 1,Nike Book 1,2024-11-04,Cory Joseph,3,3,0,0,0,0
Nike Book 1,Nike Book 1,2024-11-04,Josh Green,25,8,0,0,0,0
Nike Book 1,Nike Book 1,2024-11-04,JD Davison,5,3,0,0,1,0
Nike Book 1,Nike Book 1,2024-11-04,Garrison Mathews,26,10,0,2,0,1
Nike Book 1,Nike Book 1,2024-11-04,Keaton Wallace,20,6,4,2,4,2
Nike Book 1,Nike Book 1,2024-11-04,Mouhamed Gueye,8,0,2,0,0,0
Nike Book 1,Nike Book 1,2024-11-04,Jalen Smith,15,8,3,1,1,1
Nike Book 1,Nike Book 1,2024-11-03,Keaton Wallace,21,6,2,1,2,0
Nike Book 1,Nike Book 1,2024-11-03,Garrison Mathews,20,11,3,1,0,0
Nike Book 1,Nike Book 1,2024-11-03,Franz Wagner,25,13,6,6,2,0
Nike Book 1,Nike Book 1,2024-11-03,Cory Joseph,5,0,2,0,0,0
Nike Book 1,Nike Book 1,2024-11-03,P.J. Washington,28,7,4,2,1,0
Nike Book 1,Nike Book 1,2024-11-03,Tyrese Martin,1,0,1,0,0,0
Nike Book 1,Nike Book 1,2024-11-02,Caleb Martin,27,9,3,3,1,1
Nike Book 1,Nike Book 1,2024-11-02,Tre Mann,22,10,1,3,0,0
Nike Book 1,Nike Book 1,2024-11-02,Christian Braun,32,17,2,3,2,0
Nike Book 1,Nike Book 1,2024-11-02,Devin Booker,36,28,9,9,0,0
Nike Book 1,Nike Book 1,2024-11-01,Ioannis Papapetrou,13,7,2,1,1,0
Nike Book 1,Nike Book 1,2024-11-01,Uros Plavsic,18,2,6,0,2,0
Nike Book 1,Nike Book 1,2024-11-01,Ognjen Dobric,8,3,2,0,1,0
Nike Book 1,Nike Book 1,2024-11-01,Nikola Kalinic,27,13,2,1,0,0
Nike Book 1,Nike Book 1,2024-11-01,Tarik Black,8,4,6,0,0,0
Nike Book 1,Nike Book 1,2024-11-01,Keaton Wallace,29,14,3,3,1,1
Nike Book 1,Nike Book 1,2024-11-01,Garrison Mathews,29,23,1,2,2,1
Nike Book 1,Nike Book 1,2024-11-01,Mikael Jantunen,27,8,8,2,1,0
Nike Book 1,Nike Book 1,2024-11-01,Christian Braun,35,14,7,2,0,0
Nike Book 1,Nike Book 1,2024-11-01,Miles McBride,28,10,3,2,4,0
Nike Book 1,Nike Book 1,2024-11-01,Franz Wagner,30,17,8,6,1,0
Nike Book 1,Nike Book 1,2024-11-01,Cory Joseph,4,3,1,2,0,1
Nike Book 1,Nike Book 1,2024-11-01,Josh Green,22,3,1,1,0,0
Nike Book 1,Nike Book 1,2024-11-01,Payton Pritchard,27,7,2,3,5,0
Nike Book 1,Nike Book 1,2024-11-01,JD Davison,0,0,0,0,0,0
Nike Book 1,Nike Book 1,2024-11-01,Elie Okobo,16,4,0,0,0,0
Nike Book 1,Nike Book 1,2024-11-01,Nick Richards,15,1,3,1,0,2
Nike Book 1,Nike Book 1,2024-11-01,Tre Mann,29,23,4,5,0,1
Nike Book 1,Nike Book 1,2024-10-31,Nikola Mirotic,24,21,13,0,0,0
Nike Book 1,Nike Book 1,2024-10-31,Josh Nebo,17,7,2,0,1,0
Nike Book 1,Nike Book 1,2024-10-31,Giampaolo Ricci,22,5,3,1,0,0
Nike Book 1,Nike Book 1,2024-10-31,Devin Booker,37,40,5,8,3,0
Nike Book 1,Nike Book 1,2024-10-31,Ercan Osmani,17,2,3,1,0,0
Nike Book 1,Nike Book 1,2024-10-31,Derek Willis,16,0,3,1,2,0
Nike Book 1,Nike Book 1,2024-10-31,Darius Thompson,18,9,1,8,3,0
Nike Book 1,Nike Book 1,2024-10-31,Saben Lee,19,19,3,1,0,0
Nike Book 1,Nike Book 1,2024-10-31,Stanley Johnson,5,0,0,1,1,0
Nike Book 1,Nike Book 1,2024-10-30,Elie Okobo,24,15,4,3,1,0
Nike Book 1,Nike Book 1,2024-10-30,Tyrique Jones,21,8,10,0,0,0
Nike Book 1,Nike Book 1,2024-10-30,Ioannis Papapetrou,17,1,3,1,2,0
Nike Book 1,Nike Book 1,2024-10-30,Tarik Black,12,4,1,1,0,0
Nike Book 1,Nike Book 1,2024-10-30,Keaton Wallace,14,8,1,2,0,0
Nike Book 1,Nike Book 1,2024-10-30,Garrison Mathews,23,6,1,2,2,0
Nike Book 1,Nike Book 1,2024-10-30,Andrew Nembhard,5,2,0,1,1,0
Nike Book 1,Nike Book 1,2024-10-30,Payton Pritchard,38,16,4,4,1,0
Nike Book 1,Nike Book 1,2024-10-30,Franz Wagner,22,7,3,4,1,1
Nike Book 1,Nike Book 1,2024-10-30,Josh Green,22,9,2,3,0,2
Nike Book 1,Nike Book 1,2024-10-30,Filip Petrusev,8,0,2,1,0,0
Nike Book 1,Nike Book 1,2024-10-30,Tre Mann,28,27,1,4,2,1
Nike Book 1,Nike Book 1,2024-10-30,Nikola Kalinic,27,9,3,2,0,0
Nike Book 1,Nike Book 1,2024-10-30,Uros Plavsic,22,16,9,1,0,2
Nike Book 1,Nike Book 1,2024-10-29,Giampaolo Ricci,10,3,0,0,0,0
Nike Book 1,Nike Book 1,2024-10-29,Josh Nebo,20,8,6,2,0,2
Nike Book 1,Nike Book 1,2024-10-29,Nikola Mirotic,26,21,6,1,0,0
Nike Book 1,Nike Book 1,2024-10-29,Ercan Osmani,18,5,3,1,0,0
Nike Book 1,Nike Book 1,2024-10-29,Darius Thompson,31,16,3,6,1,1
Nike Book 1,Nike Book 1,2024-10-29,Youssoupha Fall,3,0,0,0,0,0
Nike Book 1,Nike Book 1,2024-10-29,Mikael Jantunen,27,14,8,5,1,0
Nike Book 1,Nike Book 1,2024-10-29,TJ Shorts,27,11,3,9,0,0
Nike Book 1,Nike Book 1,2024-10-28,Jusuf Nurkic,15,2,4,0,0,2
Nike Book 1,Nike Book 1,2024-10-28,Devin Booker,39,33,3,2,1,0
Nike Book 1,Nike Book 1,2024-10-28,Keaton Wallace,2,0,0,0,0,0
Nike Book 1,Nike Book 1,2024-10-28,Garrison Mathews,24,14,0,2,0,0
Nike Book 1,Nike Book 1,2024-10-28,Franz Wagner,10,7,1,1,1,0
Nike Book 1,Nike Book 1,2024-10-28,Andrew Nembhard,33,13,3,7,1,0
Nike Book 1,Nike Book 1,2024-10-28,Christian Braun,39,17,4,2,1,1
Nike Book 1,Nike Book 1,2024-10-28,Payton Pritchard,27,28,5,3,2,0
Nike Book 1,Nike Book 1,2024-10-27,Mouhamed Gueye,3,2,0,0,0,0
Nike Book 1,Nike Book 1,2024-10-27,Keaton Wallace,3,2,1,0,0,0
Nike Book 1,Nike Book 1,2024-10-27,Jalen Johnson,29,7,9,2,0,1
Nike Book 1,Nike Book 1,2024-10-27,Dariq Whitehead,1,0,1,0,0,0
Nike Book 1,Nike Book 1,2024-10-27,Garrison Mathews,21,14,2,2,2,0
Nike Book 1,Nike Book 1,2024-10-27,Andrew Nembhard,31,10,2,8,0,0
Nike Book 1,Nike Book 1,2024-10-26,Jaylon Tyson,7,3,1,0,0,0
Nike Book 1,Nike Book 1,2024-10-26,Payton Pritchard,19,19,2,0,1,0
Nike Book 1,Nike Book 1,2024-10-26,Tre Mann,31,14,5,4,1,0
Nike Book 1,Nike Book 1,2024-10-26,Jusuf Nurkic,30,18,14,1,0,1
Nike Book 1,Nike Book 1,2024-10-26,Devin Booker,37,21,1,5,1,0
Nike Book 1,Nike Book 1,2024-10-26,Damion Lee,17,2,3,2,0,0
Nike Book 1,Nike Book 1,2024-10-26,Franz Wagner,34,23,7,3,2,0
Nike Book 1,Nike Book 1,2024-10-26,Cory Joseph,4,3,0,1,0,0
Nike Book 1,Nike Book 1,2024-10-25,Franz Wagner,38,29,6,5,1,0
Nike Book 1,Nike Book 1,2024-10-25,Cameron Johnson,35,12,2,2,0,1
Nike Book 1,Nike Book 1,2024-10-25,Jusuf Nurkic,18,4,7,4,0,1
Nike Book 1,Nike Book 1,2024-10-25,Devin Booker,35,23,3,4,1,1
Nike Book 1,Nike Book 1,2024-10-25,Andrew Nembhard,21,2,2,2,2,0
Nike Book 1,Nike Book 1,2024-10-25,Garrison Mathews,18,8,1,0,0,0
Nike Book 1,Nike Book 1,2024-10-25,Nick Richards,30,12,13,2,0,1
Nike Book 1,Nike Book 1,2024-10-25,Josh Green,17,5,3,2,1,1
Nike Book 1,Nike Book 1,2024-10-25,Jaylon Tyson,1,0,0,0,0,0
Nike Book 1,Nike Book 1,2024-10-25,Jalen Johnson,41,16,7,3,2,2
Nike Book 1,Nike Book 1,2024-10-24,Ercan Osmani,20,11,6,1,0,0
Nike Book 1,Nike Book 1,2024-10-24,Darius Thompson,29,17,0,7,0,0
Nike Book 1,Nike Book 1,2024-10-24,Nikola Mirotic,29,29,4,1,0,0
Nike Book 1,Nike Book 1,2024-10-24,Nenad Dimitrijevic,13,0,0,1,0,0
Nike Book 1,Nike Book 1,2024-10-24,Nikola Kalinic,22,9,4,2,1,0
Nike Book 1,Nike Book 1,2024-10-24,Isaiah Canaan,21,7,2,1,0,0
Nike Book 1,Nike Book 1,2024-10-24,Giampaolo Ricci,11,3,3,1,0,0
Nike Book 1,Nike Book 1,2024-10-24,JD Davison,8,0,1,1,0,0
Nike Book 1,Nike Book 1,2024-10-24,Kyle Kuzma,27,12,2,1,1,1
Nike Book 1,Nike Book 1,2024-10-24,Enzo Shahrvin,8,0,2,1,0,0
Nike Book 1,Nike Book 1,2024-10-24,Elie Okobo,23,13,1,7,2,0
Nike Book 1,Nike Book 1,2024-10-24,Mikael Jantunen,28,11,2,2,0,2
Nike Book 1,Nike Book 1,2024-10-24,P.J. Washington,26,11,5,2,1,0
Nike Book 1,Nike Book 1,2024-10-23,Tyrique Jones,28,20,6,0,5,1
Nike Book 1,Nike Book 1,2024-10-23,Jusuf Nurkic,22,11,9,2,2,0
Nike Book 1,Nike Book 1,2024-10-23,Devin Booker,32,15,4,6,1,1
Nike Book 1,Nike Book 1,2024-10-23,Jaylon Tyson,6,4,2,1,0,0
Nike Book 1,Nike Book 1,2024-10-23,Cameron Johnson,32,14,4,0,1,1
Nike Book 1,Nike Book 1,2024-10-23,Andrew Nembhard,34,8,2,7,1,0
Nike Book 1,Nike Book 1,2024-10-23,Franz Wagner,23,23,4,4,2,1
Nike Book 1,Nike Book 1,2024-10-23,Cory Joseph,5,0,0,0,0,0
Nike Book 1,Nike Book 1,2024-10-22,Payton Pritchard,24,3,4,4,0,0
Nike Book 1,Nike Book 1,2024-10-18,Yago dos Santos,24,23,0,1,0,0
Nike Book 1,Nike Book 1,2024-10-18,Elie Okobo,23,20,0,6,1,1
Nike Book 1,Nike Book 1,2024-10-18,Ercan Osmani,16,4,4,0,1,0
Nike Book 1,Nike Book 1,2024-10-18,Derek Willis,20,5,2,0,1,0
Nike Book 1,Nike Book 1,2024-10-18,Darius Thompson,27,13,4,5,0,0
Nike Book 1,Nike Book 1,2024-10-17,Deividas Sirvydis,22,11,3,0,1,0
Nike Book 1,Nike Book 1,2024-10-17,Nikola Mirotic,31,17,11,3,1,0
Nike Book 1,Nike Book 1,2024-10-17,Ioannis Papapetrou,21,12,2,0,0,0
Nike Book 1,Nike Book 1,2024-10-17,Mikael Jantunen,26,12,7,1,0,0
Nike Book 1,Nike Book 1,2024-10-17,Enzo Shahrvin,6,2,2,0,0,1
Nike Book 1,Nike Book 1,2024-10-17,Giampaolo Ricci,19,5,1,0,0,0
Nike Book 1,Nike Book 1,2024-10-17,Arturs Zagars,17,5,2,3,1,0
Nike Book 1,Nike Book 1,2024-10-17,Roman Sorkin,26,11,5,1,2,0
Nike Book 1,Nike Book 1,2024-10-16,Elie Okobo,25,13,1,7,0,0
Nike Book 1,Nike Book 1,2024-10-15,Deividas Sirvydis,19,3,3,2,2,0
Nike Book 1,Nike Book 1,2024-10-15,Ioannis Papapetrou,11,0,0,0,0,0
Nike Book 1,Nike Book 1,2024-10-15,Mikael Jantunen,23,6,4,0,2,0
Nike Book 1,Nike Book 1,2024-10-15,Melih Mahmutoglu,8,3,1,0,0,0
Nike Book 1,Nike Book 1,2024-10-15,Arturs Zagars,15,2,2,1,0,0
Nike Book 1,Nike Book 1,2024-10-15,Ercan Osmani,21,7,6,3,3,1
Nike Book 1,Nike Book 1,2024-10-15,Derek Willis,11,3,0,0,0,0
Nike Book 1,Nike Book 1,2024-10-15,Darius Thompson,28,10,2,6,1,0
Nike Book 1,Nike Book 1,2024-10-15,Roman Sorkin,24,9,0,0,0,0
Nike Book 1,Nike Book 1,2024-10-15,Giampaolo Ricci,18,11,2,0,0,1
Nike Book 1,Nike Book 1,2024-10-15,Tarik Black,8,0,1,0,0,0
Nike Book 1,Nike Book 1,2024-10-15,Nikola Mirotic,24,5,8,2,1,1
Nike Book 1,Nike Book 1,2024-10-15,Enzo Shahrvin,11,2,6,1,0,1
Nike Book 1,Nike Book 1,2024-10-11,Youssoupha Fall,4,0,3,0,0,0
Nike Book 1,Nike Book 1,2024-10-11,Nikola Mirotic,28,15,6,2,2,1
Nike Book 1,Nike Book 1,2024-10-11,Giampaolo Ricci,18,5,5,0,0,0
Nike Book 1,Nike Book 1,2024-10-11,Deividas Sirvydis,25,17,4,2,1,0
Nike Book 1,Nike Book 1,2024-10-10,Tyrique Jones,22,11,4,2,1,0
Nike Book 1,Nike Book 1,2024-10-10,Ioannis Papapetrou,13,4,6,0,1,1
Nike Book 1,Nike Book 1,2024-10-10,Arturs Zagars,13,11,0,3,0,0
Nike Book 1,Nike Book 1,2024-10-10,Ercan Osmani,11,2,1,1,1,1
Nike Book 1,Nike Book 1,2024-10-10,Derek Willis,18,2,7,0,1,0
Nike Book 1,Nike Book 1,2024-10-10,Tarik Black,10,1,4,1,0,0
Nike Book 1,Nike Book 1,2024-10-09,Roman Sorkin,19,7,3,1,0,0
Nike Book 1,Nike Book 1,2024-10-09,Elie Okobo,26,17,2,3,0,0
Nike Book 1,Nike Book 1,2024-10-08,DeWanna Bonner,32,14,8,0,1,0
Nike Book 1,Nike Book 1,2024-10-06,DeWanna Bonner,34,18,8,4,4,1
Nike Book 1,Nike Book 1,2024-10-04,Scottie Wilbekin,2,0,0,0,0,0
Nike Book 1,Nike Book 1,2024-10-04,Arturs Zagars,2,3,0,0,0,0
Nike Book 1,Nike Book 1,2024-10-04,Mikael Jantunen,25,9,6,1,2,0
Nike Book 1,Nike Book 1,2024-10-04,Ercan Osmani,16,5,1,0,0,0
Nike Book 1,Nike Book 1,2024-10-04,Derek Willis,12,6,2,0,1,2
Nike Book 1,Nike Book 1,2024-10-04,Queen Egbo,3,0,1,1,0,0
Nike Book 1,Nike Book 1,2024-10-04,DeWanna Bonner,35,16,8,1,1,0
Nike Book 1,Nike Book 1,2024-10-03,Tyrique Jones,31,22,4,1,2,0
Nike Book 1,Nike Book 1,2024-10-03,Roman Sorkin,22,7,3,1,1,1
Nike Book 1,Nike Book 1,2024-10-03,Tarik Black,17,10,5,0,0,0
Nike Book 1,Nike Book 1,2024-10-03,Arnas Butkevicius,24,6,3,0,2,0
Nike Book 1,Nike Book 1,2024-10-03,Deividas Sirvydis,12,8,1,0,0,0
Nike Book 1,Nike Book 1,2024-10-03,Nikola Mirotic,27,9,3,0,2,0
Nike Book 1,Nike Book 1,2024-10-03,Elie Okobo,25,14,1,4,3,0
Nike Book 1,Nike Book 1,2024-10-01,DeWanna Bonner,34,17,6,3,5,0
Nike Book 1,Nike Book 1,2024-09-29,DeWanna Bonner,32,10,11,5,0,1
Nike Book 1,Nike Book 1,2024-09-25,DeWanna Bonner,33,15,8,2,2,0
Nike Book 1,Nike Book 1,2024-09-25,Lexie Hull,30,8,3,1,1,0
Nike Book 1,Nike Book 1,2024-09-25,Kelsey Mitchell,40,17,3,3,0,0
Nike Book 1,Nike Book 1,2024-09-25,Alissa Pili,0,0,0,0,0,0
Nike Book 1,Nike Book 1,2024-09-25,Natasha Cloud,34,16,5,10,1,0
Nike Book 1,Nike Book 1,2024-09-24,Ezi Magbegor,28,14,7,2,0,0
Nike Book 1,Nike Book 1,2024-09-22,Alissa Pili,0,0,0,0,0,0
Nike Book 1,Nike Book 1,2024-09-22,Natasha Cloud,38,33,6,10,1,1
Nike Book 1,Nike Book 1,2024-09-22,Sydney Colson,4,0,0,0,0,0
Nike Book 1,Nike Book 1,2024-09-22,DeWanna Bonner,30,22,6,5,0,2
Nike Book 1,Nike Book 1,2024-09-22,Lexie Hull,29,5,6,3,4,1
Nike Book 1,Nike Book 1,2024-09-22,Kelsey Mitchell,36,21,3,5,0,0
Nike Book 1,Nike Book 1,2024-09-19,Alissa Pili,22,8,2,0,2,0
Nike Book 1,Nike Book 1,2024-09-19,Lou Lopez Senechal,11,2,1,0,1,0
Nike Book 1,Nike Book 1,2024-09-19,Sydney Colson,31,13,5,4,2,2
Nike Book 1,Nike Book 1,2024-09-19,Natasha Cloud,20,4,3,4,1,0
Nike Book 1,Nike Book 1,2024-09-19,Lindsay Allen,25,4,1,5,0,1
Nike Book 1,Nike Book 1,2024-09-19,Brianna Turner,34,4,6,0,0,3
Nike Book 1,Nike Book 1,2024-09-19,Brittney Sykes,20,12,5,2,0,0
Nike Book 1,Nike Book 1,2024-09-19,Lexie Hull,21,0,1,1,2,0
Nike Book 1,Nike Book 1,2024-09-19,Kelsey Mitchell,4,4,0,1,0,0
Nike Book 1,Nike Book 1,2024-09-19,DeWanna Bonner,24,11,4,2,1,1
Nike Book 1,Nike Book 1,2024-09-17,Lindsay Allen,30,16,4,4,0,0
Nike Book 1,Nike Book 1,2024-09-17,Joyner Holmes,20,8,3,0,1,0
Nike Book 1,Nike Book 1,2024-09-17,Jordan Horston,19,2,6,2,0,0
Nike Book 1,Nike Book 1,2024-09-17,Sydney Colson,9,2,0,1,1,1
Nike Book 1,Nike Book 1,2024-09-17,Natasha Cloud,33,13,2,12,2,0
Nike Book 1,Nike Book 1,2024-09-17,Brianna Turner,33,8,9,3,1,1
Nike Book 1,Nike Book 1,2024-09-17,Brittney Sykes,19,8,5,0,1,0
Nike Book 1,Nike Book 1,2024-09-17,DeWanna Bonner,31,9,1,3,2,1
Nike Book 1,Nike Book 1,2024-09-15,Lexie Hull,28,6,4,3,1,0
Nike Book 1,Nike Book 1,2024-09-15,Kelsey Mitchell,30,30,0,1,0,0
Nike Book 1,Nike Book 1,2024-09-15,Lou Lopez Senechal,0,0,0,0,0,0
Nike Book 1,Nike Book 1,2024-09-15,Brittney Sykes,32,6,3,3,2,0
Nike Book 1,Nike Book 1,2024-09-15,Alissa Pili,0,0,0,0,0,0
Nike Book 1,Nike Book 1,2024-09-15,Lindsay Allen,26,6,6,7,0,0
Nike Book 1,Nike Book 1,2024-09-15,Natasha Cloud,36,18,4,11,1,0
Nike Book 1,Nike Book 1,2024-09-15,DeWanna Bonner,36,6,6,2,2,1
Nike Book 1,Nike Book 1,2024-09-15,Sydney Colson,4,0,0,0,0,0
Nike Book 1,Nike Book 1,2024-09-13,Mercedes Russell,28,9,5,2,0,1
Nike Book 1,Nike Book 1,2024-09-13,Lindsay Allen,27,10,4,5,0,0
Nike Book 1,Nike Book 1,2024-09-13,Natasha Cloud,34,17,4,7,1,1
Nike Book 1,Nike Book 1,2024-09-13,DeWanna Bonner,27,14,4,2,0,0
Nike Book 1,Nike Book 1,2024-09-13,Brittney Sykes,25,20,3,2,2,1
Nike Book 1,Nike Book 1,2024-09-13,Sydney Colson,4,0,0,1,0,0
Nike Book 1,Nike Book 1,2024-09-13,Kelsey Mitchell,35,20,2,0,1,0
Nike Book 1,Nike Book 1,2024-09-13,Lexie Hull,35,2,2,1,1,0
Nike Book 1,Nike Book 1,2024-09-12,Lou Lopez Senechal,6,2,2,0,0,0
Nike Book 1,Nike Book 1,2024-09-11,Lindsay Allen,28,6,4,5,3,1
Nike Book 1,Nike Book 1,2024-09-11,Brianna Turner,20,4,4,0,3,0
Nike Book 1,Nike Book 1,2024-09-11,Brittney Sykes,22,14,8,7,0,1
Nike Book 1,Nike Book 1,2024-09-11,Lexie Hull,30,9,5,2,1,1
Nike Book 1,Nike Book 1,2024-09-11,Kelsey Mitchell,38,24,1,1,1,0
Nike Book 1,Nike Book 1,2024-09-11,Sydney Colson,12,2,1,4,1,0
Nike Book 1,Nike Book 1,2024-09-10,Kayla McBride,32,15,2,1,1,0
Nike Book 1,Nike Book 1,2024-09-10,Alissa Pili,0,0,0,0,0,0
Nike Book 1,Nike Book 1,2024-09-10,Lou Lopez Senechal,2,0,0,0,0,0
Nike Book 1,Nike Book 1,2024-09-10,DeWanna Bonner,23,6,2,2,0,1
Nike Book 1,Nike Book 1,2024-09-08,Brittney Sykes,23,13,3,1,1,0
Nike Book 1,Nike Book 1,2024-09-08,Kayla McBride,36,10,2,4,0,0
Nike Book 1,Nike Book 1,2024-09-08,Shakira Austin,9,2,2,0,0,0
Nike Book 1,Nike Book 1,2024-09-08,Kelsey Mitchell,42,21,4,1,1,0
Nike Book 1,Nike Book 1,2024-09-08,Lexie Hull,39,12,4,2,1,0
Nike Book 1,Nike Book 1,2024-09-08,Sydney Colson,9,8,1,0,2,1
Nike Book 1,Nike Book 1,2024-09-08,Lindsay Allen,21,4,2,1,1,0
Nike Book 1,Nike Book 1,2024-09-08,Brianna Turner,11,2,4,0,0,1
Nike Book 1,Nike Book 1,2024-09-08,Lou Lopez Senechal,2,0,0,1,1,0
Nike Book 1,Nike Book 1,2024-09-08,DeWanna Bonner,36,14,4,1,1,1
Nike Book 1,Nike Book 1,2024-09-07,Natasha Cloud,28,3,3,6,1,0
Nike Book 1,Nike Book 1,2024-09-06,Kelsey Mitchell,37,23,2,2,0,0
Nike Book 1,Nike Book 1,2024-09-06,Kayla McBride,18,3,1,2,0,0
Nike Book 1,Nike Book 1,2024-09-06,Sydney Colson,6,2,1,0,0,0
Nike Book 1,Nike Book 1,2024-09-06,DeWanna Bonner,35,11,9,1,2,0
Nike Book 1,Nike Book 1,2024-09-06,Lexie Hull,30,8,9,3,2,1
Nike Book 1,Nike Book 1,2024-09-06,Lindsay Allen,31,8,1,6,1,0
Nike Book 1,Nike Book 1,2024-09-05,Natasha Cloud,28,13,1,5,0,0
Nike Book 1,Nike Book 1,2024-09-05,Brittney Sykes,23,14,4,3,1,0
Nike Book 1,Nike Book 1,2024-09-05,Jewell Loyd,31,6,6,1,0,0
Nike Book 1,Nike Book 1,2024-09-04,Lexie Hull,28,4,4,0,0,0
Nike Book 1,Nike Book 1,2024-09-04,Kelsey Mitchell,36,18,4,2,0,0
Nike Book 1,Nike Book 1,2024-09-03,Jordan Horston,18,5,2,3,2,3
Nike Book 1,Nike Book 1,2024-09-03,Brittney Sykes,19,6,0,1,0,0
Nike Book 1,Nike Book 1,2024-09-03,DeWanna Bonner,33,26,7,1,1,1
Nike Book 1,Nike Book 1,2024-09-03,Lindsay Allen,18,0,2,3,0,0
Nike Book 1,Nike Book 1,2024-09-03,Sydney Colson,12,0,0,2,0,0
Nike Book 1,Nike Book 1,2024-09-01,Mercedes Russell,10,2,3,0,0,1
Nike Book 1,Nike Book 1,2024-09-01,Jordan Horston,13,4,2,1,0,0
Nike Book 1,Nike Book 1,2024-09-01,Lindsay Allen,32,6,2,6,0,0
Nike Book 1,Nike Book 1,2024-09-01,Kayla McBride,35,17,2,3,0,0
Nike Book 1,Nike Book 1,2024-09-01,DeWanna Bonner,25,4,5,4,0,2
Nike Book 1,Nike Book 1,2024-09-01,Lexie Hull,32,6,5,4,1,2
Nike Book 1,Nike Book 1,2024-09-01,Kelsey Mitchell,37,36,6,3,0,0
Nike Book 1,Nike Book 1,2024-09-01,Sydney Colson,14,5,0,2,1,0
Nike Book 1,Nike Book 1,2024-09-01,Natasha Cloud,37,5,2,6,0,0
Nike Book 1,Nike Book 1,2024-08-31,Brittney Sykes,20,9,1,1,0,1
Nike Book 1,Nike Book 1,2024-08-31,DeWanna Bonner,28,16,2,2,1,0
Nike Book 1,Nike Book 1,2024-08-30,Jordan Horston,7,0,0,0,0,0
Nike Book 1,Nike Book 1,2024-08-30,Sydney Colson,10,6,2,1,0,1
Nike Book 1,Nike Book 1,2024-08-30,Lexie Hull,31,11,3,1,1,0
Nike Book 1,Nike Book 1,2024-08-30,Brianna Turner,2,0,2,0,0,0
Nike Book 1,Nike Book 1,2024-08-30,Lindsay Allen,25,19,4,6,1,0
Nike Book 1,Nike Book 1,2024-08-30,Alissa Pili,5,0,1,0,0,0
Nike Book 1,Nike Book 1,2024-08-30,Kelsey Mitchell,28,23,1,1,0,0
Nike Book 1,Nike Book 1,2024-08-30,Lou Lopez Senechal,0,0,0,0,0,0
Nike Book 1,Nike Book 1,2024-08-28,Natasha Cloud,36,12,3,8,0,2
Nike Book 1,Nike Book 1,2024-08-28,Jewell Loyd,36,28,6,3,3,0
Nike Book 1,Nike Book 1,2024-08-28,Alissa Pili,1,0,1,0,0,0
Nike Book 1,Nike Book 1,2024-08-28,DeWanna Bonner,25,13,8,0,0,1
Nike Book 1,Nike Book 1,2024-08-28,Lindsay Allen,26,8,1,4,0,0
Nike Book 1,Nike Book 1,2024-08-28,Brittney Sykes,25,6,3,1,1,1
Nike Book 1,Nike Book 1,2024-08-28,Kelsey Mitchell,37,23,4,3,0,2
Nike Book 1,Nike Book 1,2024-08-28,Lexie Hull,31,17,8,3,0,1
Nike Book 1,Nike Book 1,2024-08-26,Natasha Cloud,35,18,6,7,1,0
Nike Book 1,Nike Book 1,2024-08-26,Brittney Sykes,29,20,6,3,2,1
Nike Book 1,Nike Book 1,2024-08-26,Lexie Hull,29,2,4,2,2,0
Nike Book 1,Nike Book 1,2024-08-26,Kelsey Mitchell,37,29,7,1,1,0
Nike Book 1,Nike Book 1,2024-08-25,Lindsay Allen,34,16,3,5,0,0
Nike Book 1,Nike Book 1,2024-08-25,Teaira McCowan,28,17,11,1,3,0
Nike Book 1,Nike Book 1,2024-08-24,Lexie Hull,25,10,2,0,0,0
Nike Book 1,Nike Book 1,2024-08-24,Kelsey Mitchell,34,21,4,3,2,0
Nike Book 1,Nike Book 1,2024-08-24,DeWanna Bonner,35,10,12,3,2,0
Nike Book 1,Nike Book 1,2024-08-23,Brittney Sykes,31,28,6,5,1,1
Nike Book 1,Nike Book 1,2024-08-23,Sydney Colson,2,0,0,0,0,0
Nike Book 1,Nike Book 1,2024-08-23,Natasha Cloud,29,4,5,7,1,0
Nike Book 1,Nike Book 1,2024-08-23,Lindsay Allen,30,14,1,6,3,0
Nike Book 1,Nike Book 1,2024-08-23,DeWanna Bonner,34,15,8,3,1,1
Nike Book 1,Nike Book 1,2024-08-21,Sydney Colson,8,0,0,1,1,0
Nike Book 1,Nike Book 1,2024-08-20,DeWanna Bonner,25,7,2,2,1,1
Nike Book 1,Nike Book 1,2024-08-20,Jewell Loyd,32,18,1,3,3,0
Nike Book 1,Nike Book 1,2024-08-18,DeWanna Bonner,25,9,10,3,1,1
Nike Book 1,Nike Book 1,2024-08-18,Lindsay Allen,22,2,1,2,1,0
Nike Book 1,Nike Book 1,2024-08-18,Kelsey Mitchell,34,27,2,3,3,1
Nike Book 1,Nike Book 1,2024-08-18,Lexie Hull,20,22,1,0,0,1
Nike Book 1,Nike Book 1,2024-08-18,Sydney Colson,5,4,0,0,1,0
Nike Book 1,Nike Book 1,2024-08-17,Brittney Sykes,25,7,3,7,0,0
Nike Book 1,Nike Book 1,2024-08-17,Alissa Pili,5,6,3,1,0,0
Nike Book 1,Nike Book 1,2024-08-17,Lindsay Allen,26,16,4,6,1,0
Nike Book 1,Nike Book 1,2024-08-16,Natasha Cloud,37,19,2,3,3,0
Nike Book 1,Nike Book 1,2024-08-16,DeWanna Bonner,32,29,3,4,2,1
Nike Book 1,Nike Book 1,2024-08-16,Kelsey Mitchell,36,28,5,3,0,1
Nike Book 1,Nike Book 1,2024-08-16,Lexie Hull,18,6,2,0,0,1
Nike Book 1,Nike Book 1,2024-08-15,Brittney Sykes,22,11,4,3,0,0
Nike Book 1,Nike Book 1,2024-08-15,Lindsay Allen,16,5,2,6,0,0
Nike Book 1,Nike Book 1,2024-08-15,Brianna Turner,5,0,0,0,0,0
Nike Book 1,Nike Book 1,2024-08-15,Natasha Cloud,29,3,2,6,1,0
Nike Book 1,Nike Book 1,2024-08-11,Kyara Linskens,21,9,8,2,3,2
Nike Book 1,Nike Book 1,2024-08-11,Marine Johannes,21,9,2,1,0,0
Nike Book 1,Nike Book 1,2024-08-10,Franz Wagner,35,18,9,4,3,0
Nike Book 1,Nike Book 1,2024-08-10,Devin Booker,27,15,6,3,0,0
Nike Book 1,Nike Book 1,2024-08-09,Lauren Jackson,5,0,1,0,1,0
Nike Book 1,Nike Book 1,2024-08-09,Marine Johannes,18,6,3,5,1,0
Nike Book 1,Nike Book 1,2024-08-08,Franz Wagner,29,10,8,3,2,0
Nike Book 1,Nike Book 1,2024-08-08,Devin Booker,24,6,0,1,0,0
Nike Book 1,Nike Book 1,2024-08-07,Yvonne Anderson,26,6,0,5,3,0
Nike Book 1,Nike Book 1,2024-08-07,Luisa Geiselsoder,23,4,6,2,0,0
Nike Book 1,Nike Book 1,2024-08-07,Marine Johannes,24,24,1,0,1,0
Nike Book 1,Nike Book 1,2024-08-06,Franz Wagner,36,18,3,2,2,0
Nike Book 1,Nike Book 1,2024-08-06,Vassilis Charalampopoulos,3,0,0,0,0,0
Nike Book 1,Nike Book 1,2024-08-06,Devin Booker,15,18,3,3,0,0
Nike Book 1,Nike Book 1,2024-08-05,Zigmars Raimo,,0,3,,,0
Nike Book 1,Nike Book 1,2024-08-05,Nauris Miezis,,3,0,,,0
Nike Book 1,Nike Book 1,2024-08-05,Francis Lacis,,0,2,,,0
Nike Book 1,Nike Book 1,2024-08-05,Zigmars Raimo,,2,2,,,0
Nike Book 1,Nike Book 1,2024-08-05,Nauris Miezis,,3,3,,,0
Nike Book 1,Nike Book 1,2024-08-05,Francis Lacis,,4,3,,,0
Nike Book 1,Nike Book 1,2024-08-04,Luisa Geiselsoder,34,9,8,2,2,3
Nike Book 1,Nike Book 1,2024-08-04,Marine Johannes,21,9,2,2,1,0
Nike Book 1,Nike Book 1,2024-08-04,Filip Henryk Matczak,,3,2,,,0
Nike Book 1,Nike Book 1,2024-08-04,Francis Lacis,,2,4,,,0
Nike Book 1,Nike Book 1,2024-08-04,Nauris Miezis,,13,3,,,0
Nike Book 1,Nike Book 1,2024-08-04,Zigmars Raimo,,0,3,,,1
Nike Book 1,Nike Book 1,2024-08-04,Filip Henryk Matczak,,2,3,,,0
Nike Book 1,Nike Book 1,2024-08-03,Devin Booker,17,9,4,2,0,0
Nike Book 1,Nike Book 1,2024-08-03,Yvonne Anderson,28,18,2,7,4,0
Nike Book 1,Nike Book 1,2024-08-02,Francis Lacis,,1,3,,,1
Nike Book 1,Nike Book 1,2024-08-02,Filip Henryk Matczak,,3,2,,,0
Nike Book 1,Nike Book 1,2024-08-02,Francis Lacis,,8,4,,,0
Nike Book 1,Nike Book 1,2024-08-02,Zigmars Raimo,,3,0,,,1
Nike Book 1,Nike Book 1,2024-08-02,Nauris Miezis,,2,3,,,0
Nike Book 1,Nike Book 1,2024-08-02,Francis Lacis,,8,3,,,2
Nike Book 1,Nike Book 1,2024-08-02,Franz Wagner,32,26,5,2,1,1
Nike Book 1,Nike Book 1,2024-08-02,Filip Henryk Matczak,,1,0,,,0
Nike Book 1,Nike Book 1,2024-08-02,Nauris Miezis,,10,6,,,0
Nike Book 1,Nike Book 1,2024-08-02,Nauris Miezis,,10,4,,,0
Nike Book 1,Nike Book 1,2024-08-02,Zigmars Raimo,,0,4,,,0
Nike Book 1,Nike Book 1,2024-08-02,Xabi Lopez-Arostegui,9,2,1,3,0,0
Nike Book 1,Nike Book 1,2024-08-02,Vassilis Charalampopoulos,9,3,2,0,0,1
Nike Book 1,Nike Book 1,2024-08-01,Zigmars Raimo,,5,3,,,1
Nike Book 1,Nike Book 1,2024-08-01,Nauris Miezis,,4,2,,,0
Nike Book 1,Nike Book 1,2024-08-01,Francis Lacis,,8,2,,,0
Nike Book 1,Nike Book 1,2024-08-01,Filip Henryk Matczak,,1,1,,,0
Nike Book 1,Nike Book 1,2024-08-01,Kyara Linskens,24,8,5,2,1,2
Nike Book 1,Nike Book 1,2024-08-01,Marine Johannes,22,15,2,5,1,0
Nike Book 1,Nike Book 1,2024-08-01,Filip Henryk Matczak,,5,0,,,0
Nike Book 1,Nike Book 1,2024-08-01,Lauren Jackson,8,0,3,1,1,0
Nike Book 1,Nike Book 1,2024-07-31,Devin Booker,22,10,1,6,1,0
Nike Book 1,Nike Book 1,2024-07-31,Filip Henryk Matczak,,3,4,,,0
Nike Book 1,Nike Book 1,2024-07-31,Nauris Miezis,,5,6,,,0
Nike Book 1,Nike Book 1,2024-07-31,Francis Lacis,,5,4,,,0
Nike Book 1,Nike Book 1,2024-07-31,Yvonne Anderson,29,15,4,6,2,0
Nike Book 1,Nike Book 1,2024-07-30,Nauris Miezis,,9,4,,,0
Nike Book 1,Nike Book 1,2024-07-30,Francis Lacis,,4,3,,,0
Nike Book 1,Nike Book 1,2024-07-30,Franz Wagner,30,17,4,3,4,1
Nike Book 1,Nike Book 1,2024-07-30,Filip Henryk Matczak,,3,2,,,0
Nike Book 1,Nike Book 1,2024-07-30,Xabi Lopez-Arostegui,11,0,1,0,0,0
Nike Book 1,Nike Book 1,2024-07-30,Vassilis Charalampopoulos,3,0,0,0,0,0
Nike Book 1,Nike Book 1,2024-07-30,Andrew Nembhard,22,5,4,1,1,0
Nike Book 1,Nike Book 1,2024-07-29,Marine Johannes,22,7,2,0,0,0
Nike Book 1,Nike Book 1,2024-07-29,Lauren Jackson,12,6,2,0,1,1
Nike Book 1,Nike Book 1,2024-07-28,Devin Booker,26,12,2,5,2,0
Nike Book 1,Nike Book 1,2024-07-28,Yvonne Anderson,36,7,5,8,1,0
Nike Book 1,Nike Book 1,2024-07-27,Franz Wagner,26,22,6,1,0,1
Nike Book 1,Nike Book 1,2024-07-27,Xabi Lopez-Arostegui,13,2,2,1,0,0
Nike Book 1,Nike Book 1,2024-07-20,Kelsey Mitchell,13,13,0,1,2,0
Nike Book 1,Nike Book 1,2024-07-20,DeWanna Bonner,15,5,4,0,0,0
Nike Book 1,Nike Book 1,2024-07-16,Lindsay Allen,26,6,5,4,1,0
Nike Book 1,Nike Book 1,2024-07-16,DeWanna Bonner,35,8,8,1,0,1
Nike Book 1,Nike Book 1,2024-07-14,Jewell Loyd,33,14,0,7,1,0
Nike Book 1,Nike Book 1,2024-07-14,DeWanna Bonner,26,17,5,4,2,0
Nike Book 1,Nike Book 1,2024-07-13,Lindsay Allen,32,8,2,4,2,0
Nike Book 1,Nike Book 1,2024-07-12,Alissa Pili,9,2,4,0,0,0
Nike Book 1,Nike Book 1,2024-07-11,Lindsay Allen,32,5,2,7,1,0
Nike Book 1,Nike Book 1,2024-07-10,Lindsay Allen,22,5,1,3,0,0
Nike Book 1,Nike Book 1,2024-07-10,DeWanna Bonner,40,22,9,3,0,0
Nike Book 1,Nike Book 1,2024-07-09,Alissa Pili,15,7,4,1,2,0
Nike Book 1,Nike Book 1,2024-07-09,Alanna Smith,21,6,6,3,2,0
Nike Book 1,Nike Book 1,2024-07-07,DeWanna Bonner,31,23,4,1,1,1
Nike Book 1,Nike Book 1,2024-07-07,Jewell Loyd,37,20,2,4,0,0
Nike Book 1,Nike Book 1,2024-07-07,Lindsay Allen,25,2,0,6,0,0
Nike Book 1,Nike Book 1,2024-07-06,Kelsey Mitchell,35,14,4,2,1,0
Nike Book 1,Nike Book 1,2024-07-06,Alissa Pili,10,3,1,1,0,0
Nike Book 1,Nike Book 1,2024-07-06,Alanna Smith,29,7,8,3,2,2
Nike Book 1,Nike Book 1,2024-07-05,Lindsay Allen,31,5,2,1,3,0
Nike Book 1,Nike Book 1,2024-07-04,DeWanna Bonner,35,24,9,1,1,0
Nike Book 1,Nike Book 1,2024-07-02,Kelsey Mitchell,35,23,4,1,0,0
Nike Book 1,Nike Book 1,2024-07-02,Alissa Pili,0,0,0,0,0,0
Nike Book 1,Nike Book 1,2024-07-02,Lindsay Allen,26,6,0,3,2,1
Nike Book 1,Nike Book 1,2024-07-01,DeWanna Bonner,32,7,4,1,0,1
Nike Book 1,Nike Book 1,2024-06-30,Kelsey Mitchell,21,16,3,1,1,0
Nike Book 1,Nike Book 1,2024-06-30,Lindsay Allen,32,13,6,7,1,2
Nike Book 1,Nike Book 1,2024-06-28,DeWanna Bonner,31,17,3,3,1,0
Nike Book 1,Nike Book 1,2024-06-27,DeWanna Bonner,43,24,10,2,2,2
Nike Book 1,Nike Book 1,2024-06-27,Kelsey Mitchell,25,14,3,0,0,0
Nike Book 1,Nike Book 1,2024-06-27,Lindsay Allen,34,10,4,5,1,1
Nike Book 1,Nike Book 1,2024-06-23,Kelsey Mitchell,36,24,0,2,1,1
Nike Book 1,Nike Book 1,2024-06-23,Lindsay Allen,26,4,1,7,0,0
Nike Book 1,Nike Book 1,2024-06-23,DeWanna Bonner,33,9,9,2,1,0
Nike Book 1,Nike Book 1,2024-06-22,Alissa Pili,3,0,0,0,0,0
Nike Book 1,Nike Book 1,2024-06-21,Kelsey Mitchell,31,18,4,3,1,0
Nike Book 1,Nike Book 1,2024-06-21,DeWanna Bonner,31,6,5,1,1,0
Nike Book 1,Nike Book 1,2024-06-20,Lindsay Allen,14,2,0,4,0,1
Nike Book 1,Nike Book 1,2024-06-20,Brianna Turner,5,0,0,0,0,0
Nike Book 1,Nike Book 1,2024-06-19,Alissa Pili,5,0,1,0,0,0
Nike Book 1,Nike Book 1,2024-06-19,Kelsey Mitchell,38,22,3,1,0,0
Nike Book 1,Nike Book 1,2024-06-18,DeWanna Bonner,30,16,7,1,2,2
Nike Book 1,Nike Book 1,2024-06-15,DeWanna Bonner,29,8,8,1,2,1
Nike Book 1,Nike Book 1,2024-06-12,DeWanna Bonner,33,16,8,3,1,0
Nike Book 1,Nike Book 1,2024-06-11,Alanna Smith,26,18,4,3,1,1
Nike Book 1,Nike Book 1,2024-06-11,Brittney Sykes,14,18,3,4,0,0
Nike Book 1,Nike Book 1,2024-06-10,DeWanna Bonner,22,17,3,0,2,0
Nike Book 1,Nike Book 1,2024-06-09,Alanna Smith,27,7,3,7,3,2
Nike Book 1,Nike Book 1,2024-06-09,Jewell Loyd,37,25,7,3,1,0
Nike Book 1,Nike Book 1,2024-06-08,DeWanna Bonner,34,16,8,3,1,1
Nike Book 1,Nike Book 1,2024-06-08,Lindsay Allen,17,8,1,2,0,0
Nike Book 1,Nike Book 1,2024-06-07,Alanna Smith,28,12,4,6,1,2
Nike Book 1,Nike Book 1,2024-06-06,Lindsay Allen,26,4,3,3,4,0
Nike Book 1,Nike Book 1,2024-06-05,Emma Cannon,0,0,0,0,0,0
Nike Book 1,Nike Book 1,2024-06-04,DeWanna Bonner,33,20,8,3,1,1
Nike Book 1,Nike Book 1,2024-06-02,DeWanna Bonner,30,18,10,1,0,2
Nike Book 1,Nike Book 1,2024-05-31,Alanna Smith,18,8,2,3,2,1
Nike Book 1,Nike Book 1,2024-05-31,Natasha Cloud,29,5,6,7,0,0
Nike Book 1,Nike Book 1,2024-05-31,Shakira Austin,23,12,6,0,1,1
Nike Book 1,Nike Book 1,2024-05-31,DeWanna Bonner,34,12,4,2,0,0
Nike Book 1,Nike Book 1,2024-05-30,Jewell Loyd,26,22,1,6,0,0
Nike Book 1,Nike Book 1,2024-05-29,Alanna Smith,31,7,6,3,0,2
Nike Book 1,Nike Book 1,2024-05-29,Shakira Austin,23,12,9,3,0,0
Nike Book 1,Nike Book 1,2024-05-29,Emma Cannon,0,0,0,0,0,0
Nike Book 1,Nike Book 1,2024-05-28,DeWanna Bonner,29,19,3,3,1,1
Nike Book 1,Nike Book 1,2024-05-27,Andrew Nembhard,38,24,6,10,1,1
Nike Book 1,Nike Book 1,2024-05-26,Ioannis Papapetrou,18,4,1,0,0,0
Nike Book 1,Nike Book 1,2024-05-26,Nathan Sestina,16,8,4,0,1,0
Nike Book 1,Nike Book 1,2024-05-26,Scottie Wilbekin,26,16,4,5,4,0
Nike Book 1,Nike Book 1,2024-05-25,Dyaisha Fair,3,0,0,2,0,0
Nike Book 1,Nike Book 1,2024-05-25,Natasha Cloud,35,9,4,12,3,0
Nike Book 1,Nike Book 1,2024-05-25,Andrew Nembhard,39,32,4,9,0,0
Nike Book 1,Nike Book 1,2024-05-25,DeWanna Bonner,34,19,8,3,0,1
Nike Book 1,Nike Book 1,2024-05-24,Ioannis Papapetrou,22,9,3,2,0,0
Nike Book 1,Nike Book 1,2024-05-24,Nathan Sestina,19,10,2,0,0,0
Nike Book 1,Nike Book 1,2024-05-24,Scottie Wilbekin,23,2,2,2,1,0
Nike Book 1,Nike Book 1,2024-05-23,Andrew Nembhard,26,16,2,5,1,0
Nike Book 1,Nike Book 1,2024-05-23,Taylor Soule,2,0,1,0,0,0
Nike Book 1,Nike Book 1,2024-05-23,DeWanna Bonner,36,20,3,2,3,0
Nike Book 1,Nike Book 1,2024-05-21,Ariel Atkins,34,9,2,4,6,1
Nike Book 1,Nike Book 1,2024-05-21,Andrew Nembhard,34,12,3,7,0,0
Nike Book 1,Nike Book 1,2024-05-20,DeWanna Bonner,34,22,3,2,1,0
Nike Book 1,Nike Book 1,2024-05-20,Jewell Loyd,33,13,9,1,2,0
Nike Book 1,Nike Book 1,2024-05-19,Andrew Nembhard,33,20,5,6,1,0
Nike Book 1,Nike Book 1,2024-05-19,Jewell Loyd,37,24,4,2,1,0
Nike Book 1,Nike Book 1,2024-05-18,Natasha Cloud,31,7,2,5,2,1
Nike Book 1,Nike Book 1,2024-05-18,Kelsey Mitchell,30,17,2,2,2,0
Nike Book 1,Nike Book 1,2024-05-18,Ivana Dojkic,10,3,0,0,0,0
Nike Book 1,Nike Book 1,2024-05-17,Andrew Nembhard,37,15,6,6,0,1
Nike Book 1,Nike Book 1,2024-05-17,Napheesa Collier,44,29,9,5,6,2
Nike Book 1,Nike Book 1,2024-05-17,DeWanna Bonner,34,22,6,1,6,0
Nike Book 1,Nike Book 1,2024-05-16,Kelsey Mitchell,21,5,2,0,0,0
Nike Book 1,Nike Book 1,2024-05-16,DeAndre Jordan,4,0,1,0,0,0
Nike Book 1,Nike Book 1,2024-05-16,Ivana Dojkic,13,5,1,1,0,0
Nike Book 1,Nike Book 1,2024-05-14,Natasha Cloud,33,14,8,7,1,0
Nike Book 1,Nike Book 1,2024-05-14,Andrew Nembhard,27,11,2,4,0,1
Nike Book 1,Nike Book 1,2024-05-14,Kelsey Mitchell,16,8,0,1,0,0
Nike Book 1,Nike Book 1,2024-05-14,Ivana Dojkic,8,1,2,1,1,0
Nike Book 1,Nike Book 1,2024-05-14,DeWanna Bonner,28,20,6,1,1,0
Nike Book 1,Nike Book 1,2024-05-12,Andrew Nembhard,21,9,1,5,0,0
Nike Book 1,Nike Book 1,2024-05-10,Andrew Nembhard,30,5,5,6,0,0
Nike Book 1,Nike Book 1,2024-05-08,Nicolas Laprovittola,25,17,7,4,1,0
Nike Book 1,Nike Book 1,2024-05-08,Scottie Wilbekin,34,14,4,2,3,0
Nike Book 1,Nike Book 1,2024-05-08,Nathan Sestina,14,8,1,1,1,0
Nike Book 1,Nike Book 1,2024-05-08,Andrew Nembhard,26,15,0,4,0,0
Nike Book 1,Nike Book 1,2024-05-08,Elie Okobo,32,15,3,5,1,0
Nike Book 1,Nike Book 1,2024-05-07,Ioannis Papapetrou,28,10,1,3,1,0
Nike Book 1,Nike Book 1,2024-05-06,Andrew Nembhard,29,11,2,4,0,0
Nike Book 1,Nike Book 1,2024-05-05,Gary Harris,27,6,2,1,1,0
Nike Book 1,Nike Book 1,2024-05-05,Franz Wagner,34,6,6,6,1,1
Nike Book 1,Nike Book 1,2024-05-03,Elie Okobo,26,13,1,2,0,0
Nike Book 1,Nike Book 1,2024-05-03,Scottie Wilbekin,25,11,2,4,0,0
Nike Book 1,Nike Book 1,2024-05-03,Franz Wagner,41,26,5,2,1,2
Nike Book 1,Nike Book 1,2024-05-02,Andrew Nembhard,37,14,5,4,2,1
Nike Book 1,Nike Book 1,2024-05-02,Ioannis Papapetrou,26,8,1,0,0,0
Nike Book 1,Nike Book 1,2024-05-01,Elie Okobo,17,2,3,1,0,0
Nike Book 1,Nike Book 1,2024-05-01,Scottie Wilbekin,23,11,3,4,1,0
Nike Book 1,Nike Book 1,2024-05-01,Markus Howard,24,29,2,2,0,0
Nike Book 1,Nike Book 1,2024-04-30,Andrew Nembhard,32,12,3,5,1,0
Nike Book 1,Nike Book 1,2024-04-30,Franz Wagner,38,14,5,6,1,1
Nike Book 1,Nike Book 1,2024-04-30,Ioannis Papapetrou,28,17,6,0,0,0
Nike Book 1,Nike Book 1,2024-04-28,Andrew Nembhard,37,15,3,9,0,0
Nike Book 1,Nike Book 1,2024-04-28,Devin Booker,44,49,5,6,2,1
Nike Book 1,Nike Book 1,2024-04-27,Franz Wagner,39,34,13,4,0,1
Nike Book 1,Nike Book 1,2024-04-27,Chuma Okeke,4,3,0,0,0,0
Nike Book 1,Nike Book 1,2024-04-26,David Roddy,0,0,0,0,0,0
Nike Book 1,Nike Book 1,2024-04-26,Devin Booker,41,23,3,8,2,0
Nike Book 1,Nike Book 1,2024-04-26,Elie Okobo,28,13,1,2,1,0
Nike Book 1,Nike Book 1,2024-04-26,Nicolas Laprovittola,18,5,2,2,1,0
Nike Book 1,Nike Book 1,2024-04-26,Scottie Wilbekin,25,23,1,3,1,0
Nike Book 1,Nike Book 1,2024-04-26,Andrew Nembhard,39,16,5,4,0,0
Nike Book 1,Nike Book 1,2024-04-25,Gabe Vincent,20,4,4,0,0,0
Nike Book 1,Nike Book 1,2024-04-25,Ioannis Papapetrou,27,15,3,3,2,1
Nike Book 1,Nike Book 1,2024-04-25,Chuma Okeke,5,3,0,1,0,0
Nike Book 1,Nike Book 1,2024-04-25,Franz Wagner,30,16,5,8,0,0
Nike Book 1,Nike Book 1,2024-04-24,Scottie Wilbekin,12,7,0,0,0,0
Nike Book 1,Nike Book 1,2024-04-23,Andrew Nembhard,31,20,4,3,0,0
Nike Book 1,Nike Book 1,2024-04-23,Ioannis Papapetrou,2,0,1,0,0,0
Nike Book 1,Nike Book 1,2024-04-23,Devin Booker,41,20,3,5,2,0
Nike Book 1,Nike Book 1,2024-04-21,Andrew Nembhard,29,6,0,3,0,0
Nike Book 1,Nike Book 1,2024-04-20,Jusuf Nurkic,26,9,4,1,2,3
Nike Book 1,Nike Book 1,2024-04-20,Devin Booker,37,18,2,5,1,0
Nike Book 1,Nike Book 1,2024-04-19,Jevon Carter,3,2,1,1,0,0
Nike Book 1,Nike Book 1,2024-04-17,Jevon Carter,1,0,0,0,0,0
Nike Book 1,Nike Book 1,2024-04-14,Nic Claxton,20,6,8,1,0,0
Nike Book 1,Nike Book 1,2024-04-14,Franz Wagner,32,25,5,3,3,0
Nike Book 1,Nike Book 1,2024-04-14,Andrew Nembhard,22,10,2,5,1,0
Nike Book 1,Nike Book 1,2024-04-14,Devin Booker,35,23,4,7,1,0
Nike Book 1,Nike Book 1,2024-04-14,P.J. Tucker,7,0,0,0,0,0
Nike Book 1,Nike Book 1,2024-04-12,Franz Wagner,35,24,6,3,1,1
Nike Book 1,Nike Book 1,2024-04-12,Andrew Nembhard,34,10,2,5,0,0
Nike Book 1,Nike Book 1,2024-04-12,Nathan Sestina,0,0,0,0,0,0
Nike Book 1,Nike Book 1,2024-04-12,Scottie Wilbekin,25,12,4,1,1,0
Nike Book 1,Nike Book 1,2024-04-12,Nathan Reuvers,15,7,4,0,0,0
Nike Book 1,Nike Book 1,2024-04-12,Xabi Lopez-Arostegui,16,4,5,1,0,0
Nike Book 1,Nike Book 1,2024-04-12,Timothe Luwawu-Cabarrot,25,4,2,1,3,0
Nike Book 1,Nike Book 1,2024-04-12,Devin Booker,41,21,4,6,0,0
Nike Book 1,Nike Book 1,2024-04-12,Timmy Allen,27,2,6,1,0,0
Nike Book 1,Nike Book 1,2024-04-11,Elie Okobo,15,14,3,0,0,0
Nike Book 1,Nike Book 1,2024-04-11,Yago dos Santos,21,3,1,2,1,0
Nike Book 1,Nike Book 1,2024-04-11,Ioannis Papapetrou,5,0,1,0,0,0
Nike Book 1,Nike Book 1,2024-04-10,Devin Booker,39,37,1,4,1,1
Nike Book 1,Nike Book 1,2024-04-10,P.J. Tucker,23,10,5,1,1,0
Nike Book 1,Nike Book 1,2024-04-10,TyTy Washington Jr.,3,0,1,0,0,0
Nike Book 1,Nike Book 1,2024-04-10,Timmy Allen,16,2,4,1,0,0
Nike Book 1,Nike Book 1,2024-04-09,Andrew Nembhard,27,8,2,8,0,1
Nike Book 1,Nike Book 1,2024-04-09,Ricky Council IV,10,3,1,1,1,0
Nike Book 1,Nike Book 1,2024-04-09,TyTy Washington Jr.,0,0,0,0,0,0
Nike Book 1,Nike Book 1,2024-04-09,Devin Booker,39,12,3,5,2,0
Nike Book 1,Nike Book 1,2024-04-09,Timmy Allen,31,6,4,2,2,0
Nike Book 1,Nike Book 1,2024-04-07,Andrew Nembhard,24,10,2,2,3,0
Nike Book 1,Nike Book 1,2024-04-07,Devin Booker,38,25,3,7,1,0
Nike Book 1,Nike Book 1,2024-04-07,Garrett Temple,8,5,2,1,0,1
Nike Book 1,Nike Book 1,2024-04-07,Franz Wagner,20,16,4,3,1,0
Nike Book 1,Nike Book 1,2024-04-07,Keyonte George,34,25,2,1,0,0
Nike Book 1,Nike Book 1,2024-04-07,Ricky Council IV,22,11,2,3,4,0
Nike Book 1,Nike Book 1,2024-04-06,Timmy Allen,26,2,2,0,0,0
Nike Book 1,Nike Book 1,2024-04-06,Max Christie,1,0,0,1,0,0
Nike Book 1,Nike Book 1,2024-04-05,Scottie Wilbekin,28,17,1,3,1,0
Nike Book 1,Nike Book 1,2024-04-05,Nathan Sestina,11,5,0,0,1,0
Nike Book 1,Nike Book 1,2024-04-05,Andrew Nembhard,27,3,3,2,1,0
Nike Book 1,Nike Book 1,2024-04-05,Franz Wagner,28,22,7,1,1,0
Nike Book 1,Nike Book 1,2024-04-05,Ioannis Papapetrou,23,8,2,0,0,0
Nike Book 1,Nike Book 1,2024-04-05,P.J. Tucker,14,3,0,1,1,0
Nike Book 1,Nike Book 1,2024-04-05,Keyonte George,18,6,2,5,0,0
Nike Book 1,Nike Book 1,2024-04-05,Devin Booker,34,13,3,13,3,0
Nike Book 1,Nike Book 1,2024-04-04,Damien Inglis,18,4,2,0,1,0
Nike Book 1,Nike Book 1,2024-04-03,Jusuf Nurkic,31,2,10,6,2,0
Nike Book 1,Nike Book 1,2024-04-03,Devin Booker,36,40,1,8,1,0
Nike Book 1,Nike Book 1,2024-04-03,Franz Wagner,33,24,2,5,0,1
Nike Book 1,Nike Book 1,2024-04-03,Max Christie,4,0,0,0,0,0
Nike Book 1,Nike Book 1,2024-04-03,Andrew Nembhard,28,8,2,3,1,0
Nike Book 1,Nike Book 1,2024-04-02,Max Christie,20,12,7,3,2,1
Nike Book 1,Nike Book 1,2024-04-01,Franz Wagner,32,20,6,1,0,0
Nike Book 1,Nike Book 1,2024-04-01,Andrew Nembhard,23,7,2,6,0,0
Nike Book 1,Nike Book 1,2024-04-01,Devin Booker,39,52,3,9,0,1
Nike Book 1,Nike Book 1,2024-03-31,DeAndre Jordan,5,0,1,2,0,0
Nike Book 1,Nike Book 1,2024-03-31,Max Christie,2,0,0,0,1,0
Nike Book 1,Nike Book 1,2024-03-30,Franz Wagner,28,13,4,4,1,0
Nike Book 1,Nike Book 1,2024-03-29,Franz Wagner,35,13,3,3,2,1
Nike Book 1,Nike Book 1,2024-03-29,Andrew Nembhard,29,10,2,2,1,0
Nike Book 1,Nike Book 1,2024-03-29,Max Christie,2,2,0,0,0,0
Nike Book 1,Nike Book 1,2024-03-29,Scottie Wilbekin,20,2,2,6,2,0
Nike Book 1,Nike Book 1,2024-03-29,Devin Vassell,44,23,2,7,1,0
Nike Book 1,Nike Book 1,2024-03-29,Devin Booker,27,14,3,5,0,0
Nike Book 1,Nike Book 1,2024-03-29,DeAndre Jordan,10,11,7,0,0,0
Nike Book 1,Nike Book 1,2024-03-29,Ioannis Papapetrou,7,0,0,0,0,0
Nike Book 1,Nike Book 1,2024-03-28,Markus Howard,25,15,1,0,1,0
Nike Book 1,Nike Book 1,2024-03-27,Max Christie,6,2,0,0,0,0
Nike Book 1,Nike Book 1,2024-03-27,Andrew Nembhard,33,18,5,2,2,0
Nike Book 1,Nike Book 1,2024-03-27,Franz Wagner,30,14,5,1,1,0
Nike Book 1,Nike Book 1,2024-03-27,Devin Vassell,38,31,4,6,1,0
Nike Book 1,Nike Book 1,2024-03-27,Nathan Reuvers,2,0,0,0,0,0
Nike Book 1,Nike Book 1,2024-03-27,Damien Inglis,24,12,9,2,1,0
Nike Book 1,Nike Book 1,2024-03-27,Devin Booker,37,17,5,9,0,0
Nike Book 1,Nike Book 1,2024-03-26,Max Christie,7,2,1,0,0,0
Nike Book 1,Nike Book 1,2024-03-25,Nick Richards,23,11,3,1,0,2
Nike Book 1,Nike Book 1,2024-03-25,Kelly Olynyk,29,10,4,9,1,1
Nike Book 1,Nike Book 1,2024-03-25,Andrew Nembhard,24,9,0,2,1,0
Nike Book 1,Nike Book 1,2024-03-25,Devin Vassell,35,26,4,7,3,0
Nike Book 1,Nike Book 1,2024-03-25,Devin Booker,39,36,6,4,1,3
Nike Book 1,Nike Book 1,2024-03-25,Bol Bol,8,0,2,0,0,1
Nike Book 1,Nike Book 1,2024-03-24,Andrew Nembhard,26,15,3,5,1,0
Nike Book 1,Nike Book 1,2024-03-24,Max Christie,8,3,2,1,0,0
Nike Book 1,Nike Book 1,2024-03-23,Kelly Olynyk,32,14,6,10,2,1
Nike Book 1,Nike Book 1,2024-03-23,Garrett Temple,10,3,5,2,0,1
Nike Book 1,Nike Book 1,2024-03-23,Keita Bates-Diop,2,0,0,0,0,0
Nike Book 1,Nike Book 1,2024-03-23,Franz Wagner,35,18,3,4,0,0
Nike Book 1,Nike Book 1,2024-03-23,Devin Vassell,23,2,3,3,0,0
Nike Book 1,Nike Book 1,2024-03-23,Devin Booker,30,32,7,9,0,0
Nike Book 1,Nike Book 1,2024-03-23,Bol Bol,19,13,4,1,0,1
Nike Book 1,Nike Book 1,2024-03-22,Andrew Nembhard,33,17,5,5,0,0
Nike Book 1,Nike Book 1,2024-03-22,Scottie Wilbekin,27,15,4,4,3,0
Nike Book 1,Nike Book 1,2024-03-22,Nathan Sestina,10,0,0,0,0,0
Nike Book 1,Nike Book 1,2024-03-22,Devin Vassell,37,27,4,4,1,0
Nike Book 1,Nike Book 1,2024-03-22,Chris Jones,27,15,0,5,1,0
Nike Book 1,Nike Book 1,2024-03-22,Max Christie,16,0,2,0,0,0
Nike Book 1,Nike Book 1,2024-03-22,Nathan Reuvers,11,8,1,0,0,0
Nike Book 1,Nike Book 1,2024-03-21,Devin Booker,31,30,4,2,0,0
Nike Book 1,Nike Book 1,2024-03-21,Mikal Bridges,33,24,6,2,1,0
Nike Book 1,Nike Book 1,2024-03-21,Franz Wagner,27,18,3,3,1,0
Nike Book 1,Nike Book 1,2024-03-21,Gary Harris,12,5,1,0,0,0
Nike Book 1,Nike Book 1,2024-03-20,Devin Booker,34,18,9,11,2,0
Nike Book 1,Nike Book 1,2024-03-20,Damien Inglis,24,15,6,3,0,0
Nike Book 1,Nike Book 1,2024-03-20,Chris Jones,28,19,1,3,1,0
Nike Book 1,Nike Book 1,2024-03-20,Andrew Nembhard,26,7,0,3,0,0
Nike Book 1,Nike Book 1,2024-03-20,Scottie Wilbekin,22,18,0,2,1,0
Nike Book 1,Nike Book 1,2024-03-19,Alec Peters,30,19,5,1,0,0
Nike Book 1,Nike Book 1,2024-03-19,Franz Wagner,23,11,0,3,1,0
Nike Book 1,Nike Book 1,2024-03-19,Devin Vassell,36,19,6,3,3,0
Nike Book 1,Nike Book 1,2024-03-19,Keita Bates-Diop,4,2,1,1,1,0
Nike Book 1,Nike Book 1,2024-03-18,Max Christie,22,11,3,1,0,0
Nike Book 1,Nike Book 1,2024-03-18,Andrew Nembhard,31,9,0,4,1,0
Nike Book 1,Nike Book 1,2024-03-17,Devin Vassell,44,25,2,8,0,0
Nike Book 1,Nike Book 1,2024-03-17,Devin Booker,40,23,9,6,1,1
Nike Book 1,Nike Book 1,2024-03-17,Jusuf Nurkic,20,8,6,6,0,0
Nike Book 1,Nike Book 1,2024-03-17,Royce O'Neale,26,16,5,3,0,0
Nike Book 1,Nike Book 1,2024-03-17,Franz Wagner,30,22,8,4,0,1
Nike Book 1,Nike Book 1,2024-03-16,Max Christie,9,3,1,0,0,0
Nike Book 1,Nike Book 1,2024-03-16,Andrew Nembhard,32,7,2,3,1,0
Nike Book 1,Nike Book 1,2024-03-16,Keita Bates-Diop,3,0,1,0,0,0
Nike Book 1,Nike Book 1,2024-03-16,Mikal Bridges,29,7,7,4,0,0
Nike Book 1,Nike Book 1,2024-03-16,Nick Richards,29,11,11,0,1,1
Nike Book 1,Nike Book 1,2024-03-15,Devin Vassell,38,17,2,2,1,1
Nike Book 1,Nike Book 1,2024-03-15,P.J. Tucker,24,6,2,0,0,3
Nike Book 1,Nike Book 1,2024-03-15,Devin Booker,36,21,6,11,1,1
Nike Book 1,Nike Book 1,2024-03-15,Franz Wagner,30,19,7,4,2,0
Nike Book 1,Nike Book 1,2024-03-15,Gary Harris,25,6,1,0,0,1
Nike Book 1,Nike Book 1,2024-03-14,Tobias Harris,27,15,4,3,1,1
Nike Book 1,Nike Book 1,2024-03-14,Devin Booker,37,23,2,7,0,0
Nike Book 1,Nike Book 1,2024-03-14,Jusuf Nurkic,30,8,20,6,1,1
Nike Book 1,Nike Book 1,2024-03-14,Alec Peters,26,11,5,1,0,0
Nike Book 1,Nike Book 1,2024-03-14,Scottie Wilbekin,19,20,0,2,2,0
Nike Book 1,Nike Book 1,2024-03-14,Nathan Sestina,15,6,2,0,1,0
Nike Book 1,Nike Book 1,2024-03-14,Stefan Jovic,12,0,1,4,1,1
Nike Book 1,Nike Book 1,2024-03-13,Max Christie,9,2,1,1,0,0
Nike Book 1,Nike Book 1,2024-03-13,Jordan Nwora,21,12,2,0,3,0
Nike Book 1,Nike Book 1,2024-03-13,Keita Bates-Diop,2,0,0,0,0,0
Nike Book 1,Nike Book 1,2024-03-13,Gary Harris,29,13,2,1,1,1
Nike Book 1,Nike Book 1,2024-03-13,Franz Wagner,27,14,5,6,3,0
Nike Book 1,Nike Book 1,2024-03-13,Mikal Bridges,29,17,4,1,0,1
Nike Book 1,Nike Book 1,2024-03-13,Andrew Nembhard,29,8,3,2,0,1
Nike Book 1,Nike Book 1,2024-03-12,Ricky Council IV,6,4,0,0,0,1
Nike Book 1,Nike Book 1,2024-03-12,Tobias Harris,26,2,3,1,2,0
Nike Book 1,Nike Book 1,2024-03-12,Andrew Nembhard,27,14,4,5,1,0
Nike Book 1,Nike Book 1,2024-03-11,Devin Booker,38,27,6,7,0,1
Nike Book 1,Nike Book 1,2024-03-11,Jusuf Nurkic,29,9,8,0,0,1
Nike Book 1,Nike Book 1,2024-03-11,Jordan Nwora,16,5,7,1,0,1
Nike Book 1,Nike Book 1,2024-03-10,Max Christie,8,2,2,0,0,0
Nike Book 1,Nike Book 1,2024-03-10,Keita Bates-Diop,3,0,1,0,0,0
Nike Book 1,Nike Book 1,2024-03-10,Mikal Bridges,34,25,5,5,3,0
Nike Book 1,Nike Book 1,2024-03-10,Tobias Harris,38,11,12,2,2,0
Nike Book 1,Nike Book 1,2024-03-10,Franz Wagner,29,13,4,2,2,0
Nike Book 1,Nike Book 1,2024-03-10,Andrew Nembhard,25,0,2,2,0,0
Nike Book 1,Nike Book 1,2024-03-09,Jordan Nwora,12,10,1,1,1,0
Nike Book 1,Nike Book 1,2024-03-09,Saben Lee,4,1,1,1,0,0
Nike Book 1,Nike Book 1,2024-03-09,Jusuf Nurkic,27,11,11,4,1,1
Nike Book 1,Nike Book 1,2024-03-09,Mikal Bridges,40,19,2,4,1,0
Nike Book 1,Nike Book 1,2024-03-08,Max Christie,3,0,0,0,0,0
Nike Book 1,Nike Book 1,2024-03-08,Chuma Okeke,3,2,1,0,0,0
Nike Book 1,Nike Book 1,2024-03-08,Franz Wagner,34,13,4,0,1,0
Nike Book 1,Nike Book 1,2024-03-07,Keita Bates-Diop,4,2,2,1,1,0
Nike Book 1,Nike Book 1,2024-03-07,Mikal Bridges,43,13,1,7,1,0
Nike Book 1,Nike Book 1,2024-03-07,Trendon Watford,11,6,2,0,0,0
Nike Book 1,Nike Book 1,2024-03-07,Andrew Nembhard,30,7,6,3,1,0
Nike Book 1,Nike Book 1,2024-03-07,Jusuf Nurkic,26,7,14,5,0,2
Nike Book 1,Nike Book 1,2024-03-07,Bol Bol,16,11,8,0,1,0
Nike Book 1,Nike Book 1,2024-03-07,Jared Harper,8,0,0,4,2,0
Nike Book 1,Nike Book 1,2024-03-07,Damien Inglis,29,13,6,2,3,0
Nike Book 1,Nike Book 1,2024-03-07,Nicolas Laprovittola,20,13,2,7,0,0
Nike Book 1,Nike Book 1,2024-03-07,Nathan Sestina,7,2,2,0,0,0
Nike Book 1,Nike Book 1,2024-03-07,Scottie Wilbekin,22,12,2,1,1,0
Nike Book 1,Nike Book 1,2024-03-06,Max Christie,10,3,2,1,0,0
Nike Book 1,Nike Book 1,2024-03-05,Jusuf Nurkic,29,7,12,6,2,2
Nike Book 1,Nike Book 1,2024-03-05,Royce O'Neale,39,8,5,6,0,0
Nike Book 1,Nike Book 1,2024-03-05,Saben Lee,12,4,3,2,0,0
Nike Book 1,Nike Book 1,2024-03-05,Andrew Nembhard,24,10,3,5,1,0
Nike Book 1,Nike Book 1,2024-03-05,Jordan Nwora,19,9,6,1,0,1
Nike Book 1,Nike Book 1,2024-03-05,Chuma Okeke,0,0,0,0,0,0
Nike Book 1,Nike Book 1,2024-03-05,Franz Wagner,30,8,3,2,1,0
Nike Book 1,Nike Book 1,2024-03-05,Mikal Bridges,38,15,6,4,0,0
Nike Book 1,Nike Book 1,2024-03-05,Keita Bates-Diop,5,2,1,0,0,0
Nike Book 1,Nike Book 1,2024-03-04,Max Christie,5,3,1,0,0,0
Nike Book 1,Nike Book 1,2024-03-04,Mikal Bridges,39,14,5,5,2,0
Nike Book 1,Nike Book 1,2024-03-03,Jusuf Nurkic,32,14,31,4,0,1
Nike Book 1,Nike Book 1,2024-03-03,Royce O'Neale,33,9,3,4,0,2
Nike Book 1,Nike Book 1,2024-03-03,Andrew Nembhard,21,7,3,1,3,0
Nike Book 1,Nike Book 1,2024-03-03,Franz Wagner,28,13,8,1,0,2
Nike Book 1,Nike Book 1,2024-03-03,Ausar Thompson,33,8,6,1,3,1
Nike Book 1,Nike Book 1,2024-03-02,Jusuf Nurkic,17,7,10,5,1,1
Nike Book 1,Nike Book 1,2024-03-02,Devin Booker,38,24,2,5,1,0
Nike Book 1,Nike Book 1,2024-03-02,Saben Lee,6,1,0,1,0,0
Nike Book 1,Nike Book 1,2024-03-02,Mikal Bridges,38,38,5,2,2,1
Nike Book 1,Nike Book 1,2024-03-02,Keita Bates-Diop,2,0,0,0,0,0
Nike Book 1,Nike Book 1,2024-03-01,Andrew Nembhard,30,10,0,4,2,0
Nike Book 1,Nike Book 1,2024-02-29,Max Christie,8,3,0,1,0,0
Nike Book 1,Nike Book 1,2024-02-29,Devin Booker,39,35,7,3,1,1
Nike Book 1,Nike Book 1,2024-02-29,Nick Richards,26,9,8,0,0,0
Nike Book 1,Nike Book 1,2024-02-29,Jordan Clarkson,35,5,5,7,2,0
Nike Book 1,Nike Book 1,2024-02-29,Mikal Bridges,33,15,7,5,1,1
Nike Book 1,Nike Book 1,2024-02-29,Keita Bates-Diop,6,4,0,0,0,0
Nike Book 1,Nike Book 1,2024-02-29,Jared Harper,14,5,1,0,0,0
Nike Book 1,Nike Book 1,2024-02-28,Max Christie,0,0,0,0,0,0
Nike Book 1,Nike Book 1,2024-02-28,Andrew Nembhard,28,8,4,1,1,0
Nike Book 1,Nike Book 1,2024-02-27,Jordan Clarkson,22,6,1,7,1,0
Nike Book 1,Nike Book 1,2024-02-25,Jordan Clarkson,32,22,2,10,0,0
Nike Book 1,Nike Book 1,2024-02-25,Devin Booker,38,21,3,9,1,0
Nike Book 1,Nike Book 1,2024-02-23,Devin Booker,36,25,5,2,1,1
Nike Book 1,Nike Book 1,2024-02-23,Tyler Herro,30,15,6,3,0,1
Nike Book 1,Nike Book 1,2024-02-22,Jordan Clarkson,34,15,8,4,1,0
Nike Book 1,Nike Book 1,2024-02-22,Shake Milton,9,2,0,0,0,0
Nike Book 1,Nike Book 1,2024-02-22,Devin Booker,39,35,5,8,1,0
Nike Book 1,Nike Book 1,2024-02-22,Saben Lee,6,0,2,2,0,0
Nike Book 1,Nike Book 1,2024-02-18,Devin Booker,19,15,4,7,2,0
Nike Book 1,Nike Book 1,2024-02-15,Jordan Clarkson,33,13,2,9,0,0
Nike Book 1,Nike Book 1,2024-02-14,Jordan Clarkson,32,17,3,5,0,0
Nike Book 1,Nike Book 1,2024-02-14,Saben Lee,23,16,6,2,4,0
Nike Book 1,Nike Book 1,2024-02-14,Devin Booker,5,7,1,1,1,0
Nike Book 1,Nike Book 1,2024-02-13,Devin Booker,38,25,3,9,3,0
Nike Book 1,Nike Book 1,2024-02-12,Jordan Clarkson,32,22,4,1,0,1
Nike Book 1,Nike Book 1,2024-02-10,Devin Booker,38,32,4,6,1,1
Nike Book 1,Nike Book 1,2024-02-08,Saben Lee,1,0,0,0,0,0
Nike Book 1,Nike Book 1,2024-02-08,Jordan Clarkson,32,13,1,4,0,0
Nike Book 1,Nike Book 1,2024-02-06,Devin Booker,37,32,1,4,0,0
Nike Book 1,Nike Book 1,2024-02-04,Devin Booker,25,14,1,6,0,0
Nike Book 1,Nike Book 1,2024-02-02,Devin Booker,38,24,6,4,1,0
Nike Book 1,Nike Book 1,2024-01-31,Devin Booker,36,22,3,8,2,1
Nike Book 1,Nike Book 1,2024-01-29,Devin Booker,40,22,8,7,1,1
Nike Book 1,Nike Book 1,2024-01-28,Devin Booker,36,44,4,3,1,2
Nike Book 1,Nike Book 1,2024-01-26,Devin Booker,38,62,5,4,1,2
Nike Book 1,Nike Book 1,2024-01-26,Jusuf Nurkic,20,2,4,5,3,0
Nike Book 1,Nike Book 1,2024-01-24,Devin Booker,34,46,7,3,2,0
Nike Book 1,Nike Book 1,2024-01-24,Cameron Payne,13,5,2,0,1,0
Nike Book 1,Nike Book 1,2024-01-22,Devin Booker,40,16,4,5,1,0
Nike Book 1,Nike Book 1,2024-01-22,Saben Lee,5,2,2,1,0,0
Nike Book 1,Nike Book 1,2024-01-21,Devin Booker,35,26,6,8,2,0
Nike Book 1,Nike Book 1,2024-01-19,Devin Booker,37,52,4,5,0,0
Nike Book 1,Nike Book 1,2024-01-16,Devin Booker,38,16,4,11,0,0
Nike Book 1,Nike Book 1,2024-01-15,Andrew Nembhard,23,14,0,4,1,0
Nike Book 1,Nike Book 1,2024-01-14,Devin Booker,39,34,6,7,0,0
Nike Book 1,Nike Book 1,2024-01-14,Josh Okogie,7,0,1,0,0,0
Nike Book 1,Nike Book 1,2024-01-11,Devin Booker,33,31,5,5,3,0
Nike Book 1,Nike Book 1,2024-01-11,Josh Okogie,11,5,0,0,1,0
Nike Book 1,Nike Book 1,2024-01-10,Cory Joseph,17,2,3,2,0,0
Nike Book 1,Nike Book 1,2024-01-10,Andrew Nembhard,26,2,2,5,2,0
Nike Book 1,Nike Book 1,2024-01-08,Devin Booker,34,20,0,5,0,0
Nike Book 1,Nike Book 1,2024-01-08,Josh Okogie,17,4,1,2,3,0
Nike Book 1,Nike Book 1,2024-01-08,Saben Lee,5,2,1,0,0,0
Nike Book 1,Nike Book 1,2024-01-08,Andrew Nembhard,12,9,0,3,0,0
Nike Book 1,Nike Book 1,2024-01-07,Josh Okogie,13,6,1,2,2,0
Nike Book 1,Nike Book 1,2024-01-07,Devin Booker,37,24,0,8,2,1
Nike Book 1,Nike Book 1,2024-01-07,Saben Lee,4,1,1,0,0,1
Nike Book 1,Nike Book 1,2024-01-05,Josh Okogie,24,7,2,4,3,2
Nike Book 1,Nike Book 1,2024-01-05,Devin Booker,34,20,5,10,2,0
Nike Book 1,Nike Book 1,2024-01-05,Saben Lee,1,0,0,0,1,0
Nike Book 1,Nike Book 1,2024-01-03,Tyler Herro,27,21,6,4,3,0
Nike Book 1,Nike Book 1,2024-01-03,Devin Booker,37,35,2,6,0,0
Nike Book 1,Nike Book 1,2024-01-03,Mikal Bridges,36,15,4,3,1,1
Nike Book 1,Nike Book 1,2024-01-02,Mikal Bridges,29,13,3,2,0,0
Nike Book 1,Nike Book 1,2024-01-01,Devin Booker,30,10,8,6,1,0
Nike Book 1,Nike Book 1,2023-12-31,Devin Booker,36,21,4,5,3,0
Nike Book 1,Nike Book 1,2023-12-30,Tyler Herro,38,25,6,6,1,1
Nike Book 1,Nike Book 1,2023-12-29,Devin Booker,36,35,4,7,0,1
Nike Book 1,Nike Book 1,2023-12-27,Devin Booker,35,20,4,7,2,0
Nike Book 1,Nike Book 1,2023-12-27,Jusuf Nurkic,14,8,10,0,0,2
Nike Book 1,Nike Book 1,2023-12-26,Mikal Bridges,39,21,4,3,0,0
Nike Book 1,Nike Book 1,2023-12-25,Devin Booker,40,20,3,10,1,1
Nike Book 1,Nike Book 1,2023-12-23,Mikal Bridges,32,29,6,7,1,1
Nike Book 1,Nike Book 1,2023-12-22,Mikal Bridges,29,14,3,6,0,0
Nike Book 1,Nike Book 1,2023-12-22,Devin Booker,36,24,4,7,0,0
Nike Book 1,Nike Book 1,2023-12-20,Mikal Bridges,32,15,5,2,2,0
Nike Book 1,Nike Book 1,2023-12-19,Devin Booker,37,26,3,7,0,0
Nike Book 1,Nike Book 1,2023-12-19,Jusuf Nurkic,30,9,13,3,2,2
Nike Book 1,Nike Book 1,2023-12-17,Jusuf Nurkic,30,6,17,5,1,1
Nike Book 1,Nike Book 1,2023-12-17,Devin Booker,41,27,4,8,1,1
Nike Book 1,Nike Book 1,2023-12-15,Jusuf Nurkic,29,21,12,2,1,0
Nike Book 1,Nike Book 1,2023-12-15,Grayson Allen,35,13,2,1,2,1
Nike Book 1,Nike Book 1,2023-12-15,Devin Booker,36,28,2,9,0,0
Nike Book 1,Nike Book 1,2023-12-13,Jusuf Nurkic,31,15,22,3,0,2
Nike Book 1,Nike Book 1,2023-12-13,Devin Booker,40,34,6,12,0,0
Nike Book 1,Nike Book 1,2023-12-12,Devin Booker,36,32,4,7,1,1
Nike Book 1,Nike Book 1,2023-12-08,Devin Booker,37,28,7,7,1,0
Nike Book 1,Nike Book 1,2023-12-05,Devin Booker,37,21,11,6,1,1
Nike Book 1,Nike Book 1,2023-12-02,Devin Booker,37,34,10,7,1,0
Nike Book 1,Nike Book 1,2023-11-29,Devin Booker,32,8,5,5,0,0
Nike Book 1,Nike Book 1,2023-11-26,Devin Booker,37,28,5,11,0,2
Nike Book 1,Nike Book 1,2023-11-24,Devin Booker,33,40,5,4,4,1
Nike Book 1,Nike Book 1,2023-11-22,Devin Booker,31,25,8,10,1,0
Nike Book 1,Nike Book 1,2023-11-21,Devin Booker,33,28,3,6,1,1
Nike Book 1,Nike Book 1,2023-11-19,Devin Booker,40,26,5,8,0,1
Nike Book 1,Nike Book 1,2023-11-17,Devin Booker,31,24,4,15,0,0
Nike Book 1,Nike Book 1,2023-11-15,Devin Booker,25,31,4,5,0,0
Nike Book 1,Nike Book 1,2023-11-02,Devin Booker,35,31,9,13,0,0
Nike Book 1,Nike Book 1,2023-10-24,Devin Booker,36,32,6,8,1,0
adidas Dame 9,adidas Dame 9,2025-04-27,Damian Lillard,6,0,2,2,0,0
adidas Dame 9,adidas Dame 9,2025-04-27,Andre Jackson Jr.,3,0,0,0,0,0
adidas Dame 9,adidas Dame 9,2025-04-25,Damian Lillard,31,7,3,5,2,2
adidas Dame 9,adidas Dame 9 Metamorphosis,2025-04-25,Tomas Satoransky,22,9,3,5,1,1
adidas Dame 9,adidas Dame 9,2025-04-25,Alex Abrines,13,3,1,1,0,0
adidas Dame 9,adidas Dame 9,2025-04-24,Kostas Sloukas,20,9,1,4,1,0
adidas Dame 9,adidas Dame 9 Bape,2025-04-24,Collin Malcolm,17,8,4,0,0,0
adidas Dame 9,adidas Dame 9,2025-04-24,Wade Baldwin IV,24,11,3,4,0,0
adidas Dame 9,adidas Dame 9,2025-04-24,Marko Guduric,20,13,1,5,0,0
adidas Dame 9,adidas Dame 9,2025-04-24,Devon Hall,18,9,1,2,1,0
adidas Dame 9,adidas Dame 9,2025-04-23,Braxton Key,3,0,0,0,0,2
adidas Dame 9,adidas Dame 9,2025-04-23,Alex Abrines,14,5,1,1,0,0
adidas Dame 9,adidas Dame 9 Metamorphosis,2025-04-23,Tomas Satoransky,24,2,5,2,2,0
adidas Dame 9,adidas Dame 9,2025-04-22,Kostas Sloukas,26,13,2,4,0,0
adidas Dame 9,adidas Dame 9,2025-04-22,Collin Malcolm,15,6,3,1,0,1
adidas Dame 9,adidas Dame 9,2025-04-22,Wade Baldwin IV,20,15,0,2,3,0
adidas Dame 9,adidas Dame 9,2025-04-22,Sertac Sanli,7,0,4,0,0,0
adidas Dame 9,adidas Dame 9,2025-04-22,Devon Hall,26,13,3,4,0,0
adidas Dame 9,adidas Dame 9,2025-04-22,Damian Lillard,36,14,3,7,0,0
adidas Dame 9,adidas Dame 9,2025-04-22,Marko Guduric,16,0,1,3,0,0
adidas Dame 9,adidas Dame 9,2025-04-20,Dillon Jones,7,2,1,0,0,0
adidas Dame 9,adidas Dame 9,2025-04-18,Dyson Daniels,44,11,10,4,3,0
adidas Dame 9,adidas Dame 9 Metamorphosis,2025-04-18,Shabazz Napier,22,19,4,3,2,0
adidas Dame 9,adidas Dame 9,2025-04-15,Ognjen Dobric,2,0,0,0,0,0
adidas Dame 9,adidas Dame 9,2025-04-15,Codi Miller-McIntyre,40,13,7,8,3,0
adidas Dame 9,adidas Dame 9 Metamorphosis,2025-04-15,Shabazz Napier,13,4,1,3,0,0
adidas Dame 9,adidas Dame 9 Bape,2025-04-15,Collin Malcolm,17,5,2,0,0,0
adidas Dame 9,adidas Dame 9,2025-04-15,Dyson Daniels,35,7,12,7,0,2
adidas Dame 9,adidas Dame 9,2025-04-13,Andre Jackson Jr.,36,9,3,4,0,0
adidas Dame 9,adidas Dame 9,2025-04-13,Dillon Jones,36,13,10,1,1,0
adidas Dame 9,adidas Dame 9,2025-04-13,Rayan Rupert,27,13,10,1,1,1
adidas Dame 9,adidas Dame 9,2025-04-11,Ognjen Dobric,12,0,1,1,0,0
adidas Dame 9,adidas Dame 9,2025-04-11,Codi Miller-McIntyre,35,26,1,2,0,0
adidas Dame 9,adidas Dame 9,2025-04-11,Kostas Sloukas,25,4,1,4,0,0
adidas Dame 9,adidas Dame 9,2025-04-11,Alessandro Pajola,15,0,1,6,0,0
adidas Dame 9,adidas Dame 9 Metamorphosis,2025-04-11,Tomas Satoransky,29,11,5,9,0,0
adidas Dame 9,adidas Dame 9,2025-04-11,Dyson Daniels,36,8,10,8,3,2
adidas Dame 9,adidas Dame 9,2025-04-11,Braxton Key,3,2,1,0,0,0
adidas Dame 9,adidas Dame 9,2025-04-11,Rayan Rupert,24,15,2,1,0,0
adidas Dame 9,adidas Dame 9,2025-04-11,Dillon Jones,32,8,7,4,2,0
adidas Dame 9,adidas Dame 9 Bape,2025-04-10,Collin Malcolm,20,7,1,1,0,0
adidas Dame 9,adidas Dame 9,2025-04-10,David Mc Cormack,19,12,6,0,1,0
adidas Dame 9,adidas Dame 9,2025-04-10,Jonas Mattisseck,13,2,1,0,1,0
adidas Dame 9,adidas Dame 9,2025-04-10,Justin Bean,21,14,3,1,2,0
adidas Dame 9,adidas Dame 9,2025-04-10,Louis Olinde,20,0,2,6,0,1
adidas Dame 9,adidas Dame 9 Metamorphosis,2025-04-10,Malte Delow,16,9,4,2,1,0
adidas Dame 9,adidas Dame 9,2025-04-10,Will McDowell-White,19,4,1,3,1,0
adidas Dame 9,adidas Dame 9,2025-04-10,Yannick Wetzell,18,3,5,2,0,0
adidas Dame 9,adidas Dame 9,2025-04-10,Wade Baldwin IV,20,11,3,0,2,0
adidas Dame 9,adidas Dame 9,2025-04-10,Marko Guduric,22,3,1,4,3,0
adidas Dame 9,adidas Dame 9 Metamorphosis,2025-04-10,Shabazz Napier,23,3,6,4,0,0
adidas Dame 9,adidas Dame 9,2025-04-10,Ziaire Williams,15,9,1,0,2,0
adidas Dame 9,adidas Dame 9,2025-04-10,Dyson Daniels,28,10,9,9,3,0
adidas Dame 9,adidas Dame 9,2025-04-10,Andre Jackson Jr.,7,6,0,0,0,1
adidas Dame 9,adidas Dame 9,2025-04-09,Rayan Rupert,34,19,4,2,2,0
adidas Dame 9,adidas Dame 9,2025-04-09,Dillon Jones,19,2,3,0,0,1
adidas Dame 9,adidas Dame 9,2025-04-09,Trentyn Flowers,0,0,0,0,0,0
adidas Dame 9,adidas Dame 9,2025-04-08,Trentyn Flowers,1,0,0,0,0,0
adidas Dame 9,adidas Dame 9,2025-04-08,Braxton Key,6,1,1,0,2,0
adidas Dame 9,adidas Dame 9,2025-04-08,Dillon Jones,1,0,0,0,0,0
adidas Dame 9,adidas Dame 9,2025-04-08,Ziaire Williams,16,9,4,1,0,2
adidas Dame 9,adidas Dame 9,2025-04-08,Dyson Daniels,33,15,5,3,1,2
adidas Dame 9,adidas Dame 9,2025-04-06,Andre Jackson Jr.,6,0,3,1,0,0
adidas Dame 9,adidas Dame 9,2025-04-06,Dyson Daniels,36,19,6,6,3,0
adidas Dame 9,adidas Dame 9,2025-04-06,Dillon Jones,5,0,5,1,0,0
adidas Dame 9,adidas Dame 9,2025-04-06,Ziaire Williams,23,11,4,1,2,2
adidas Dame 9,adidas Dame 9,2025-04-06,Rayan Rupert,24,7,1,3,3,0
adidas Dame 9,adidas Dame 9,2025-04-05,Andre Jackson Jr.,3,0,1,0,0,0
adidas Dame 9,adidas Dame 9,2025-04-05,Dyson Daniels,26,12,2,1,2,1
adidas Dame 9,adidas Dame 9,2025-04-04,Yannick Wetzell,21,19,6,1,2,0
adidas Dame 9,adidas Dame 9,2025-04-04,Ognjen Dobric,15,0,2,0,0,0
adidas Dame 9,adidas Dame 9,2025-04-04,Will McDowell-White,15,7,0,10,0,0
adidas Dame 9,adidas Dame 9 Metamorphosis,2025-04-04,Malte Delow,18,3,4,1,0,0
adidas Dame 9,adidas Dame 9,2025-04-04,Louis Olinde,17,5,2,2,1,1
adidas Dame 9,adidas Dame 9,2025-04-04,Jonas Mattisseck,8,2,2,0,0,0
adidas Dame 9,adidas Dame 9,2025-04-04,David Mc Cormack,12,8,2,0,0,0
adidas Dame 9,adidas Dame 9,2025-04-04,Codi Miller-McIntyre,32,15,3,7,1,0
adidas Dame 9,adidas Dame 9,2025-04-04,Dillon Jones,2,0,0,1,0,0
adidas Dame 9,adidas Dame 9 Metamorphosis,2025-04-04,Shavon Shields,16,8,2,2,0,0
adidas Dame 9,adidas Dame 9,2025-04-04,Braxton Key,0,0,0,0,0,0
adidas Dame 9,adidas Dame 9,2025-04-04,Rayan Rupert,20,7,4,0,2,1
adidas Dame 9,adidas Dame 9,2025-04-03,Collin Malcolm,18,8,0,1,1,0
adidas Dame 9,adidas Dame 9 Metamorphosis,2025-04-03,Shabazz Napier,19,17,2,3,2,0
adidas Dame 9,adidas Dame 9,2025-04-03,Kostas Sloukas,21,3,0,3,0,0
adidas Dame 9,adidas Dame 9,2025-04-03,Andre Jackson Jr.,1,0,0,0,0,0
adidas Dame 9,adidas Dame 9,2025-04-03,Rayan Rupert,12,5,3,0,0,0
adidas Dame 9,adidas Dame 9,2025-04-02,Dyson Daniels,32,17,6,5,1,0
adidas Dame 9,adidas Dame 9,2025-04-02,Dillon Jones,10,0,0,2,1,0
adidas Dame 9,adidas Dame 9,2025-04-02,Marko Guduric,16,5,1,4,0,0
adidas Dame 9,adidas Dame 9 Bape,2025-04-02,Wade Baldwin IV,22,14,5,1,0,0
adidas Dame 9,adidas Dame 9,2025-04-01,Dyson Daniels,36,22,10,1,3,2
adidas Dame 9,adidas Dame 9,2025-04-01,Rayan Rupert,1,0,0,0,0,0
adidas Dame 9,adidas Dame 9,2025-03-31,Dillon Jones,7,5,4,2,0,0
adidas Dame 9,adidas Dame 9,2025-03-31,Ziaire Williams,25,11,2,0,0,0
adidas Dame 9,adidas Dame 9,2025-03-30,Andre Jackson Jr.,11,1,3,1,1,0
adidas Dame 9,adidas Dame 9,2025-03-30,Dyson Daniels,33,22,9,6,5,0
adidas Dame 9,adidas Dame 9,2025-03-30,Rayan Rupert,1,0,0,0,0,0
adidas Dame 9,adidas Dame 9,2025-03-29,Ziaire Williams,24,0,3,2,2,0
adidas Dame 9,adidas Dame 9,2025-03-29,Dillon Jones,12,2,3,1,2,0
adidas Dame 9,adidas Dame 9,2025-03-28,Wade Baldwin IV,24,11,1,5,1,0
adidas Dame 9,adidas Dame 9,2025-03-28,Sertac Sanli,5,3,1,0,0,0
adidas Dame 9,adidas Dame 9,2025-03-28,Marko Guduric,18,10,4,1,0,1
adidas Dame 9,adidas Dame 9,2025-03-28,Devon Hall,19,10,2,1,0,0
adidas Dame 9,adidas Dame 9,2025-03-28,Ognjen Dobric,5,0,1,1,0,0
adidas Dame 9,adidas Dame 9,2025-03-28,Will McDowell-White,20,2,1,2,1,0
adidas Dame 9,adidas Dame 9 Metamorphosis,2025-03-28,Matteo Spagnolo,11,2,0,0,0,0
adidas Dame 9,adidas Dame 9,2025-03-28,Malte Delow,17,6,1,3,1,0
adidas Dame 9,adidas Dame 9 Bape,2025-03-28,Collin Malcolm,10,5,1,4,1,0
adidas Dame 9,adidas Dame 9,2025-03-28,Andre Jackson Jr.,0,0,0,0,0,0
adidas Dame 9,adidas Dame 9,2025-03-28,Ziaire Williams,18,6,3,1,0,1
adidas Dame 9,adidas Dame 9,2025-03-28,David Mc Cormack,9,4,4,0,0,0
adidas Dame 9,adidas Dame 9,2025-03-28,Jonas Mattisseck,7,0,0,0,1,0
adidas Dame 9,adidas Dame 9,2025-03-28,Codi Miller-McIntyre,24,24,1,2,1,0
adidas Dame 9,adidas Dame 9,2025-03-28,Kostas Sloukas,29,20,3,7,1,1
adidas Dame 9,adidas Dame 9 Metamorphosis,2025-03-27,Shabazz Napier,16,6,5,6,1,0
adidas Dame 9,adidas Dame 9,2025-03-27,Shavon Shields,30,18,4,0,0,0
adidas Dame 9,adidas Dame 9,2025-03-27,Rayan Rupert,1,0,0,0,0,0
adidas Dame 9,adidas Dame 9,2025-03-27,Dillon Jones,2,0,0,1,0,0
adidas Dame 9,adidas Dame 9,2025-03-27,Donatas Motiejunas,8,9,0,0,2,0
adidas Dame 9,adidas Dame 9,2025-03-27,Dyson Daniels,35,9,8,3,2,1
adidas Dame 9,adidas Dame 9,2025-03-26,Ognjen Dobric,10,2,1,0,1,0
adidas Dame 9,adidas Dame 9,2025-03-26,Codi Miller-McIntyre,20,11,6,2,1,0
adidas Dame 9,adidas Dame 9,2025-03-26,Vasilije Micic,3,0,0,0,0,0
adidas Dame 9,adidas Dame 9,2025-03-26,Ziaire Williams,26,13,6,1,1,0
adidas Dame 9,adidas Dame 9,2025-03-26,Kostas Sloukas,18,9,1,2,3,1
adidas Dame 9,adidas Dame 9,2025-03-25,Dillon Jones,11,5,0,0,0,0
adidas Dame 9,adidas Dame 9,2025-03-25,David Mc Cormack,13,8,2,0,0,0
adidas Dame 9,adidas Dame 9,2025-03-25,Justin Bean,17,3,3,2,1,0
adidas Dame 9,adidas Dame 9,2025-03-25,Jonas Mattisseck,4,0,1,0,0,0
adidas Dame 9,adidas Dame 9,2025-03-25,Malte Delow,9,0,0,1,0,2
adidas Dame 9,adidas Dame 9 Metamorphosis,2025-03-25,Matteo Spagnolo,15,6,2,3,0,0
adidas Dame 9,adidas Dame 9,2025-03-25,Shavon Shields,29,13,3,3,1,0
adidas Dame 9,adidas Dame 9,2025-03-25,Yannick Wetzell,15,12,3,3,0,0
adidas Dame 9,adidas Dame 9,2025-03-25,Dyson Daniels,36,19,8,10,4,0
adidas Dame 9,adidas Dame 9,2025-03-25,Wade Baldwin IV,23,8,1,5,0,0
adidas Dame 9,adidas Dame 9,2025-03-25,Sertac Sanli,12,0,2,1,1,0
adidas Dame 9,adidas Dame 9,2025-03-25,Marko Guduric,29,25,2,2,1,0
adidas Dame 9,adidas Dame 9,2025-03-25,Donatas Motiejunas,3,0,0,0,0,0
adidas Dame 9,adidas Dame 9 Metamorphosis,2025-03-25,Shabazz Napier,17,13,0,2,1,0
adidas Dame 9,adidas Dame 9,2025-03-24,Ziaire Williams,21,6,2,1,1,0
adidas Dame 9,adidas Dame 9,2025-03-23,Dyson Daniels,33,8,5,3,5,0
adidas Dame 9,adidas Dame 9,2025-03-22,Dyson Daniels,35,12,11,6,3,0
adidas Dame 9,adidas Dame 9,2025-03-21,Jonas Mattisseck,7,0,0,0,0,0
adidas Dame 9,adidas Dame 9,2025-03-21,Kostas Sloukas,17,4,2,0,1,0
adidas Dame 9,adidas Dame 9,2025-03-21,Louis Olinde,20,9,6,1,0,1
adidas Dame 9,adidas Dame 9,2025-03-21,Malte Delow,12,2,2,0,1,0
adidas Dame 9,adidas Dame 9 Metamorphosis,2025-03-21,Matteo Spagnolo,13,8,1,2,0,0
adidas Dame 9,adidas Dame 9,2025-03-21,Will McDowell-White,19,5,2,6,1,0
adidas Dame 9,adidas Dame 9,2025-03-21,Yannick Wetzell,20,11,1,0,0,0
adidas Dame 9,adidas Dame 9,2025-03-21,Dillon Jones,8,4,3,1,0,0
adidas Dame 9,adidas Dame 9,2025-03-20,Shabazz Napier,26,15,2,4,0,0
adidas Dame 9,adidas Dame 9,2025-03-20,Andre Jackson Jr.,6,3,2,1,2,0
adidas Dame 9,adidas Dame 9,2025-03-20,Codi Miller-McIntyre,24,15,11,3,0,0
adidas Dame 9,adidas Dame 9,2025-03-20,Devon Hall,12,0,1,0,0,0
adidas Dame 9,adidas Dame 9,2025-03-20,Donatas Motiejunas,3,0,1,0,1,1
adidas Dame 9,adidas Dame 9,2025-03-20,Marko Guduric,27,15,6,6,0,1
adidas Dame 9,adidas Dame 9,2025-03-20,Sertac Sanli,16,8,2,0,1,0
adidas Dame 9,adidas Dame 9,2025-03-20,Wade Baldwin IV,23,9,2,3,0,1
adidas Dame 9,adidas Dame 9,2025-03-20,Ognjen Dobric,1,0,1,0,0,0
adidas Dame 9,adidas Dame 9,2025-03-20,Ziaire Williams,34,22,5,1,2,0
adidas Dame 9,adidas Dame 9,2025-03-19,Dillon Jones,36,11,5,5,2,0
adidas Dame 9,adidas Dame 9,2025-03-18,Shavon Shields,29,10,9,2,1,0
adidas Dame 9,adidas Dame 9 Metamorphosis,2025-03-18,Damian Lillard,38,16,3,4,1,1
adidas Dame 9,adidas Dame 9,2025-03-18,Dyson Daniels,27,22,7,7,3,1
adidas Dame 9,adidas Dame 9,2025-03-18,Ziaire Williams,28,15,4,0,1,0
adidas Dame 9,adidas Dame 9 Metamorphosis,2025-03-16,Damian Lillard,29,19,1,2,1,0
adidas Dame 9,adidas Dame 9,2025-03-16,Andre Jackson Jr.,4,2,2,0,0,0
adidas Dame 9,adidas Dame 9,2025-03-16,Dyson Daniels,34,14,6,7,4,1
adidas Dame 9,adidas Dame 9,2025-03-16,Dillon Jones,6,0,3,0,0,0
adidas Dame 9,adidas Dame 9,2025-03-15,Andre Jackson Jr.,0,0,0,0,0,0
adidas Dame 9,adidas Dame 9 Metamorphosis,2025-03-15,Damian Lillard,36,25,10,8,0,0
adidas Dame 9,adidas Dame 9,2025-03-15,Ousmane Dieng,1,0,0,0,0,0
adidas Dame 9,adidas Dame 9,2025-03-15,Dillon Jones,3,0,1,1,0,0
adidas Dame 9,adidas Dame 9,2025-03-15,Ziaire Williams,34,14,5,2,1,1
adidas Dame 9,adidas Dame 9,2025-03-14,Shabazz Napier,16,8,2,1,0,0
adidas Dame 9,adidas Dame 9,2025-03-14,Kostas Sloukas,27,9,4,6,2,0
adidas Dame 9,adidas Dame 9,2025-03-14,Dyson Daniels,31,6,6,5,3,0
adidas Dame 9,adidas Dame 9,2025-03-13,Yannick Wetzell,23,11,3,2,1,0
adidas Dame 9,adidas Dame 9,2025-03-13,Matteo Spagnolo,14,2,1,3,1,0
adidas Dame 9,adidas Dame 9,2025-03-13,Malte Delow,12,8,2,0,0,0
adidas Dame 9,adidas Dame 9,2025-03-13,Louis Olinde,16,4,3,1,0,2
adidas Dame 9,adidas Dame 9,2025-03-13,David Mc Cormack,14,4,4,1,1,0
adidas Dame 9,adidas Dame 9,2025-03-13,Ziaire Williams,29,11,4,1,0,0
adidas Dame 9,adidas Dame 9,2025-03-13,Wade Baldwin IV,21,15,4,6,2,0
adidas Dame 9,adidas Dame 9,2025-03-13,Sertac Sanli,11,9,1,0,1,2
adidas Dame 9,adidas Dame 9,2025-03-13,Marko Guduric,25,9,4,4,1,0
adidas Dame 9,adidas Dame 9,2025-03-13,Devon Hall,21,8,2,4,0,0
adidas Dame 9,adidas Dame 9,2025-03-13,Shavon Shields,26,14,5,2,2,0
adidas Dame 9,adidas Dame 9 Metamorphosis,2025-03-13,Damian Lillard,34,22,6,10,2,0
adidas Dame 9,adidas Dame 9,2025-03-13,Andre Jackson Jr.,2,0,1,0,0,0
adidas Dame 9,adidas Dame 9,2025-03-12,Ousmane Dieng,6,2,1,0,0,0
adidas Dame 9,adidas Dame 9,2025-03-12,Dyson Daniels,34,10,5,3,4,2
adidas Dame 9,adidas Dame 9,2025-03-11,Ziaire Williams,30,14,6,3,1,0
adidas Dame 9,adidas Dame 9,2025-03-11,Damian Lillard,37,15,3,11,0,0
adidas Dame 9,adidas Dame 9,2025-03-10,Ziaire Williams,31,7,9,2,2,2
adidas Dame 9,adidas Dame 9,2025-03-10,Ousmane Dieng,1,0,1,1,0,0
adidas Dame 9,adidas Dame 9,2025-03-10,Dillon Jones,1,0,0,0,0,0
adidas Dame 9,adidas Dame 9,2025-03-10,Dyson Daniels,33,25,6,9,2,0
adidas Dame 9,adidas Dame 9,2025-03-09,Ousmane Dieng,1,0,0,0,0,0
adidas Dame 9,adidas Dame 9,2025-03-09,Andre Jackson Jr.,3,0,2,1,0,0
adidas Dame 9,adidas Dame 9,2025-03-09,Damian Lillard,34,22,5,4,2,0
adidas Dame 9,adidas Dame 9,2025-03-08,Damian Lillard,35,26,7,4,1,0
adidas Dame 9,adidas Dame 9,2025-03-08,Ziaire Williams,31,19,3,1,0,2
adidas Dame 9,adidas Dame 9,2025-03-07,Will McDowell-White,19,4,2,6,1,0
adidas Dame 9,adidas Dame 9,2025-03-07,Yannick Wetzell,20,15,3,1,1,0
adidas Dame 9,adidas Dame 9,2025-03-07,Matteo Spagnolo,14,8,1,3,3,0
adidas Dame 9,adidas Dame 9,2025-03-07,Malte Delow,6,2,1,2,0,0
adidas Dame 9,adidas Dame 9,2025-03-07,Louis Olinde,12,2,1,0,0,0
adidas Dame 9,adidas Dame 9,2025-03-07,Dillon Jones,25,6,4,1,1,0
adidas Dame 9,adidas Dame 9,2025-03-07,Ousmane Dieng,35,16,6,1,2,0
adidas Dame 9,adidas Dame 9,2025-03-07,Rayan Rupert,1,0,0,0,0,0
adidas Dame 9,adidas Dame 9,2025-03-07,Elias Rapieque,13,5,1,1,0,0
adidas Dame 9,adidas Dame 9,2025-03-07,David Mc Cormack,17,11,5,2,1,1
adidas Dame 9,adidas Dame 9,2025-03-06,Kostas Sloukas,22,10,1,7,1,0
adidas Dame 9,adidas Dame 9,2025-03-06,Shabazz Napier,26,16,2,5,0,0
adidas Dame 9,adidas Dame 9,2025-03-06,Devon Hall,22,10,0,1,0,0
adidas Dame 9,adidas Dame 9,2025-03-06,Shavon Shields,20,17,1,0,1,0
adidas Dame 9,adidas Dame 9,2025-03-06,Ognjen Dobric,17,8,0,1,0,1
adidas Dame 9,adidas Dame 9,2025-03-06,Marko Guduric,15,4,2,4,0,0
adidas Dame 9,adidas Dame 9,2025-03-06,Sertac Sanli,12,5,2,0,0,0
adidas Dame 9,adidas Dame 9,2025-03-06,Wade Baldwin IV,18,15,1,3,0,0
adidas Dame 9,adidas Dame 9,2025-03-06,Ziaire Williams,24,10,1,1,0,0
adidas Dame 9,adidas Dame 9,2025-03-05,Ousmane Dieng,8,5,1,0,0,0
adidas Dame 9,adidas Dame 9 Formula Zero PE,2025-03-05,Damian Lillard,26,34,3,5,2,0
adidas Dame 9,adidas Dame 9,2025-03-05,Andre Jackson Jr.,9,8,1,0,1,0
adidas Dame 9,adidas Dame 9 Formula Zero PE,2025-03-04,Damian Lillard,36,23,5,4,2,0
adidas Dame 9,adidas Dame 9,2025-03-04,Ziaire Williams,19,7,3,1,0,0
adidas Dame 9,adidas Dame 9,2025-03-03,Rayan Rupert,1,0,0,0,0,0
adidas Dame 9,adidas Dame 9,2025-03-02,Ousmane Dieng,16,7,2,1,0,1
adidas Dame 9,adidas Dame 9,2025-03-02,Dillon Jones,1,0,0,0,0,0
adidas Dame 9,adidas Dame 9 Formula Zero PE,2025-03-01,Damian Lillard,35,28,6,6,2,0
adidas Dame 9,adidas Dame 9,2025-03-01,Ziaire Williams,25,11,3,1,2,0
adidas Dame 9,adidas Dame 9,2025-02-28,Kostas Sloukas,20,12,5,6,0,0
adidas Dame 9,adidas Dame 9,2025-02-28,Elias Rapieque,17,2,0,2,1,0
adidas Dame 9,adidas Dame 9,2025-02-28,David Mc Cormack,14,13,5,1,2,0
adidas Dame 9,adidas Dame 9,2025-02-28,Jonas Mattisseck,8,2,0,0,0,0
adidas Dame 9,adidas Dame 9,2025-02-28,Justin Bean,12,3,1,0,0,0
adidas Dame 9,adidas Dame 9,2025-02-28,Louis Olinde,20,6,1,1,0,1
adidas Dame 9,adidas Dame 9,2025-02-28,Tim Schneider,20,4,4,1,2,0
adidas Dame 9,adidas Dame 9,2025-02-28,Will McDowell-White,21,0,2,7,1,0
adidas Dame 9,adidas Dame 9,2025-02-28,Yannick Wetzell,21,20,5,1,1,1
adidas Dame 9,adidas Dame 9,2025-02-28,Ziaire Williams,10,5,0,1,1,0
adidas Dame 9,adidas Dame 9,2025-02-28,Rayan Rupert,3,0,0,0,0,0
adidas Dame 9,adidas Dame 9,2025-02-28,Dyson Daniels,32,10,4,3,2,2
adidas Dame 9,adidas Dame 9,2025-02-27,Sertac Sanli,14,2,3,0,0,0
adidas Dame 9,adidas Dame 9,2025-02-27,Devon Hall,25,7,2,5,2,0
adidas Dame 9,adidas Dame 9,2025-02-27,Wade Baldwin IV,24,12,2,2,1,0
adidas Dame 9,adidas Dame 9,2025-02-27,Ognjen Dobric,3,0,1,0,0,0
adidas Dame 9,adidas Dame 9,2025-02-27,Mantas Juzenas,0,0,0,0,0,0
adidas Dame 9,adidas Dame 9,2025-02-27,Shabazz Napier,24,14,0,5,0,0
adidas Dame 9,adidas Dame 9,2025-02-27,Damian Lillard,35,19,4,4,2,0
adidas Dame 9,adidas Dame 9,2025-02-26,Dyson Daniels,33,18,5,5,2,0
adidas Dame 9,adidas Dame 9,2025-02-26,Ziaire Williams,29,18,10,1,0,1
adidas Dame 9,adidas Dame 9,2025-02-25,Damian Lillard,36,22,1,3,1,0
adidas Dame 9,adidas Dame 9,2025-02-25,Andre Jackson Jr.,0,0,0,0,0,0
adidas Dame 9,adidas Dame 9,2025-02-24,Ziaire Williams,33,19,5,0,3,0
adidas Dame 9,adidas Dame 9,2025-02-24,Dyson Daniels,33,10,11,2,7,0
adidas Dame 9,adidas Dame 9,2025-02-23,Dyson Daniels,38,24,5,6,4,1
adidas Dame 9,adidas Dame 9,2025-02-23,Andre Jackson Jr.,1,0,1,1,0,0
adidas Dame 9,adidas Dame 9,2025-02-23,Damian Lillard,37,28,3,8,0,0
adidas Dame 9,adidas Dame 9,2025-02-22,Ziaire Williams,29,11,7,2,0,0
adidas Dame 9,adidas Dame 9,2025-02-21,Ousmane Dieng,2,0,2,1,0,0
adidas Dame 9,adidas Dame 9,2025-02-21,Dillon Jones,2,3,1,1,0,0
adidas Dame 9,adidas Dame 9,2025-02-21,Andre Jackson Jr.,2,0,0,0,0,0
adidas Dame 9,adidas Dame 9,2025-02-20,Ziaire Williams,30,10,7,2,2,1
adidas Dame 9,adidas Dame 9,2025-02-20,Dyson Daniels,33,10,11,4,3,0
adidas Dame 9,adidas Dame 9,2025-02-20,Damian Lillard,32,15,7,7,2,0
adidas Dame 9,adidas Dame 9,2025-02-16,Damian Lillard,8,9,3,2,1,0
adidas Dame 9,adidas Dame 9,2025-02-16,Damian Lillard,2,0,0,1,0,0
adidas Dame 9,adidas Dame 9,2025-02-13,Dillon Jones,8,0,3,2,0,0
adidas Dame 9,adidas Dame 9,2025-02-13,Nikola Jovic,24,6,1,1,0,0
adidas Dame 9,adidas Dame 9,2025-02-12,Andre Jackson Jr.,18,9,3,1,0,0
adidas Dame 9,adidas Dame 9,2025-02-12,Ziaire Williams,25,6,3,1,0,0
adidas Dame 9,adidas Dame 9,2025-02-12,Dillon Jones,6,0,2,0,0,0
adidas Dame 9,adidas Dame 9,2025-02-12,Nikola Jovic,28,11,3,4,0,0
adidas Dame 9,adidas Dame 9,2025-02-10,Ziaire Williams,21,11,5,3,1,0
adidas Dame 9,adidas Dame 9,2025-02-10,Dillon Jones,17,8,1,5,1,0
adidas Dame 9,adidas Dame 9,2025-02-10,Andre Jackson Jr.,13,4,1,1,1,0
adidas Dame 9,adidas Dame 9,2025-02-10,Damian Lillard,38,38,5,7,1,0
adidas Dame 9,adidas Dame 9,2025-02-09,Damian Lillard,43,43,7,8,2,0
adidas Dame 9,adidas Dame 9,2025-02-09,Andre Jackson Jr.,16,0,2,1,0,0
adidas Dame 9,adidas Dame 9,2025-02-08,Dillon Jones,7,2,1,0,0,0
adidas Dame 9,adidas Dame 9,2025-02-07,Donatas Motiejunas,7,2,0,2,0,0
adidas Dame 9,adidas Dame 9,2025-02-07,Collin Malcolm,18,7,3,0,0,0
adidas Dame 9,adidas Dame 9,2025-02-07,Alessandro Pajola,25,2,5,2,2,0
adidas Dame 9,adidas Dame 9,2025-02-07,Dillon Jones,9,1,2,1,1,0
adidas Dame 9,adidas Dame 9,2025-02-07,Damian Lillard,34,23,9,10,0,0
adidas Dame 9,adidas Dame 9,2025-02-07,Andre Jackson Jr.,15,0,4,2,0,0
adidas Dame 9,adidas Dame 9,2025-02-07,Nikola Jovic,31,8,1,4,2,0
adidas Dame 9,adidas Dame 9,2025-02-07,Ziaire Williams,32,8,9,3,2,0
adidas Dame 9,adidas Dame 9,2025-02-06,Ognjen Dobric,18,9,1,0,3,1
adidas Dame 9,adidas Dame 9,2025-02-06,Tim Schneider,28,2,5,0,0,0
adidas Dame 9,adidas Dame 9,2025-02-06,Will McDowell-White,22,3,2,5,0,1
adidas Dame 9,adidas Dame 9,2025-02-06,Matteo Spagnolo,21,15,2,3,0,0
adidas Dame 9,adidas Dame 9,2025-02-06,Kostas Sloukas,26,13,2,9,1,0
adidas Dame 9,adidas Dame 9,2025-02-06,Shabazz Napier,11,0,2,1,0,0
adidas Dame 9,adidas Dame 9,2025-02-06,Malte Delow,23,9,3,3,1,0
adidas Dame 9,adidas Dame 9,2025-02-06,Louis Olinde,15,3,2,1,0,1
adidas Dame 9,adidas Dame 9,2025-02-06,David Mc Cormack,19,18,11,0,1,0
adidas Dame 9,adidas Dame 9,2025-02-06,Sertac Sanli,14,0,1,1,2,2
adidas Dame 9,adidas Dame 9,2025-02-06,Marko Guduric,18,10,4,4,1,0
adidas Dame 9,adidas Dame 9,2025-02-05,Tomas Satoransky,18,4,4,5,0,0
adidas Dame 9,adidas Dame 9 Bape,2025-02-05,Collin Malcolm,25,4,6,0,0,0
adidas Dame 9,adidas Dame 9,2025-02-05,Dillon Jones,6,6,2,2,0,0
adidas Dame 9,adidas Dame 9,2025-02-05,Donatas Motiejunas,7,4,3,1,0,0
adidas Dame 9,adidas Dame 9,2025-02-05,Alessandro Pajola,22,5,2,5,1,0
adidas Dame 9,adidas Dame 9,2025-02-05,Ziaire Williams,18,4,3,0,0,0
adidas Dame 9,adidas Dame 9,2025-02-05,Andre Jackson Jr.,16,2,1,1,0,0
adidas Dame 9,adidas Dame 9,2025-02-05,Damian Lillard,30,29,4,12,2,0
adidas Dame 9,adidas Dame 9,2025-02-04,Louis Olinde,19,0,0,0,0,0
adidas Dame 9,adidas Dame 9,2025-02-04,Malte Delow,21,4,4,2,1,0
adidas Dame 9,adidas Dame 9,2025-02-04,Kostas Sloukas,26,23,5,3,1,0
adidas Dame 9,adidas Dame 9,2025-02-04,Marko Guduric,23,7,5,5,1,0
adidas Dame 9,adidas Dame 9,2025-02-04,Sertac Sanli,22,12,1,0,0,1
adidas Dame 9,adidas Dame 9,2025-02-04,Ognjen Dobric,8,5,1,0,0,0
adidas Dame 9,adidas Dame 9,2025-02-04,David Mc Cormack,17,8,9,3,1,0
adidas Dame 9,adidas Dame 9,2025-02-04,Amon Doerries,9,2,1,0,1,0
adidas Dame 9,adidas Dame 9,2025-02-04,Lonnie Walker IV,17,7,2,1,2,0
adidas Dame 9,adidas Dame 9,2025-02-04,Matteo Spagnolo,22,10,2,3,0,0
adidas Dame 9,adidas Dame 9,2025-02-04,Tim Schneider,14,4,1,0,2,0
adidas Dame 9,adidas Dame 9,2025-02-04,Will McDowell-White,20,3,1,6,0,1
adidas Dame 9,adidas Dame 9,2025-02-04,Yannick Wetzell,22,10,10,1,0,0
adidas Dame 9,adidas Dame 9,2025-02-04,Ziaire Williams,29,8,7,1,0,2
adidas Dame 9,adidas Dame 9,2025-02-03,Dillon Jones,25,0,9,4,0,0
adidas Dame 9,adidas Dame 9,2025-02-03,Andre Jackson Jr.,22,10,4,2,2,1
adidas Dame 9,adidas Dame 9,2025-02-02,Damian Lillard,37,15,3,9,0,0
adidas Dame 9,adidas Dame 9,2025-02-01,Ousmane Dieng,24,0,3,3,0,1
adidas Dame 9,adidas Dame 9,2025-02-01,Ziaire Williams,36,21,8,1,1,2
adidas Dame 9,adidas Dame 9,2025-01-31,Sertac Sanli,20,11,3,2,0,1
adidas Dame 9,adidas Dame 9,2025-01-31,Marko Guduric,22,17,3,2,0,0
adidas Dame 9,adidas Dame 9,2025-01-31,Donatas Motiejunas,9,7,2,0,0,0
adidas Dame 9,adidas Dame 9,2025-01-31,Riccardo Visconti,2,3,0,0,0,0
adidas Dame 9,adidas Dame 9,2025-01-31,Damian Lillard,37,22,3,7,0,1
adidas Dame 9,adidas Dame 9,2025-01-30,Kostas Sloukas,31,22,2,6,2,0
adidas Dame 9,adidas Dame 9 Bape,2025-01-30,Collin Malcolm,16,4,4,3,2,0
adidas Dame 9,adidas Dame 9,2025-01-30,Tomas Satoransky,26,11,4,5,1,0
adidas Dame 9,adidas Dame 9,2025-01-30,David Mc Cormack,14,6,4,1,0,0
adidas Dame 9,adidas Dame 9,2025-01-30,Amon Doerries,0,0,0,0,0,0
adidas Dame 9,adidas Dame 9,2025-01-30,Louis Olinde,18,11,1,0,0,0
adidas Dame 9,adidas Dame 9,2025-01-30,Malte Delow,26,14,2,3,0,0
adidas Dame 9,adidas Dame 9,2025-01-30,Martin Hermannsson,20,11,2,11,2,0
adidas Dame 9,adidas Dame 9,2025-01-30,Matteo Spagnolo,25,11,1,2,2,0
adidas Dame 9,adidas Dame 9,2025-01-30,Tim Schneider,17,8,7,0,0,2
adidas Dame 9,adidas Dame 9,2025-01-30,Will McDowell-White,19,3,5,9,1,0
adidas Dame 9,adidas Dame 9,2025-01-30,Yannick Wetzell,27,22,5,3,1,0
adidas Dame 9,adidas Dame 9,2025-01-29,Ousmane Dieng,6,0,2,1,0,0
adidas Dame 9,adidas Dame 9,2025-01-29,Nikola Jovic,28,11,3,5,0,0
adidas Dame 9,adidas Dame 9,2025-01-29,Ziaire Williams,32,13,3,3,2,0
adidas Dame 9,adidas Dame 9,2025-01-28,Damian Lillard,38,20,3,6,1,0
adidas Dame 9,adidas Dame 9,2025-01-27,Ziaire Williams,22,5,2,0,2,0
adidas Dame 9,adidas Dame 9,2025-01-27,Nikola Jovic,46,15,7,2,2,0
adidas Dame 9,adidas Dame 9,2025-01-27,Damian Lillard,41,35,5,8,0,1
adidas Dame 9,adidas Dame 9,2025-01-26,Ousmane Dieng,10,5,1,1,0,0
adidas Dame 9,adidas Dame 9,2025-01-25,Damian Lillard,39,29,10,10,1,1
adidas Dame 9,adidas Dame 9,2025-01-25,Ziaire Williams,19,1,5,1,0,0
adidas Dame 9,adidas Dame 9,2025-01-25,Nikola Jovic,30,17,6,4,2,2
adidas Dame 9,adidas Dame 9,2025-01-24,Yannick Wetzell,16,14,1,0,1,1
adidas Dame 9,adidas Dame 9,2025-01-24,Will McDowell-White,23,18,2,2,2,0
adidas Dame 9,adidas Dame 9,2025-01-24,Tim Schneider,24,4,5,0,1,0
adidas Dame 9,adidas Dame 9,2025-01-24,Matteo Spagnolo,16,10,1,6,0,0
adidas Dame 9,adidas Dame 9,2025-01-24,Malte Delow,21,3,4,4,1,0
adidas Dame 9,adidas Dame 9,2025-01-24,Marko Guduric,26,21,3,4,0,0
adidas Dame 9,adidas Dame 9,2025-01-24,Louis Olinde,15,4,3,1,2,1
adidas Dame 9,adidas Dame 9,2025-01-24,David Mc Cormack,23,10,8,0,1,0
adidas Dame 9,adidas Dame 9,2025-01-24,Sertac Sanli,24,11,5,1,0,1
adidas Dame 9,adidas Dame 9,2025-01-24,Tomas Satoransky,26,5,3,6,1,0
adidas Dame 9,adidas Dame 9,2025-01-23,Lonnie Walker IV,29,19,4,1,0,0
adidas Dame 9,adidas Dame 9,2025-01-23,Kostas Sloukas,20,16,2,4,2,0
adidas Dame 9,adidas Dame 9,2025-01-23,Donatas Motiejunas,14,11,2,1,0,0
adidas Dame 9,adidas Dame 9,2025-01-23,Alessandro Pajola,33,14,2,4,3,0
adidas Dame 9,adidas Dame 9,2025-01-23,Shavon Shields,22,9,4,3,0,0
adidas Dame 9,adidas Dame 9,2025-01-23,Nikola Jovic,21,8,2,2,0,0
adidas Dame 9,adidas Dame 9,2025-01-23,Damian Lillard,35,29,9,11,2,0
adidas Dame 9,adidas Dame 9,2025-01-22,Ousmane Dieng,9,0,1,0,0,0
adidas Dame 9,adidas Dame 9 Bape,2025-01-22,Collin Malcolm,16,10,0,2,0,0
adidas Dame 9,adidas Dame 9,2025-01-21,Nikola Jovic,35,12,4,8,0,0
adidas Dame 9,adidas Dame 9,2025-01-20,Onyeka Okongwu,28,14,9,2,2,0
adidas Dame 9,adidas Dame 9,2025-01-19,Damian Lillard,39,25,5,4,1,0
adidas Dame 9,adidas Dame 9,2025-01-19,Nikola Jovic,23,14,2,5,2,0
adidas Dame 9,adidas Dame 9,2025-01-19,Ousmane Dieng,20,12,3,2,0,1
adidas Dame 9,adidas Dame 9,2025-01-19,Ziaire Williams,22,7,5,2,1,1
adidas Dame 9,adidas Dame 9,2025-01-18,Onyeka Okongwu,31,19,13,2,0,4
adidas Dame 9,adidas Dame 9,2025-01-17,Shabazz Napier,21,14,5,3,3,0
adidas Dame 9,adidas Dame 9,2025-01-17,Kostas Sloukas,14,1,1,11,1,0
adidas Dame 9,adidas Dame 9,2025-01-17,Tomas Satoransky,20,6,3,7,1,0
adidas Dame 9,adidas Dame 9,2025-01-17,Sertac Sanli,12,4,3,2,0,1
adidas Dame 9,adidas Dame 9,2025-01-17,Marko Guduric,23,20,2,3,1,0
adidas Dame 9,adidas Dame 9,2025-01-17,Ognjen Dobric,22,7,2,1,0,0
adidas Dame 9,adidas Dame 9,2025-01-17,Donatas Motiejunas,23,16,3,3,0,0
adidas Dame 9,adidas Dame 9,2025-01-17,Ziaire Williams,25,15,4,3,0,1
adidas Dame 9,adidas Dame 9,2025-01-17,Ousmane Dieng,5,8,1,1,0,0
adidas Dame 9,adidas Dame 9,2025-01-17,Nikola Jovic,30,16,4,4,0,0
adidas Dame 9,adidas Dame 9,2025-01-17,Damian Lillard,35,26,3,8,2,1
adidas Dame 9,adidas Dame 9,2025-01-16,Malte Delow,22,11,2,0,1,0
adidas Dame 9,adidas Dame 9,2025-01-16,Martin Hermannsson,25,13,1,9,2,0
adidas Dame 9,adidas Dame 9,2025-01-16,Tim Schneider,33,7,8,0,0,1
adidas Dame 9,adidas Dame 9,2025-01-16,Yannick Wetzell,17,10,3,4,1,1
adidas Dame 9,adidas Dame 9,2025-01-16,Louis Olinde,8,3,1,2,0,0
adidas Dame 9,adidas Dame 9,2025-01-16,Ousmane Dieng,9,3,2,0,0,0
adidas Dame 9,adidas Dame 9 Bape,2025-01-16,Collin Malcolm,18,11,0,0,0,0
adidas Dame 9,adidas Dame 9,2025-01-16,David Mc Cormack,27,10,6,1,2,0
adidas Dame 9,adidas Dame 9,2025-01-16,Elias Rapieque,8,0,2,0,1,0
adidas Dame 9,adidas Dame 9,2025-01-16,Shavon Shields,32,16,0,0,1,0
adidas Dame 9,adidas Dame 9,2025-01-15,Donatas Motiejunas,5,2,0,0,0,0
adidas Dame 9,adidas Dame 9,2025-01-15,Shabazz Napier,23,17,1,1,2,0
adidas Dame 9,adidas Dame 9,2025-01-15,Kostas Sloukas,19,5,1,4,1,0
adidas Dame 9,adidas Dame 9,2025-01-15,Konstantinos Mitoglou,12,2,3,1,0,0
adidas Dame 9,adidas Dame 9,2025-01-15,Tomas Satoransky,23,2,2,7,0,0
adidas Dame 9,adidas Dame 9,2025-01-15,Ziaire Williams,21,4,4,0,2,0
adidas Dame 9,adidas Dame 9,2025-01-15,Nikola Jovic,32,12,4,8,0,1
adidas Dame 9,adidas Dame 9,2025-01-15,Ognjen Dobric,17,10,3,0,0,0
adidas Dame 9,adidas Dame 9,2025-01-15,Onyeka Okongwu,26,14,13,7,1,1
adidas Dame 9,adidas Dame 9,2025-01-15,Damian Lillard,30,30,5,4,4,0
adidas Dame 9,adidas Dame 9,2025-01-14,Martin Hermannsson,16,4,1,6,0,0
adidas Dame 9,adidas Dame 9,2025-01-14,Elias Rapieque,17,3,5,0,0,0
adidas Dame 9,adidas Dame 9,2025-01-14,David Mc Cormack,21,11,2,1,1,0
adidas Dame 9,adidas Dame 9,2025-01-14,Shavon Shields,23,16,2,2,2,0
adidas Dame 9,adidas Dame 9,2025-01-14,Tim Schneider,23,6,2,1,1,0
adidas Dame 9,adidas Dame 9,2025-01-14,Yannick Wetzell,21,13,7,1,0,0
adidas Dame 9,adidas Dame 9,2025-01-14,Collin Malcolm,17,12,1,1,0,0
adidas Dame 9,adidas Dame 9,2025-01-14,Ziaire Williams,27,13,7,1,2,0
adidas Dame 9,adidas Dame 9,2025-01-14,Onyeka Okongwu,28,22,21,1,1,0
adidas Dame 9,adidas Dame 9,2025-01-14,Damian Lillard,35,24,5,7,0,1
adidas Dame 9,adidas Dame 9,2025-01-13,Nikola Jovic,27,5,6,3,1,1
adidas Dame 9,adidas Dame 9,2025-01-12,Damian Lillard,37,22,3,5,1,0
adidas Dame 9,adidas Dame 9,2025-01-12,Ziaire Williams,31,19,6,2,1,0
adidas Dame 9,adidas Dame 9,2025-01-11,Nikola Jovic,31,21,8,5,1,1
adidas Dame 9,adidas Dame 9,2025-01-10,Damian Lillard,39,29,4,7,3,0
adidas Dame 9,adidas Dame 9 Bape,2025-01-10,Collin Malcolm,16,7,2,1,0,1
adidas Dame 9,adidas Dame 9,2025-01-10,Shabazz Napier,18,5,0,4,2,0
adidas Dame 9,adidas Dame 9,2025-01-10,Alessandro Pajola,34,5,4,7,2,0
adidas Dame 9,adidas Dame 9,2025-01-10,Ziaire Williams,23,10,5,3,2,0
adidas Dame 9,adidas Dame 9,2025-01-09,Skylar Mays,16,4,0,2,0,2
adidas Dame 9,adidas Dame 9,2025-01-09,David Mc Cormack,21,4,8,2,3,0
adidas Dame 9,adidas Dame 9,2025-01-09,Elias Rapieque,15,2,1,2,0,0
adidas Dame 9,adidas Dame 9,2025-01-09,Jonas Mattisseck,5,0,0,0,0,0
adidas Dame 9,adidas Dame 9,2025-01-09,Nikola Jovic,27,11,6,5,0,1
adidas Dame 9,adidas Dame 9,2025-01-09,Onyeka Okongwu,21,8,5,6,0,1
adidas Dame 9,adidas Dame 9,2025-01-09,Frank Ntilikina,12,3,0,0,0,0
adidas Dame 9,adidas Dame 9,2025-01-09,Shavon Shields,24,18,1,4,2,0
adidas Dame 9,adidas Dame 9,2025-01-09,Sertac Sanli,21,18,3,2,1,1
adidas Dame 9,adidas Dame 9,2025-01-09,Marko Guduric,20,14,1,1,0,0
adidas Dame 9,adidas Dame 9,2025-01-09,Will McDowell-White,24,9,2,2,0,0
adidas Dame 9,adidas Dame 9,2025-01-09,Tim Schneider,23,6,4,2,1,0
adidas Dame 9,adidas Dame 9,2025-01-09,Matteo Spagnolo,16,2,1,1,1,0
adidas Dame 9,adidas Dame 9,2025-01-09,Martin Hermannsson,12,6,0,3,1,0
adidas Dame 9,adidas Dame 9,2025-01-09,Malte Delow,18,10,2,1,0,0
adidas Dame 9,adidas Dame 9,2025-01-09,Tomas Satoransky,18,3,5,6,0,0
adidas Dame 9,adidas Dame 9,2025-01-09,Donatas Motiejunas,6,2,1,0,0,0
adidas Dame 9,adidas Dame 9,2025-01-08,Ziaire Williams,27,11,5,3,1,0
adidas Dame 9,adidas Dame 9,2025-01-08,Damian Lillard,35,26,5,8,0,0
adidas Dame 9,adidas Dame 9,2025-01-07,Nikola Jovic,34,20,6,4,1,0
adidas Dame 9,adidas Dame 9,2025-01-07,Onyeka Okongwu,22,2,9,3,1,4
adidas Dame 9,adidas Dame 9,2025-01-06,Damian Lillard,25,25,5,3,0,0
adidas Dame 9,adidas Dame 9,2025-01-06,Ziaire Williams,25,10,8,4,1,1
adidas Dame 9,adidas Dame 9,2025-01-06,Nikola Jovic,20,12,3,0,1,1
adidas Dame 9,adidas Dame 9,2025-01-04,Nikola Jovic,23,17,1,3,2,2
adidas Dame 9,adidas Dame 9,2025-01-04,Damian Lillard,36,16,2,6,4,0
adidas Dame 9,adidas Dame 9,2025-01-04,Onyeka Okongwu,24,4,8,2,0,1
adidas Dame 9,adidas Dame 9,2025-01-04,Ziaire Williams,21,19,3,2,1,1
adidas Dame 9,adidas Dame 9,2025-01-03,Collin Malcolm,16,0,5,1,1,0
adidas Dame 9,adidas Dame 9,2025-01-03,Skylar Mays,16,9,2,1,1,0
adidas Dame 9,adidas Dame 9,2025-01-03,Tomas Satoransky,22,12,3,8,1,0
adidas Dame 9,adidas Dame 9,2025-01-03,Kostas Sloukas,16,5,2,5,0,0
adidas Dame 9,adidas Dame 9,2025-01-03,Frank Ntilikina,18,10,1,4,0,0
adidas Dame 9,adidas Dame 9,2025-01-03,Shabazz Napier,26,17,2,3,3,0
adidas Dame 9,adidas Dame 9,2025-01-02,Donatas Motiejunas,20,11,6,0,1,0
adidas Dame 9,adidas Dame 9,2025-01-02,Will McDowell-White,16,3,0,3,0,0
adidas Dame 9,adidas Dame 9,2025-01-02,Tim Schneider,19,13,2,0,0,0
adidas Dame 9,adidas Dame 9,2025-01-02,Matteo Spagnolo,21,13,2,5,2,0
adidas Dame 9,adidas Dame 9,2025-01-02,Malte Delow,15,1,1,1,0,1
adidas Dame 9,adidas Dame 9,2025-01-02,Elias Rapieque,20,9,7,3,2,0
adidas Dame 9,adidas Dame 9,2025-01-02,David Mc Cormack,16,6,5,1,0,0
adidas Dame 9,adidas Dame 9,2025-01-02,Damian Lillard,40,23,3,7,1,0
adidas Dame 9,adidas Dame 9,2025-01-02,Ziaire Williams,18,8,6,1,0,1
adidas Dame 9,adidas Dame 9,2025-01-02,Nikola Jovic,25,8,2,5,1,0
adidas Dame 9,adidas Dame 9,2025-01-02,Dillon Jones,5,0,1,0,0,0
adidas Dame 9,adidas Dame 9,2025-01-02,Ousmane Dieng,3,2,0,0,1,0
adidas Dame 9,adidas Dame 9,2025-01-01,Nikola Jovic,33,8,7,6,0,0
adidas Dame 9,adidas Dame 9,2024-12-31,Damian Lillard,35,9,4,5,2,0
adidas Dame 9,adidas Dame 9,2024-12-29,Nikola Jovic,30,18,7,6,0,0
adidas Dame 9,adidas Dame 9,2024-12-29,Ousmane Dieng,4,0,2,1,1,0
adidas Dame 9,adidas Dame 9,2024-12-28,Damian Lillard,35,29,6,12,2,0
adidas Dame 9,adidas Dame 9,2024-12-28,Ousmane Dieng,7,0,2,0,0,0
adidas Dame 9,adidas Dame 9,2024-12-28,Dillon Jones,14,2,3,1,0,0
adidas Dame 9,adidas Dame 9,2024-12-28,Nikola Jovic,18,4,2,1,0,0
adidas Dame 9,adidas Dame 9,2024-12-27,Collin Malcolm,21,10,6,1,0,0
adidas Dame 9,adidas Dame 9,2024-12-27,Alessandro Pajola,27,7,2,6,1,0
adidas Dame 9,adidas Dame 9,2024-12-27,Shabazz Napier,17,0,2,7,0,0
adidas Dame 9,adidas Dame 9,2024-12-27,Kostas Sloukas,25,11,4,8,1,1
adidas Dame 9,adidas Dame 9,2024-12-27,Panagiotis Kalaitzakis,7,1,0,0,0,0
adidas Dame 9,adidas Dame 9,2024-12-27,Frank Ntilikina,23,2,2,3,0,0
adidas Dame 9,adidas Dame 9,2024-12-27,Tomas Satoransky,24,7,2,8,2,0
adidas Dame 9,adidas Dame 9,2024-12-27,Skylar Mays,11,5,1,1,0,0
adidas Dame 9,adidas Dame 9,2024-12-26,Malte Delow,21,13,5,1,2,1
adidas Dame 9,adidas Dame 9,2024-12-26,Martin Hermannsson,27,8,1,8,3,0
adidas Dame 9,adidas Dame 9,2024-12-26,Matteo Spagnolo,15,10,1,3,1,0
adidas Dame 9,adidas Dame 9,2024-12-26,Tim Schneider,20,5,1,0,0,1
adidas Dame 9,adidas Dame 9,2024-12-26,Louis Olinde,18,4,5,0,0,0
adidas Dame 9,adidas Dame 9,2024-12-26,Elias Rapieque,7,0,1,1,0,0
adidas Dame 9,adidas Dame 9,2024-12-26,David Mc Cormack,32,15,8,0,2,0
adidas Dame 9,adidas Dame 9,2024-12-26,Donatas Motiejunas,14,8,3,2,0,0
adidas Dame 9,adidas Dame 9,2024-12-26,Dillon Jones,2,1,0,0,0,0
adidas Dame 9,adidas Dame 9,2024-12-26,Nikola Jovic,23,8,4,5,3,0
adidas Dame 9,adidas Dame 9,2024-12-23,Nikola Jovic,31,18,4,4,0,0
adidas Dame 9,adidas Dame 9,2024-12-23,Nickeil Alexander-Walker,28,11,4,4,1,0
adidas Dame 9,adidas Dame 9,2024-12-23,Ousmane Dieng,2,0,1,0,0,0
adidas Dame 9,adidas Dame 9,2024-12-21,Nikola Jovic,19,4,1,0,1,0
adidas Dame 9,adidas Dame 9,2024-12-20,Tomas Satoransky,29,0,4,8,2,0
adidas Dame 9,adidas Dame 9,2024-12-20,Nikola Jovic,19,7,1,0,0,0
adidas Dame 9,adidas Dame 9,2024-12-20,Malte Delow,24,4,6,4,3,0
adidas Dame 9,adidas Dame 9,2024-12-20,Louis Olinde,17,4,3,1,0,1
adidas Dame 9,adidas Dame 9,2024-12-20,Elias Rapieque,8,4,2,0,1,0
adidas Dame 9,adidas Dame 9,2024-12-20,David Mc Cormack,18,8,4,1,0,0
adidas Dame 9,adidas Dame 9,2024-12-20,Shavon Shields,31,7,4,4,1,0
adidas Dame 9,adidas Dame 9,2024-12-20,Martin Hermannsson,15,6,1,8,1,0
adidas Dame 9,adidas Dame 9,2024-12-20,Matteo Spagnolo,11,6,1,2,0,0
adidas Dame 9,adidas Dame 9,2024-12-20,Tim Schneider,13,0,1,0,0,0
adidas Dame 9,adidas Dame 9,2024-12-20,Shabazz Napier,12,0,1,1,1,0
adidas Dame 9,adidas Dame 9,2024-12-19,Kostas Sloukas,13,5,1,2,1,0
adidas Dame 9,adidas Dame 9,2024-12-19,Donatas Motiejunas,16,12,2,0,1,2
adidas Dame 9,adidas Dame 9,2024-12-18,Ognjen Dobric,19,8,3,1,3,0
adidas Dame 9,adidas Dame 9,2024-12-17,Martin Hermannsson,16,3,2,3,0,0
adidas Dame 9,adidas Dame 9,2024-12-17,Matteo Spagnolo,23,6,2,7,0,0
adidas Dame 9,adidas Dame 9,2024-12-17,Tim Schneider,7,0,2,0,0,0
adidas Dame 9,adidas Dame 9,2024-12-17,Trevion Williams,14,4,3,0,0,0
adidas Dame 9,adidas Dame 9,2024-12-17,Tomas Satoransky,22,5,4,5,0,0
adidas Dame 9,adidas Dame 9,2024-12-17,Dillon Jones,2,0,0,0,0,0
adidas Dame 9,adidas Dame 9,2024-12-17,Damian Lillard,35,23,4,4,1,0
adidas Dame 9,adidas Dame 9,2024-12-17,Malte Delow,20,0,1,3,2,0
adidas Dame 9,adidas Dame 9,2024-12-17,Collin Malcolm,27,11,5,1,1,0
adidas Dame 9,adidas Dame 9,2024-12-17,Shabazz Napier,18,2,3,3,1,0
adidas Dame 9,adidas Dame 9,2024-12-17,Kostas Sloukas,19,9,1,6,1,0
adidas Dame 9,adidas Dame 9,2024-12-17,Donatas Motiejunas,10,8,2,1,0,2
adidas Dame 9,adidas Dame 9,2024-12-17,David Mc Cormack,25,19,6,0,1,1
adidas Dame 9,adidas Dame 9,2024-12-17,Elias Rapieque,14,7,2,0,0,0
adidas Dame 9,adidas Dame 9,2024-12-17,Louis Olinde,14,3,2,0,0,0
adidas Dame 9,adidas Dame 9,2024-12-17,Skylar Mays,13,8,2,0,1,0
adidas Dame 9,adidas Dame 9,2024-12-14,Damian Lillard,37,25,6,7,3,0
adidas Dame 9,adidas Dame 9,2024-12-13,Tomas Satoransky,22,8,1,5,0,1
adidas Dame 9,adidas Dame 9,2024-12-13,Kostas Sloukas,25,15,4,3,1,0
adidas Dame 9,adidas Dame 9,2024-12-13,Collin Malcolm,16,3,2,0,0,0
adidas Dame 9,adidas Dame 9,2024-12-12,Shabazz Napier,19,13,6,5,1,0
adidas Dame 9,adidas Dame 9,2024-12-12,Donatas Motiejunas,22,9,11,1,0,0
adidas Dame 9,adidas Dame 9,2024-12-12,Skylar Mays,9,2,2,0,1,0
adidas Dame 9,adidas Dame 9,2024-12-12,Sertac Sanli,16,10,3,1,2,0
adidas Dame 9,adidas Dame 9,2024-12-12,Trevion Williams,7,4,2,1,0,0
adidas Dame 9,adidas Dame 9,2024-12-12,Tim Schneider,19,13,2,0,1,1
adidas Dame 9,adidas Dame 9,2024-12-12,Matteo Spagnolo,28,13,2,6,0,0
adidas Dame 9,adidas Dame 9,2024-12-12,Malte Delow,23,5,3,2,2,0
adidas Dame 9,adidas Dame 9,2024-12-12,Louis Olinde,12,5,3,1,0,0
adidas Dame 9,adidas Dame 9,2024-12-12,Elias Rapieque,11,2,1,0,1,0
adidas Dame 9,adidas Dame 9,2024-12-12,David Mc Cormack,25,16,6,0,1,0
adidas Dame 9,adidas Dame 9,2024-12-12,Nikola Jovic,24,14,4,1,1,1
adidas Dame 9,adidas Dame 9,2024-12-10,Damian Lillard,38,28,2,9,1,0
adidas Dame 9,adidas Dame 9,2024-12-08,Damian Lillard,38,15,6,11,1,0
adidas Dame 9,adidas Dame 9,2024-12-08,Rayan Rupert,2,2,1,1,0,0
adidas Dame 9,adidas Dame 9,2024-12-06,Tim Schneider,16,0,2,1,0,0
adidas Dame 9,adidas Dame 9,2024-12-06,Matteo Spagnolo,22,10,0,9,1,0
adidas Dame 9,adidas Dame 9,2024-12-06,Malte Delow,22,8,3,2,1,0
adidas Dame 9,adidas Dame 9,2024-12-06,Elias Rapieque,11,0,1,0,1,0
adidas Dame 9,adidas Dame 9,2024-12-06,David Mc Cormack,18,16,3,0,0,0
adidas Dame 9,adidas Dame 9,2024-12-06,Collin Malcolm,16,9,5,2,0,0
adidas Dame 9,adidas Dame 9,2024-12-06,Donatas Motiejunas,12,6,4,3,0,0
adidas Dame 9,adidas Dame 9,2024-12-06,Alessandro Pajola,25,9,5,4,0,0
adidas Dame 9,adidas Dame 9,2024-12-06,Damian Lillard,40,31,5,4,1,0
adidas Dame 9,adidas Dame 9,2024-12-06,Rayan Rupert,16,2,2,2,0,0
adidas Dame 9,adidas Dame 9,2024-12-05,Kostas Sloukas,23,15,1,6,1,0
adidas Dame 9,adidas Dame 9,2024-12-05,Shabazz Napier,16,5,2,4,0,0
adidas Dame 9,adidas Dame 9,2024-12-05,Panagiotis Kalaitzakis,7,0,0,0,0,0
adidas Dame 9,adidas Dame 9,2024-12-04,Shavon Shields,26,8,5,4,0,0
adidas Dame 9,adidas Dame 9,2024-12-04,Matteo Spagnolo,30,10,8,5,0,0
adidas Dame 9,adidas Dame 9,2024-12-04,Martin Hermannsson,24,4,1,6,1,0
adidas Dame 9,adidas Dame 9,2024-12-04,Malte Delow,14,4,1,1,0,0
adidas Dame 9,adidas Dame 9,2024-12-04,David Mc Cormack,25,16,14,1,4,1
adidas Dame 9,adidas Dame 9,2024-12-04,Alessandro Pajola,25,3,5,6,3,0
adidas Dame 9,adidas Dame 9,2024-12-04,Tim Schneider,22,7,3,0,0,1
adidas Dame 9,adidas Dame 9,2024-12-04,Damian Lillard,34,25,4,5,1,0
adidas Dame 9,adidas Dame 9,2024-12-04,Donatas Motiejunas,24,0,2,2,0,1
adidas Dame 9,adidas Dame 9,2024-12-03,Panagiotis Kalaitzakis,12,0,2,1,0,0
adidas Dame 9,adidas Dame 9,2024-12-03,Kostas Sloukas,18,6,1,6,1,0
adidas Dame 9,adidas Dame 9,2024-12-03,Skylar Mays,4,0,0,0,0,0
adidas Dame 9,adidas Dame 9,2024-12-03,Rayan Rupert,13,3,2,4,0,0
adidas Dame 9,adidas Dame 9,2024-12-03,Damian Lillard,31,27,4,5,0,0
adidas Dame 9,adidas Dame 9,2024-12-03,Pacôme Dadiet,2,0,0,1,0,0
adidas Dame 9,adidas Dame 9,2024-12-03,Collin Malcolm,22,6,1,1,2,1
adidas Dame 9,adidas Dame 9,2024-12-03,Shabazz Napier,19,9,1,4,0,0
adidas Dame 9,adidas Dame 9,2024-12-01,Rayan Rupert,3,3,0,0,0,0
adidas Dame 9,adidas Dame 9,2024-12-01,Ziaire Williams,21,1,5,1,2,0
adidas Dame 9,adidas Dame 9,2024-11-30,Onyeka Okongwu,28,16,11,2,1,0
adidas Dame 9,adidas Dame 9,2024-11-30,Damian Lillard,39,25,5,10,3,1
adidas Dame 9,adidas Dame 9,2024-11-29,Donatas Motiejunas,14,3,2,1,0,0
adidas Dame 9,adidas Dame 9,2024-11-29,Kostas Sloukas,26,11,2,4,1,0
adidas Dame 9,adidas Dame 9,2024-11-29,Skylar Mays,6,3,0,1,0,0
adidas Dame 9,adidas Dame 9,2024-11-29,Shavon Shields,25,9,5,3,0,0
adidas Dame 9,adidas Dame 9,2024-11-29,Shabazz Napier,21,11,3,2,2,0
adidas Dame 9,adidas Dame 9,2024-11-29,Onyeka Okongwu,21,15,7,2,0,0
adidas Dame 9,adidas Dame 9,2024-11-29,Ziaire Williams,20,5,3,0,0,0
adidas Dame 9,adidas Dame 9,2024-11-28,Elias Rapieque,15,14,3,2,0,0
adidas Dame 9,adidas Dame 9,2024-11-28,Malte Delow,18,6,1,0,2,0
adidas Dame 9,adidas Dame 9,2024-11-28,Matteo Spagnolo,24,16,5,2,0,1
adidas Dame 9,adidas Dame 9,2024-11-28,Collin Malcolm,16,3,6,2,0,0
adidas Dame 9,adidas Dame 9,2024-11-27,Ziaire Williams,24,10,4,2,2,0
adidas Dame 9,adidas Dame 9,2024-11-27,Rayan Rupert,3,0,1,0,0,0
adidas Dame 9,adidas Dame 9,2024-11-27,Onyeka Okongwu,29,10,5,4,0,2
adidas Dame 9,adidas Dame 9,2024-11-26,Andre Jackson Jr.,26,6,9,1,1,1
adidas Dame 9,adidas Dame 9,2024-11-26,Damian Lillard,37,37,3,12,1,1
adidas Dame 9,adidas Dame 9,2024-11-25,Onyeka Okongwu,22,8,7,1,0,1
adidas Dame 9,adidas Dame 9,2024-11-25,Rayan Rupert,22,9,1,1,1,1
adidas Dame 9,adidas Dame 9,2024-11-25,Pacôme Dadiet,2,0,1,0,0,0
adidas Dame 9,adidas Dame 9,2024-11-25,Ziaire Williams,37,19,10,4,2,0
adidas Dame 9,adidas Dame 9,2024-11-24,Ziaire Williams,20,6,2,0,0,0
adidas Dame 9,adidas Dame 9,2024-11-24,Nikola Jovic,5,0,1,1,0,0
adidas Dame 9,adidas Dame 9,2024-11-23,Andre Jackson Jr.,20,5,6,4,0,0
adidas Dame 9,adidas Dame 9,2024-11-23,Damian Lillard,34,31,4,4,1,0
adidas Dame 9,adidas Dame 9,2024-11-23,Pacôme Dadiet,3,0,0,0,0,0
adidas Dame 9,adidas Dame 9,2024-11-22,Kostas Sloukas,22,5,2,2,2,0
adidas Dame 9,adidas Dame 9,2024-11-22,Shabazz Napier,20,5,2,5,3,0
adidas Dame 9,adidas Dame 9,2024-11-22,Ziaire Williams,11,2,0,1,0,0
adidas Dame 9,adidas Dame 9,2024-11-22,Damian Lillard,36,24,5,13,1,0
adidas Dame 9,adidas Dame 9,2024-11-22,Andre Jackson Jr.,20,0,6,1,2,1
adidas Dame 9,adidas Dame 9,2024-11-22,Onyeka Okongwu,21,7,6,1,0,0
adidas Dame 9,adidas Dame 9,2024-11-21,Shavon Shields,25,4,0,5,0,0
adidas Dame 9,adidas Dame 9,2024-11-21,Donatas Motiejunas,18,7,5,1,0,0
adidas Dame 9,adidas Dame 9,2024-11-21,Collin Malcolm,23,15,1,0,0,0
adidas Dame 9,adidas Dame 9,2024-11-21,Trevion Williams,15,3,4,3,0,0
adidas Dame 9,adidas Dame 9,2024-11-21,Matteo Spagnolo,23,4,1,6,0,0
adidas Dame 9,adidas Dame 9,2024-11-21,Malte Delow,19,10,7,1,0,0
adidas Dame 9,adidas Dame 9,2024-11-20,Damian Lillard,35,20,5,10,0,0
adidas Dame 9,adidas Dame 9,2024-11-20,Onyeka Okongwu,23,9,7,0,0,1
adidas Dame 9,adidas Dame 9,2024-11-20,Pacôme Dadiet,1,0,0,0,0,0
adidas Dame 9,adidas Dame 9,2024-11-20,Ousmane Dieng,10,0,1,0,2,0
adidas Dame 9,adidas Dame 9,2024-11-19,Ousmane Dieng,3,0,1,0,0,0
adidas Dame 9,adidas Dame 9,2024-11-19,Ziaire Williams,17,4,2,2,1,1
adidas Dame 9,adidas Dame 9,2024-11-18,Onyeka Okongwu,19,7,2,0,1,0
adidas Dame 9,adidas Dame 9,2024-11-18,Pacôme Dadiet,17,9,3,2,0,0
adidas Dame 9,adidas Dame 9,2024-11-18,Nikola Jovic,8,3,3,1,1,0
adidas Dame 9,adidas Dame 9,2024-11-18,Damian Lillard,35,18,4,10,0,0
adidas Dame 9,adidas Dame 9,2024-11-17,Ousmane Dieng,2,0,1,1,0,0
adidas Dame 9,adidas Dame 9,2024-11-17,Ziaire Williams,24,7,3,1,0,1
adidas Dame 9,adidas Dame 9,2024-11-17,Pacôme Dadiet,9,0,1,1,0,1
adidas Dame 9,adidas Dame 9,2024-11-17,Onyeka Okongwu,28,11,11,3,2,2
adidas Dame 9,adidas Dame 9,2024-11-17,Nikola Jovic,31,14,3,2,1,0
adidas Dame 9,adidas Dame 9,2024-11-15,Nikola Jovic,29,11,6,1,1,0
adidas Dame 9,adidas Dame 9,2024-11-15,Pacôme Dadiet,11,5,4,0,1,1
adidas Dame 9,adidas Dame 9,2024-11-15,Kostas Sloukas,28,10,3,7,1,0
adidas Dame 9,adidas Dame 9,2024-11-15,Collin Malcolm,22,8,2,2,1,0
adidas Dame 9,adidas Dame 9,2024-11-15,Ziaire Williams,28,9,8,1,1,0
adidas Dame 9,adidas Dame 9,2024-11-15,Ousmane Dieng,21,7,5,1,1,0
adidas Dame 9,adidas Dame 9,2024-11-15,Onyeka Okongwu,25,13,13,0,2,2
adidas Dame 9,adidas Dame 9,2024-11-14,Donatas Motiejunas,13,5,4,3,1,0
adidas Dame 9,adidas Dame 9,2024-11-14,Matteo Spagnolo,25,23,0,4,0,0
adidas Dame 9,adidas Dame 9,2024-11-14,Elias Rapieque,20,11,4,3,2,0
adidas Dame 9,adidas Dame 9,2024-11-14,Dorian Grosber,2,2,0,0,1,0
adidas Dame 9,adidas Dame 9,2024-11-14,Yam Madar,17,6,3,0,2,1
adidas Dame 9,adidas Dame 9,2024-11-14,Shabazz Napier,20,10,1,4,2,0
adidas Dame 9,adidas Dame 9,2024-11-13,Collin Malcolm,19,17,0,0,0,0
adidas Dame 9,adidas Dame 9,2024-11-13,Rayan Rupert,2,0,0,0,0,0
adidas Dame 9,adidas Dame 9,2024-11-13,Ousmane Dieng,15,2,1,0,0,1
adidas Dame 9,adidas Dame 9,2024-11-13,Ziaire Williams,26,23,6,1,1,1
adidas Dame 9,adidas Dame 9,2024-11-12,Kostas Sloukas,12,0,0,5,1,0
adidas Dame 9,adidas Dame 9,2024-11-12,Matteo Spagnolo,33,20,5,9,0,0
adidas Dame 9,adidas Dame 9,2024-11-12,Elias Rapieque,23,4,4,3,0,0
adidas Dame 9,adidas Dame 9,2024-11-12,Dorian Grosber,3,0,0,0,0,0
adidas Dame 9,adidas Dame 9,2024-11-12,Rayan Rupert,9,2,2,1,0,0
adidas Dame 9,adidas Dame 9,2024-11-12,Nikola Jovic,2,2,1,0,0,0
adidas Dame 9,adidas Dame 9,2024-11-12,Onyeka Okongwu,30,15,6,2,0,0
adidas Dame 9,adidas Dame 9,2024-11-12,Donatas Motiejunas,17,10,8,1,2,0
adidas Dame 9,adidas Dame 9,2024-11-12,Shabazz Napier,14,3,1,1,2,0
adidas Dame 9,adidas Dame 9,2024-11-11,Ousmane Dieng,8,3,1,1,1,0
adidas Dame 9,adidas Dame 9,2024-11-11,Ziaire Williams,28,12,9,0,1,1
adidas Dame 9,adidas Dame 9,2024-11-10,Damian Lillard,35,14,4,6,3,0
adidas Dame 9,adidas Dame 9,2024-11-10,Andre Jackson Jr.,22,1,3,2,0,0
adidas Dame 9,adidas Dame 9,2024-11-10,Tristan da Silva,31,11,4,2,2,0
adidas Dame 9,adidas Dame 9,2024-11-10,Ousmane Dieng,11,2,4,2,0,0
adidas Dame 9,adidas Dame 9,2024-11-10,Rayan Rupert,15,2,5,0,0,0
adidas Dame 9,adidas Dame 9,2024-11-10,Nikola Jovic,23,15,7,1,1,0
adidas Dame 9,adidas Dame 9,2024-11-09,Ziaire Williams,20,0,3,0,1,0
adidas Dame 9,adidas Dame 9,2024-11-09,Onyeka Okongwu,22,8,7,1,0,0
adidas Dame 9,adidas Dame 9,2024-11-08,Kostas Sloukas,30,12,1,7,0,0
adidas Dame 9,adidas Dame 9,2024-11-08,Onyeka Okongwu,16,8,5,3,0,1
adidas Dame 9,adidas Dame 9,2024-11-08,Damian Lillard,34,19,6,6,0,0
adidas Dame 9,adidas Dame 9,2024-11-08,Donatas Motiejunas,19,8,6,1,0,1
adidas Dame 9,adidas Dame 9,2024-11-08,Rayan Rupert,6,3,1,0,0,0
adidas Dame 9,adidas Dame 9,2024-11-08,Nikola Jovic,19,11,4,2,3,0
adidas Dame 9,adidas Dame 9,2024-11-08,Ousmane Dieng,5,0,2,0,1,0
adidas Dame 9,adidas Dame 9,2024-11-08,Ziaire Williams,23,9,12,1,0,0
adidas Dame 9,adidas Dame 9,2024-11-07,Damian Lillard,37,34,4,7,4,0
adidas Dame 9,adidas Dame 9,2024-11-07,Andre Jackson Jr.,28,7,3,4,4,0
adidas Dame 9,adidas Dame 9,2024-11-07,Shabazz Napier,20,7,3,1,1,0
adidas Dame 9,adidas Dame 9,2024-11-07,Collin Malcolm,17,6,0,0,0,0
adidas Dame 9,adidas Dame 9,2024-11-07,Rayan Rupert,7,0,0,0,0,0
adidas Dame 9,adidas Dame 9,2024-11-07,Elias Rapieque,15,4,1,2,0,0
adidas Dame 9,adidas Dame 9,2024-11-07,Louis Olinde,22,9,4,2,0,0
adidas Dame 9,adidas Dame 9,2024-11-07,Martin Hermannsson,26,7,0,6,0,0
adidas Dame 9,adidas Dame 9,2024-11-07,Trevion Williams,25,16,7,2,0,2
adidas Dame 9,adidas Dame 9,2024-11-06,Onyeka Okongwu,20,2,4,5,1,0
adidas Dame 9,adidas Dame 9,2024-11-06,Nikola Jovic,5,4,1,0,0,0
adidas Dame 9,adidas Dame 9,2024-11-06,Ousmane Dieng,10,6,4,0,0,0
adidas Dame 9,adidas Dame 9,2024-11-04,Rayan Rupert,18,6,2,0,1,0
adidas Dame 9,adidas Dame 9,2024-11-04,Ousmane Dieng,8,0,4,2,2,0
adidas Dame 9,adidas Dame 9,2024-11-04,Damian Lillard,37,36,2,7,0,0
adidas Dame 9,adidas Dame 9,2024-11-04,Onyeka Okongwu,22,18,10,0,2,0
adidas Dame 9,adidas Dame 9,2024-11-04,Ziaire Williams,21,2,2,1,2,0
adidas Dame 9,adidas Dame 9,2024-11-03,Ziaire Williams,16,4,2,0,0,0
adidas Dame 9,adidas Dame 9,2024-11-02,Gary Trent Jr.,34,3,1,1,1,0
adidas Dame 9,adidas Dame 9,2024-11-02,Damian Lillard,38,41,4,9,0,1
adidas Dame 9,adidas Dame 9,2024-11-02,Ousmane Dieng,8,3,0,0,2,0
adidas Dame 9,adidas Dame 9,2024-11-02,Rayan Rupert,7,2,1,0,0,0
adidas Dame 9,adidas Dame 9,2024-11-02,Nikola Jovic,22,3,6,1,3,0
adidas Dame 9,adidas Dame 9,2024-11-01,Kostas Sloukas,26,10,2,3,1,0
adidas Dame 9,adidas Dame 9,2024-11-01,Rayan Rupert,22,14,2,0,1,1
adidas Dame 9,adidas Dame 9,2024-11-01,Ousmane Dieng,19,11,3,2,0,1
adidas Dame 9,adidas Dame 9,2024-11-01,Collin Malcolm,19,5,6,1,0,0
adidas Dame 9,adidas Dame 9,2024-11-01,Shabazz Napier,17,12,3,1,0,0
adidas Dame 9,adidas Dame 9,2024-11-01,Onyeka Okongwu,19,11,4,1,1,1
adidas Dame 9,adidas Dame 9,2024-11-01,Ziaire Williams,19,10,3,0,1,0
adidas Dame 9,adidas Dame 9,2024-11-01,Marko Guduric,16,10,1,5,1,0
adidas Dame 9,adidas Dame 9,2024-11-01,Donatas Motiejunas,19,8,0,1,1,0
adidas Dame 9,adidas Dame 9,2024-10-31,Gary Trent Jr.,18,9,2,0,1,0
adidas Dame 9,adidas Dame 9,2024-10-31,Damian Lillard,33,4,2,6,1,0
adidas Dame 9,adidas Dame 9,2024-10-31,Martin Hermannsson,24,24,1,2,0,0
adidas Dame 9,adidas Dame 9,2024-10-31,Louis Olinde,24,5,7,1,1,0
adidas Dame 9,adidas Dame 9,2024-10-31,Elias Rapieque,16,4,2,1,1,0
adidas Dame 9,adidas Dame 9,2024-10-30,Donatas Motiejunas,15,5,2,1,0,0
adidas Dame 9,adidas Dame 9,2024-10-30,Melvin Ajinca,20,6,5,1,1,0
adidas Dame 9,adidas Dame 9,2024-10-30,Kostas Sloukas,12,9,1,3,0,0
adidas Dame 9,adidas Dame 9,2024-10-30,Rayan Rupert,7,7,1,0,0,0
adidas Dame 9,adidas Dame 9,2024-10-30,Ziaire Williams,24,17,1,3,4,1
adidas Dame 9,adidas Dame 9,2024-10-30,Nikola Jovic,27,10,6,1,0,0
adidas Dame 9,adidas Dame 9,2024-10-30,Ousmane Dieng,18,5,5,3,2,0
adidas Dame 9,adidas Dame 9,2024-10-29,Shabazz Napier,32,16,5,7,1,0
adidas Dame 9,adidas Dame 9,2024-10-29,Collin Malcolm,18,3,3,2,1,0
adidas Dame 9,adidas Dame 9,2024-10-29,Matteo Spagnolo,14,4,1,2,0,0
adidas Dame 9,adidas Dame 9,2024-10-29,Martin Hermannsson,27,11,4,6,0,0
adidas Dame 9,adidas Dame 9,2024-10-29,Louis Olinde,21,15,2,1,0,0
adidas Dame 9,adidas Dame 9,2024-10-29,Elias Rapieque,6,0,0,0,0,0
adidas Dame 9,adidas Dame 9,2024-10-29,Ziaire Williams,22,18,3,4,0,1
adidas Dame 9,adidas Dame 9,2024-10-28,Rayan Rupert,11,4,1,1,1,0
adidas Dame 9,adidas Dame 9,2024-10-28,Gary Trent Jr.,37,10,3,1,2,0
adidas Dame 9,adidas Dame 9,2024-10-28,Damian Lillard,35,33,7,7,2,1
adidas Dame 9,adidas Dame 9,2024-10-28,Nikola Jovic,13,6,4,1,0,0
adidas Dame 9,adidas Dame 9,2024-10-27,Ousmane Dieng,8,5,1,0,0,0
adidas Dame 9,adidas Dame 9,2024-10-27,Gary Trent Jr.,27,9,0,2,0,0
adidas Dame 9,adidas Dame 9,2024-10-27,Damian Lillard,32,21,4,4,0,0
adidas Dame 9,adidas Dame 9,2024-10-27,Ziaire Williams,18,7,4,0,1,1
adidas Dame 9,adidas Dame 9,2024-10-27,Rayan Rupert,3,0,2,1,2,0
adidas Dame 9,adidas Dame 9,2024-10-26,Ousmane Dieng,20,6,6,1,0,1
adidas Dame 9,adidas Dame 9,2024-10-26,Nikola Jovic,29,10,4,6,2,0
adidas Dame 9,adidas Dame 9,2024-10-25,Gary Trent Jr.,34,10,1,2,2,0
adidas Dame 9,adidas Dame 9,2024-10-25,Damian Lillard,35,28,4,8,0,0
adidas Dame 9,adidas Dame 9,2024-10-25,AJ Johnson,1,0,1,0,0,0
adidas Dame 9,adidas Dame 9,2024-10-25,Shabazz Napier,25,10,2,2,1,0
adidas Dame 9,adidas Dame 9,2024-10-25,Melvin Ajinca,13,3,2,0,0,0
adidas Dame 9,adidas Dame 9,2024-10-25,Kostas Sloukas,19,13,3,3,1,0
adidas Dame 9,adidas Dame 9,2024-10-25,Ziaire Williams,18,7,7,1,1,0
adidas Dame 9,adidas Dame 9,2024-10-24,Khalifa Koumadje,18,2,9,0,1,3
adidas Dame 9,adidas Dame 9,2024-10-24,Ousmane Dieng,13,6,3,0,0,1
adidas Dame 9,adidas Dame 9,2024-10-24,Martin Hermannsson,23,16,2,3,0,0
adidas Dame 9,adidas Dame 9,2024-10-24,Matteo Spagnolo,23,6,2,6,0,0
adidas Dame 9,adidas Dame 9,2024-10-24,Collin Malcolm,19,13,3,2,1,1
adidas Dame 9,adidas Dame 9,2024-10-24,Donatas Motiejunas,14,9,3,1,0,0
adidas Dame 9,adidas Dame 9,2024-10-23,Rayan Rupert,16,6,3,0,1,0
adidas Dame 9,adidas Dame 9,2024-10-23,Damian Lillard,38,30,9,6,0,0
adidas Dame 9,adidas Dame 9,2024-10-23,Gary Trent Jr.,34,11,2,0,0,0
adidas Dame 9,adidas Dame 9,2024-10-23,Nikola Jovic,24,15,5,1,1,1
adidas Dame 9,adidas Dame 9,2024-10-23,Ziaire Williams,15,9,3,1,0,0
adidas Dame 9,adidas Dame 9,2024-10-18,Donatas Motiejunas,23,3,4,1,0,0
adidas Dame 9,adidas Dame 9,2024-10-18,Mike James,26,19,3,5,2,0
adidas Dame 9,adidas Dame 9,2024-10-17,Kostas Sloukas,24,3,2,5,1,0
adidas Dame 9,adidas Dame 9,2024-10-17,Collin Malcolm,22,15,1,2,0,0
adidas Dame 9,adidas Dame 9,2024-10-17,Shabazz Napier,25,27,0,5,1,0
adidas Dame 9,adidas Dame 9,2024-10-17,Matteo Spagnolo,24,13,6,2,1,0
adidas Dame 9,adidas Dame 9,2024-10-17,Martin Hermannsson,25,13,2,5,1,0
adidas Dame 9,adidas Dame 9,2024-10-17,Khalifa Koumadje,16,4,5,2,0,2
adidas Dame 9,adidas Dame 9,2024-10-15,Kostas Sloukas,14,2,3,5,0,0
adidas Dame 9,adidas Dame 9,2024-10-15,Matteo Spagnolo,23,16,1,4,1,0
adidas Dame 9,adidas Dame 9,2024-10-15,Martin Hermannsson,25,21,2,2,0,0
adidas Dame 9,adidas Dame 9,2024-10-15,Gabriele Procida,14,2,4,1,0,0
adidas Dame 9,adidas Dame 9,2024-10-15,Shabazz Napier,24,10,2,3,2,0
adidas Dame 9,adidas Dame 9,2024-10-15,Collin Malcolm,23,14,2,0,1,1
adidas Dame 9,adidas Dame 9,2024-10-11,Collin Malcolm,21,12,1,1,0,0
adidas Dame 9,adidas Dame 9,2024-10-11,Gabriele Procida,10,2,1,0,0,0
adidas Dame 9,adidas Dame 9,2024-10-11,Martin Hermannsson,27,13,2,5,0,0
adidas Dame 9,adidas Dame 9,2024-10-11,Matteo Spagnolo,25,7,4,1,0,0
adidas Dame 9,adidas Dame 9,2024-10-11,Trevion Williams,19,8,3,0,0,0
adidas Dame 9,adidas Dame 9,2024-10-10,Kostas Sloukas,13,0,1,2,0,0
adidas Dame 9,adidas Dame 9,2024-10-10,Shabazz Napier,18,8,2,1,2,0
adidas Dame 9,adidas Dame 9,2024-10-04,Collin Malcolm,11,6,0,1,0,0
adidas Dame 9,adidas Dame 9,2024-10-03,Shabazz Napier,23,25,2,2,1,0
adidas Dame 9,adidas Dame 9,2024-10-03,Matteo Spagnolo,16,8,1,2,0,0
adidas Dame 9,adidas Dame 9,2024-10-03,Martin Hermannsson,27,12,2,9,0,0
adidas Dame 9,adidas Dame 9,2024-10-03,Kostas Sloukas,16,10,0,5,0,0
adidas Dame 9,adidas Dame 9,2024-05-02,Damian Lillard,34,28,2,4,0,0
adidas Dame 9,adidas Dame 9,2024-04-26,Damian Lillard,44,28,1,8,3,0
adidas Dame 9,adidas Dame 9,2024-04-23,Damian Lillard,39,34,4,5,1,0
adidas Dame 9,adidas Dame 9,2024-04-21,Damian Lillard,37,35,6,3,0,0
adidas Harden Vol. 4,adidas Harden Vol. 4 GCA Barbershop,2025-04-27,Gary Trent Jr.,32,6,0,1,2,0
adidas Harden Vol. 4,adidas Harden Vol. 4 GCA Barbershop,2025-04-25,Gary Trent Jr.,34,37,3,0,4,0
adidas Harden Vol. 4,adidas Harden Vol. 4 GCA Barbershop,2025-04-22,Gary Trent Jr.,29,4,1,1,1,0
adidas Harden Vol. 4,adidas Harden Vol. 4,2024-12-17,Gary Trent Jr.,20,13,3,1,1,0
adidas Harden Vol. 4,adidas Harden Vol. 4,2024-12-14,Gary Trent Jr.,21,1,1,0,0,0
adidas Harden Vol. 4,adidas Harden Vol. 4,2024-12-10,Gary Trent Jr.,24,6,0,2,1,0
adidas Harden Vol. 4,adidas Harden Vol. 4,2024-12-08,Gary Trent Jr.,24,20,0,0,1,0
adidas Harden Vol. 4,adidas Harden Vol. 4,2024-12-06,Gary Trent Jr.,36,11,4,1,0,0
adidas Harden Vol. 4,adidas Harden Vol. 4,2024-12-04,Gary Trent Jr.,31,11,3,1,0,1
adidas Harden Vol. 4,adidas Harden Vol. 4,2024-12-03,Gary Trent Jr.,26,16,3,2,2,0
adidas Harden Vol. 4,adidas Harden Vol. 4,2024-11-30,Gary Trent Jr.,19,2,4,2,0,0
adidas Harden Vol. 4,adidas Harden Vol. 4,2024-11-27,Steven Adams,7,2,4,0,0,1
adidas Harden Vol. 4,adidas Harden Vol. 4,2024-11-26,Gary Trent Jr.,23,2,2,0,3,0
adidas Harden Vol. 4,adidas Harden Vol. 4,2024-11-23,Gary Trent Jr.,29,16,3,2,0,0
adidas Harden Vol. 4,adidas Harden Vol. 4,2024-11-22,Gary Trent Jr.,29,18,2,1,1,0
adidas Harden Vol. 4,adidas Harden Vol. 4,2024-11-20,Gary Trent Jr.,28,11,6,0,0,0
adidas Harden Vol. 4,adidas Harden Vol. 4,2024-11-18,Gary Trent Jr.,24,12,1,0,1,0
adidas Harden Vol. 4,adidas Harden Vol. 4,2024-11-18,Steven Adams,5,2,2,0,0,0
adidas Harden Vol. 4,adidas Harden Vol. 4,2024-11-16,Gary Trent Jr.,17,10,0,1,3,0
adidas Harden Vol. 4,adidas Harden Vol. 4,2024-11-13,Gary Trent Jr.,34,11,4,3,2,0
adidas Harden Vol. 4,adidas Harden Vol. 4,2024-11-12,Gary Trent Jr.,5,0,1,0,0,0
adidas Harden Vol. 4,adidas Harden Vol. 4,2024-11-07,Gary Trent Jr.,7,2,0,0,0,0
adidas Harden Vol. 4,adidas Harden Vol. 4,2024-11-04,Gary Trent Jr.,20,4,2,1,0,0
adidas Harden Vol. 4,adidas Harden Vol. 4,2024-04-09,Gary Trent Jr.,34,16,3,4,4,0
adidas Harden Vol. 4,adidas Harden Vol. 4,2024-04-07,Gary Trent Jr.,35,20,7,5,3,0
adidas Harden Vol. 4,adidas Harden Vol. 4,2024-04-05,Gary Trent Jr.,37,31,5,3,2,0
adidas Harden Vol. 4,adidas Harden Vol. 4,2024-03-31,Gary Trent Jr.,31,23,2,2,2,0
adidas Harden Vol. 4,adidas Harden Vol. 4,2024-03-27,Gary Trent Jr.,30,18,2,6,0,0
adidas Harden Vol. 4,adidas Harden Vol. 4,2024-02-26,Gary Trent Jr.,30,11,5,2,0,0
adidas Harden Vol. 4,adidas Harden Vol. 4,2024-02-23,Gary Trent Jr.,34,13,4,4,0,1
adidas Harden Vol. 4,adidas Harden Vol. 4,2024-02-22,Gary Trent Jr.,31,25,1,2,1,0
adidas Harden Vol. 4,adidas Harden Vol. 4,2024-02-09,Gary Trent Jr.,33,8,1,3,4,0
adidas Harden Vol. 4,adidas Harden Vol. 4,2023-12-11,Gary Trent Jr.,19,4,1,2,0,0
adidas Harden Vol. 4,adidas Harden Vol. 4,2023-11-08,Gary Trent Jr.,26,16,2,1,1,0
adidas Harden Vol. 4,adidas Harden Vol. 4,2023-11-05,Gary Trent Jr.,29,10,0,0,1,0
adidas Harden Vol. 4,adidas Harden Vol. 4,2023-11-02,Gary Trent Jr.,23,8,5,0,1,0
adidas Harden Vol. 4,adidas Harden Vol. 4,2023-11-01,Gary Trent Jr.,23,8,3,1,0,0
adidas Harden Vol. 4,adidas Harden Vol. 4,2023-10-30,Gary Trent Jr.,18,3,1,2,1,0
adidas Harden Vol. 4,adidas Harden Vol. 4,2023-10-28,Gary Trent Jr.,33,17,2,0,1,0
adidas adizero Select,adidas adizero Select,2024-08-10,Nando de Colo,18,12,2,3,2,0
adidas adizero Select,adidas adizero Select,2024-08-08,Nando de Colo,3,0,0,1,1,0
adidas adizero Select,adidas adizero Select,2024-08-02,Nando de Colo,3,0,0,1,0,0
adidas adizero Select,adidas adizero Select,2024-07-30,Nando de Colo,14,4,3,2,1,0
adidas adizero Select,adidas adizero Select,2024-07-27,Nando de Colo,6,2,1,2,0,0
adidas adizero Select,adidas adizero Select,2024-05-15,Evan Mobley,43,33,7,4,1,2
adidas adizero Select,adidas adizero Select,2024-05-13,Evan Mobley,39,19,9,3,1,0
adidas adizero Select,adidas adizero Select,2024-05-11,Evan Mobley,37,17,8,1,1,0
adidas adizero Select,adidas adizero Select,2024-05-09,Evan Mobley,33,21,10,5,1,2
adidas adizero Select,adidas adizero Select,2024-05-07,Evan Mobley,31,17,13,3,0,1
adidas adizero Select,adidas adizero Select,2024-05-05,Evan Mobley,41,11,16,1,0,5
adidas adizero Select,adidas adizero Select,2024-05-03,Evan Mobley,34,3,6,0,1,5
adidas adizero Select,adidas adizero Select,2024-04-30,Evan Mobley,39,14,13,4,2,2
adidas adizero Select,adidas adizero Select,2024-04-27,Evan Mobley,31,14,9,3,2,2
adidas adizero Select,adidas adizero Select,2024-04-25,Evan Mobley,22,10,2,1,0,3
adidas adizero Select,adidas adizero Select,2024-04-22,Evan Mobley,32,17,7,1,1,1
adidas adizero Select,adidas adizero Select,2024-04-20,Evan Mobley,36,16,11,2,0,3
adidas adizero Select,adidas adizero Select,2024-04-14,Evan Mobley,25,14,6,5,0,0
adidas adizero Select,adidas adizero Select,2024-04-12,Nando de Colo,23,9,0,4,1,0
adidas adizero Select,adidas adizero Select,2024-04-12,Evan Mobley,29,12,5,2,0,1
adidas adizero Select,adidas adizero Select,2024-04-10,Jay Huff,0,0,0,0,0,0
adidas adizero Select,adidas adizero Select,2024-04-10,Evan Mobley,31,12,12,1,3,4
adidas adizero Select,adidas adizero Select,2024-04-09,Jay Huff,1,0,1,0,1,1
adidas adizero Select,adidas adizero Select,2024-04-07,Evan Mobley,31,20,6,4,0,0
adidas adizero Select,adidas adizero Select,2024-04-06,Evan Mobley,28,8,3,3,2,1
adidas adizero Select,adidas adizero Select,2024-04-04,Nando de Colo,19,19,3,5,2,0
adidas adizero Select,adidas adizero Select,2024-04-03,Evan Mobley,36,20,9,5,1,1
adidas adizero Select,adidas adizero Select,2024-04-02,Evan Mobley,31,21,7,5,2,2
adidas adizero Select,adidas adizero Select,2024-04-02,Walker Kessler,9,6,0,1,0,1
adidas adizero Select,adidas adizero Select,2024-03-31,Walker Kessler,32,6,8,3,1,3
adidas adizero Select,adidas adizero Select,2024-03-31,Evan Mobley,28,23,4,1,0,2
adidas adizero Select,adidas adizero Select,2024-03-29,Walker Kessler,17,4,6,1,1,0
adidas adizero Select,adidas adizero Select,2024-03-29,Evan Mobley,30,20,11,3,1,2
adidas adizero Select,adidas adizero Select,2024-03-28,Nando de Colo,21,9,0,9,1,0
adidas adizero Select,adidas adizero Select,2024-03-27,Evan Mobley,30,10,6,6,1,0
adidas adizero Select,adidas adizero Select,2024-03-27,Walker Kessler,21,4,6,1,0,2
adidas adizero Select,adidas adizero Select,2024-03-25,Walker Kessler,16,9,4,0,1,0
adidas adizero Select,adidas adizero Select,2024-03-25,Evan Mobley,24,17,7,8,1,0
adidas adizero Select,adidas adizero Select,2024-03-24,Evan Mobley,21,15,4,1,0,0
adidas adizero Select,adidas adizero Select,2024-03-23,Walker Kessler,28,12,9,1,0,3
adidas adizero Select,adidas adizero Select,2024-03-21,Walker Kessler,27,14,9,2,0,0
adidas adizero Select,adidas adizero Select,2024-03-21,Nando de Colo,23,10,1,2,1,1
adidas adizero Select,adidas adizero Select,2024-03-21,Guerschon Yabusele,26,10,7,3,0,0
adidas adizero Select,adidas adizero Select,2024-03-20,Walker Kessler,23,4,8,1,0,1
adidas adizero Select,adidas adizero Select,2024-03-19,Nando de Colo,24,18,1,5,0,0
adidas adizero Select,adidas adizero Select,2024-03-19,Guerschon Yabusele,28,17,4,0,1,1
adidas adizero Select,adidas adizero Select,2024-03-18,Walker Kessler,28,6,14,2,0,1
adidas adizero Select,adidas adizero Select,2024-03-16,Walker Kessler,30,7,10,0,0,1
adidas adizero Select,adidas adizero Select,2024-03-15,Nando de Colo,24,5,4,9,0,0
adidas adizero Select,adidas adizero Select,2024-03-15,Guerschon Yabusele,23,15,7,1,2,0
adidas adizero Select,adidas adizero Select,2024-03-15,Walker Kessler,26,6,9,1,1,2
adidas adizero Select,adidas adizero Select,2024-03-12,Walker Kessler,18,2,8,1,0,1
adidas adizero Select,adidas adizero Select,2024-03-09,Walker Kessler,24,6,11,2,0,1
adidas adizero Select,adidas adizero Select,2024-03-08,Nando de Colo,23,15,3,5,4,0
adidas adizero Select,adidas adizero Select,2024-03-05,Evan Mobley,22,4,6,4,2,0
adidas adizero Select,adidas adizero Select,2024-03-03,Evan Mobley,27,13,13,6,0,1
adidas adizero Select,adidas adizero Select,2024-03-01,Evan Mobley,34,22,17,7,2,2
adidas adizero Select,adidas adizero Select,2024-03-01,Nando de Colo,27,13,2,4,4,0
adidas adizero Select,adidas adizero Select,2024-02-28,Evan Mobley,42,25,13,1,1,4
adidas adizero Select,adidas adizero Select,2024-02-27,Walker Kessler,25,10,7,0,1,1
adidas adizero Select,adidas adizero Select,2024-02-27,Evan Mobley,28,12,9,7,1,0
adidas adizero Select,adidas adizero Select,2024-02-25,Walker Kessler,18,10,6,2,0,3
adidas adizero Select,adidas adizero Select,2024-02-25,Evan Mobley,28,21,6,1,1,5
adidas adizero Select,adidas adizero Select,2024-02-23,Evan Mobley,26,8,10,0,0,1
adidas adizero Select,adidas adizero Select,2024-02-22,Evan Mobley,34,14,8,6,2,2
adidas adizero Select,adidas adizero Select,2024-02-22,Walker Kessler,17,2,2,0,1,1
adidas adizero Select,adidas adizero Select,2024-02-15,Walker Kessler,25,4,6,2,1,1
adidas adizero Select,adidas adizero Select,2024-02-14,Walker Kessler,27,12,7,1,0,3
adidas adizero Select,adidas adizero Select,2024-02-12,Evan Mobley,27,14,10,3,2,4
adidas adizero Select,adidas adizero Select,2024-02-12,Walker Kessler,25,11,9,1,2,4
adidas adizero Select,adidas adizero Select,2024-02-10,Evan Mobley,27,17,11,3,0,0
adidas adizero Select,adidas adizero Select,2024-02-08,Evan Mobley,25,14,12,2,0,2
adidas adizero Select,adidas adizero Select,2024-02-08,Walker Kessler,27,10,9,2,2,4
adidas adizero Select,adidas adizero Select,2024-02-07,Evan Mobley,25,22,8,1,1,1
adidas adizero Select,adidas adizero Select,2024-02-06,Walker Kessler,20,4,9,1,0,3
adidas adizero Select,adidas adizero Select,2024-02-05,Evan Mobley,27,11,14,7,2,1
adidas adizero Select,adidas adizero Select,2024-02-04,Walker Kessler,26,13,8,3,0,3
adidas adizero Select,adidas adizero Select,2024-02-03,Evan Mobley,23,28,10,3,0,0
adidas adizero Select,adidas adizero Select,2024-02-01,Walker Kessler,14,8,7,2,0,4
adidas adizero Select,adidas adizero Select,2024-01-31,Evan Mobley,22,8,3,4,1,0
adidas adizero Select,adidas adizero Select,2024-01-30,Walker Kessler,16,6,7,0,0,4
adidas adizero Select,adidas adizero Select,2024-01-29,Walker Kessler,18,11,7,0,0,1
adidas adizero Select,adidas adizero Select,2024-01-29,Evan Mobley,20,10,9,0,1,0
adidas adizero Select,adidas adizero Select,2024-01-28,Cole Anthony,10,5,1,1,2,0
adidas adizero Select,adidas adizero Select,2024-01-27,Walker Kessler,16,10,4,0,0,3
adidas adizero Select,adidas adizero Select,2024-01-26,Cole Anthony,23,5,7,4,2,0
adidas adizero Select,adidas adizero Select,2024-01-25,Walker Kessler,15,4,3,0,0,1
adidas adizero Select,adidas adizero Select,2024-01-23,Walker Kessler,25,6,5,1,0,4
adidas adizero Select,adidas adizero Select,2024-01-20,Walker Kessler,32,7,10,3,0,5
adidas adizero Select,adidas adizero Select,2024-01-18,Walker Kessler,24,7,11,1,1,3
adidas adizero Select,adidas adizero Select,2024-01-15,Walker Kessler,24,4,5,1,0,5
adidas adizero Select,adidas adizero Select,2024-01-13,Walker Kessler,13,4,6,0,0,1
adidas adizero Select,adidas adizero Select,2024-01-12,Walker Kessler,20,12,6,1,1,3
adidas adizero Select,adidas adizero Select,2024-01-10,Walker Kessler,14,8,4,1,2,1
adidas adizero Select,adidas adizero Select,2024-01-08,Walker Kessler,21,8,6,0,1,2
adidas adizero Select,adidas adizero Select,2024-01-06,Walker Kessler,19,10,4,0,1,0
adidas adizero Select,adidas adizero Select,2024-01-05,Walker Kessler,14,4,7,0,0,0
adidas adizero Select,adidas adizero Select,2024-01-03,Walker Kessler,29,8,8,1,0,6
adidas adizero Select,adidas adizero Select,2024-01-01,Walker Kessler,26,11,10,0,1,4
adidas adizero Select,adidas adizero Select,2023-12-30,Walker Kessler,23,10,8,0,0,2
adidas adizero Select,adidas adizero Select,2023-12-28,Walker Kessler,29,11,4,0,2,1
adidas adizero Select,adidas adizero Select,2023-12-26,Walker Kessler,17,11,7,1,1,4
adidas adizero Select,adidas adizero Select,2023-12-23,Walker Kessler,25,10,8,1,0,2
adidas adizero Select,adidas adizero Select,2023-12-21,Walker Kessler,20,4,10,1,0,4
adidas adizero Select,adidas adizero Select,2023-12-20,Walker Kessler,30,10,5,0,2,1
adidas adizero Select,adidas adizero Select,2023-12-20,Nando de Colo,3,5,2,0,0,0
adidas adizero Select,adidas adizero Select,2023-12-18,Walker Kessler,32,14,14,0,0,5
adidas adizero Select,adidas adizero Select,2023-12-16,Walker Kessler,18,2,3,1,0,1
adidas adizero Select,adidas adizero Select,2023-12-14,Nando de Colo,22,6,4,8,0,0
adidas adizero Select,adidas adizero Select,2023-12-14,Walker Kessler,26,10,10,4,1,7
adidas adizero Select,adidas adizero Select,2023-12-13,Walker Kessler,22,9,8,1,0,3
adidas adizero Select,adidas adizero Select,2023-12-08,Nando de Colo,24,9,2,5,1,0
adidas adizero Select,adidas adizero Select,2023-12-08,Walker Kessler,31,8,12,3,2,5
adidas adizero Select,adidas adizero Select,2023-12-06,Nando de Colo,22,22,1,4,0,0
adidas adizero Select,adidas adizero Select,2023-12-06,Evan Mobley,36,16,5,2,1,1
adidas adizero Select,adidas adizero Select,2023-12-06,Walker Kessler,27,6,8,0,1,0
adidas adizero Select,adidas adizero Select,2023-12-02,Evan Mobley,36,6,11,1,0,0
adidas adizero Select,adidas adizero Select,2023-12-02,Walker Kessler,25,12,8,0,0,2
adidas adizero Select,adidas adizero Select,2023-12-01,Nando de Colo,20,16,0,3,2,0
adidas adizero Select,adidas adizero Select,2023-11-30,Walker Kessler,26,7,5,2,1,3
adidas adizero Select,adidas adizero Select,2023-11-30,Evan Mobley,33,20,8,3,2,0
adidas adizero Select,adidas adizero Select,2023-11-29,Walker Kessler,27,9,8,2,1,6
adidas adizero Select,adidas adizero Select,2023-11-28,Evan Mobley,34,17,19,1,0,7
adidas adizero Select,adidas adizero Select,2023-11-27,Walker Kessler,25,14,8,3,0,2
adidas adizero Select,adidas adizero Select,2023-11-26,Evan Mobley,38,12,14,1,0,2
adidas adizero Select,adidas adizero Select,2023-11-25,Evan Mobley,36,18,6,6,4,1
adidas adizero Select,adidas adizero Select,2023-11-25,Walker Kessler,21,11,11,0,1,2
adidas adizero Select,adidas adizero Select,2023-11-22,Evan Mobley,25,13,10,2,0,0
adidas adizero Select,adidas adizero Select,2023-11-21,Evan Mobley,38,18,12,3,0,1
adidas adizero Select,adidas adizero Select,2023-11-19,Evan Mobley,31,16,10,5,0,2
adidas adizero Select,adidas adizero Select,2023-11-17,Evan Mobley,35,18,10,5,1,0
adidas adizero Select,adidas adizero Select,2023-11-15,Nando de Colo,17,16,3,0,1,0
adidas adizero Select,adidas adizero Select,2023-11-15,Johnny Davis,6,4,1,1,1,0
adidas adizero Select,adidas adizero Select,2023-11-15,Evan Mobley,35,21,12,3,1,3
adidas adizero Select,adidas adizero Select,2023-11-13,Evan Mobley,30,16,12,2,1,0
adidas adizero Select,adidas adizero Select,2023-11-13,Keegan Murray,37,25,8,1,1,0
adidas adizero Select,adidas adizero Select,2023-11-11,Evan Mobley,31,19,5,2,1,1
adidas adizero Select,adidas adizero Select,2023-11-10,Nando de Colo,24,6,1,2,2,0
adidas adizero Select,adidas adizero Select,2023-11-08,Evan Mobley,33,22,5,1,1,1
adidas adizero Select,adidas adizero Select,2023-11-06,Walker Kessler,30,15,15,0,0,4
adidas adizero Select,adidas adizero Select,2023-11-05,Evan Mobley,29,13,16,2,0,1
adidas adizero Select,adidas adizero Select,2023-11-04,Walker Kessler,21,4,4,0,0,3
adidas adizero Select,adidas adizero Select,2023-11-03,Evan Mobley,35,14,10,5,3,4
adidas adizero Select,adidas adizero Select,2023-11-02,Nando de Colo,22,13,0,6,2,0
adidas adizero Select,adidas adizero Select,2023-11-02,Walker Kessler,25,4,10,1,0,5
adidas adizero Select,adidas adizero Select,2023-11-01,Walker Kessler,17,4,4,0,0,2
adidas adizero Select,adidas adizero Select,2023-11-01,Evan Mobley,35,14,8,5,2,2
adidas adizero Select,adidas adizero Select,2023-10-31,Evan Mobley,29,6,12,5,0,2
adidas adizero Select,adidas adizero Select,2023-10-30,Walker Kessler,29,22,13,0,0,1
adidas adizero Select,adidas adizero Select,2023-10-28,Evan Mobley,33,33,14,3,0,3
adidas adizero Select,adidas adizero Select,2023-10-28,Walker Kessler,23,2,5,1,0,1
adidas adizero Select,adidas adizero Select,2023-10-27,Evan Mobley,33,14,15,3,0,2
adidas adizero Select,adidas adizero Select,2023-10-27,Nando de Colo,17,12,1,2,0,0
adidas adizero Select,adidas adizero Select,2023-10-27,Walker Kessler,21,7,4,0,0,0
adidas adizero Select,adidas adizero Select,2023-10-25,Evan Mobley,33,10,6,1,0,2
adidas adizero Select,adidas adizero Select,2023-10-25,Walker Kessler,22,8,8,0,0,1
Air Jordan 38 Low,Air Jordan 38 Low,2025-04-11,Bradley Beal,28,21,4,6,0,0
Air Jordan 38 Low,Air Jordan 38 Low,2025-04-09,Bradley Beal,38,25,1,4,1,0
Air Jordan 38 Low,Air Jordan 38 Low,2025-03-14,Jett Howard,4,2,1,0,0,0
Air Jordan 38 Low,Air Jordan 38 Low,2025-03-06,Jett Howard,9,4,0,0,2,0
Air Jordan 38 Low,Air Jordan 38 Low,2025-03-02,Obi Toppin,16,6,5,1,0,0
Air Jordan 38 Low,Air Jordan 38 Low,2025-01-15,Talen Horton-Tucker,3,0,0,0,0,0
Air Jordan 38 Low,Air Jordan 38 Low,2025-01-14,Talen Horton-Tucker,8,0,0,0,0,0
Air Jordan 38 Low,Air Jordan 38 Low,2025-01-12,Talen Horton-Tucker,17,10,2,0,0,0
Air Jordan 38 Low,Air Jordan 38 Low,2025-01-10,Patrick Williams,19,2,3,3,3,0
Air Jordan 38 Low,Air Jordan 38 Low,2025-01-10,Talen Horton-Tucker,14,12,3,3,0,0
Air Jordan 38 Low,Air Jordan 38 Low,2025-01-08,Talen Horton-Tucker,10,8,0,0,1,0
Air Jordan 38 Low,Air Jordan 38 Low,2025-01-03,Cam Whitmore,33,11,6,1,1,0
Air Jordan 38 Low,Air Jordan 38 Low,2025-01-01,Talen Horton-Tucker,15,7,3,0,0,1
Air Jordan 38 Low,Air Jordan 38 Low,2025-01-01,Cam Whitmore,24,18,3,1,1,0
Air Jordan 38 Low,Air Jordan 38 Low,2024-12-30,Talen Horton-Tucker,20,4,5,3,3,2
Air Jordan 38 Low,Air Jordan 38 Low,2024-12-26,Talen Horton-Tucker,22,0,0,6,0,0
Air Jordan 38 Low,Air Jordan 38 Low,2024-12-21,Talen Horton-Tucker,14,3,3,1,1,0
Air Jordan 38 Low,Air Jordan 38 Low,2024-12-19,Talen Horton-Tucker,18,9,3,1,0,0
Air Jordan 38 Low,Air Jordan 38 Low,2024-12-19,Cam Whitmore,3,4,1,0,0,0
Air Jordan 38 Low,Air Jordan 38 Low,2024-12-16,Talen Horton-Tucker,24,15,3,2,2,0
Air Jordan 38 Low,Air Jordan 38 Low,2024-12-13,Talen Horton-Tucker,12,2,4,1,0,1
Air Jordan 38 Low,Air Jordan 38 Low,2024-12-10,Jett Howard,12,10,0,1,0,0
Air Jordan 38 Low,Air Jordan 38 Low,2024-12-08,Jett Howard,14,6,1,2,2,0
Air Jordan 38 Low,Air Jordan 38 Low,2024-12-08,Talen Horton-Tucker,5,3,0,0,0,0
Air Jordan 38 Low,Air Jordan 38 Low,2024-12-06,Jett Howard,16,5,1,0,0,0
Air Jordan 38 Low,Air Jordan 38 Low,2024-12-03,Jett Howard,11,0,3,1,1,0
Air Jordan 38 Low,Air Jordan 38 Low,2024-12-02,Talen Horton-Tucker,17,11,4,2,1,0
Air Jordan 38 Low,Air Jordan 38 Low,2024-12-01,Jett Howard,9,0,0,0,0,0
Air Jordan 38 Low,Air Jordan 38 Low,2024-11-29,Ousmane Diop,9,2,1,0,0,0
Air Jordan 38 Low,Air Jordan 38 Low,2024-11-29,Talen Horton-Tucker,13,16,0,0,0,0
Air Jordan 38 Low,Air Jordan 38 Low,2024-11-29,Jett Howard,16,8,2,0,1,0
Air Jordan 38 Low,Air Jordan 38 Low,2024-11-27,Jett Howard,4,0,0,0,0,0
Air Jordan 38 Low,Air Jordan 38 Low,2024-11-26,Talen Horton-Tucker,15,13,1,2,1,1
Air Jordan 38 Low,Air Jordan 38 Low,2024-11-23,Talen Horton-Tucker,17,10,2,5,0,2
Air Jordan 38 Low,Air Jordan 38 Low,2024-11-21,Ousmane Diop,8,2,1,1,0,0
Air Jordan 38 Low,Air Jordan 38 Low,2024-11-20,Talen Horton-Tucker,1,0,1,0,0,0
Air Jordan 38 Low,Air Jordan 38 Low,2024-11-17,Talen Horton-Tucker,9,12,4,2,0,0
Air Jordan 38 Low,Air Jordan 38 Low,2024-11-15,Talen Horton-Tucker,0,0,0,0,0,0
Air Jordan 38 Low,Air Jordan 38 Low,2024-11-08,Brandon Ingram,26,11,5,5,0,0
Air Jordan 38 Low,Air Jordan 38 Low,2024-11-07,Talen Horton-Tucker,18,13,5,2,0,0
Air Jordan 38 Low,Air Jordan 38 Low,2024-11-07,Brice Sensabaugh,3,6,1,0,0,0
Air Jordan 38 Low,Air Jordan 38 Low,2024-11-06,Brandon Ingram,38,20,5,5,1,1
Air Jordan 38 Low,Air Jordan 38 Low,2024-11-06,Jett Howard,3,0,0,0,0,0
Air Jordan 38 Low,Air Jordan 38 Low,2024-11-06,Talen Horton-Tucker,16,8,2,4,0,1
Air Jordan 38 Low,Air Jordan 38 Low,2024-11-04,Brandon Ingram,33,27,5,7,1,0
Air Jordan 38 Low,Air Jordan 38 Low,2024-11-04,Jett Howard,11,0,0,0,0,1
Air Jordan 38 Low,Air Jordan 38 Low,2024-11-04,Brice Sensabaugh,10,2,1,0,0,0
Air Jordan 38 Low,Air Jordan 38 Low,2024-11-04,Talen Horton-Tucker,28,10,6,4,0,0
Air Jordan 38 Low,Air Jordan 38 Low,2024-11-03,Brandon Ingram,29,32,7,2,1,1
Air Jordan 38 Low,Air Jordan 38 Low,2024-11-03,Jett Howard,22,12,1,0,1,0
Air Jordan 38 Low,Air Jordan 38 Low,2024-11-02,Brice Sensabaugh,16,10,0,1,1,0
Air Jordan 38 Low,Air Jordan 38 Low,2024-11-01,Talen Horton-Tucker,7,3,0,1,0,0
Air Jordan 38 Low,Air Jordan 38 Low,2024-11-01,Brandon Ingram,35,26,6,7,1,2
Air Jordan 38 Low,Air Jordan 38 Low,2024-10-31,Brice Sensabaugh,14,5,3,1,0,0
Air Jordan 38 Low,Air Jordan 38 Low,2024-10-30,Brandon Ingram,32,14,5,6,0,0
Air Jordan 38 Low,Air Jordan 38 Low,2024-10-29,Brandon Ingram,31,30,4,2,0,0
Air Jordan 38 Low,Air Jordan 38 Low,2024-10-28,Jett Howard,8,0,2,1,0,0
Air Jordan 38 Low,Air Jordan 38 Low,2024-10-28,Cam Whitmore,12,4,1,0,0,0
Air Jordan 38 Low,Air Jordan 38 Low,2024-10-28,Bradley Beal,35,15,3,4,2,1
Air Jordan 38 Low,Air Jordan 38 Low,2024-10-27,Brandon Ingram,31,14,8,6,0,0
Air Jordan 38 Low,Air Jordan 38 Low,2024-10-26,Jett Howard,11,11,2,0,0,0
Air Jordan 38 Low,Air Jordan 38 Low,2024-10-25,Brandon Ingram,35,21,8,4,2,1
Air Jordan 38 Low,Air Jordan 38 Low,2024-10-23,Jett Howard,5,0,1,0,0,0
Air Jordan 38 Low,Air Jordan 38 Low,2024-10-23,Brandon Ingram,31,33,7,2,2,1
Air Jordan 38 Low,Air Jordan 38 Low,2024-10-23,Cam Whitmore,8,4,0,0,0,0
Air Jordan 38 Low,Air Jordan 38 Low,2024-10-17,Ousmane Diop,8,0,2,2,0,0
Air Jordan 38 Low,Air Jordan 38 Low,2024-10-15,Ousmane Diop,20,14,5,1,0,0
Air Jordan 38 Low,Air Jordan 38 Low,2024-10-11,Ousmane Diop,9,4,6,0,1,0
Air Jordan 38 Low,Air Jordan 38 Low,2024-09-19,Satou Sabally,31,25,7,7,1,1
Air Jordan 38 Low,Air Jordan 38 Low,2024-09-15,Satou Sabally,37,27,9,6,1,1
Air Jordan 38 Low,Air Jordan 38 Low,2024-09-13,Satou Sabally,36,18,7,6,2,1
Air Jordan 38 Low,Air Jordan 38 Low,2024-09-12,Satou Sabally,17,4,3,1,0,0
Air Jordan 38 Low,Air Jordan 38 Low,2024-08-30,Satou Sabally,36,18,8,6,2,0
Air Jordan 38 Low,Air Jordan 38 Low,2024-08-27,Satou Sabally,38,28,7,5,2,0
Air Jordan 38 Low,Air Jordan 38 Low,2024-08-21,Rhyne Howard,34,19,2,3,1,0
Air Jordan 38 Low,Air Jordan 38 Low,2024-08-18,Dana Evans,11,2,0,1,0,0
Air Jordan 38 Low,Air Jordan 38 Low,2024-08-15,Dana Evans,23,14,1,1,0,0
Air Jordan 38 Low,Air Jordan 38 Low,2024-08-01,Nirra Fields,5,0,1,0,0,0
Air Jordan 38 Low,Air Jordan 38 Low,2024-07-29,Nirra Fields,5,2,1,0,0,0
Air Jordan 38 Low,Air Jordan 38 Low,2024-06-28,Dearica Hamby,31,29,7,3,1,0
Air Jordan 38 Low,Air Jordan 38 Low,2024-06-27,Dana Evans,5,0,0,0,0,0
Air Jordan 38 Low,Air Jordan 38 Low,2024-06-23,Crystal Dangerfield,13,9,3,0,1,0
Air Jordan 38 Low,Air Jordan 38 Low,2024-06-21,Crystal Dangerfield,11,0,2,1,0,0
Air Jordan 38 Low,Air Jordan 38 Low,2024-06-16,Crystal Dangerfield,4,0,0,0,0,0
Air Jordan 38 Low,Air Jordan 38 Low,2024-06-13,Crystal Dangerfield,8,3,0,2,0,0
Air Jordan 38 Low,Air Jordan 38 Low,2024-06-12,Dana Evans,23,5,1,5,1,0
Air Jordan 38 Low,Air Jordan 38 Low,2024-06-11,Crystal Dangerfield,22,4,3,2,1,0
Air Jordan 38 Low,Air Jordan 38 Low,2024-06-08,Crystal Dangerfield,23,0,1,3,0,0
Air Jordan 38 Low,Air Jordan 38 Low,2024-06-06,Dana Evans,13,0,1,4,0,1
Air Jordan 38 Low,Air Jordan 38 Low,2024-06-06,Crystal Dangerfield,12,0,0,2,0,0
Air Jordan 38 Low,Air Jordan 38 Low,2024-06-02,Crystal Dangerfield,17,2,1,3,0,0
Air Jordan 38 Low,Air Jordan 38 Low,2024-05-30,Mike Conley,20,7,4,2,2,0
Air Jordan 38 Low,Air Jordan 38 Low,2024-05-26,Dearica Hamby,38,19,13,4,0,0
Air Jordan 38 Low,Air Jordan 38 Low,2024-05-25,Obi Toppin,23,4,3,3,0,0
Air Jordan 38 Low,Air Jordan 38 Low,2024-05-23,Obi Toppin,21,11,3,0,0,1
Air Jordan 38 Low,Air Jordan 38 Low,2024-05-22,Mike Conley,30,6,3,3,2,0
Air Jordan 38 Low,Air Jordan 38 Low,2024-05-21,Obi Toppin,21,15,4,2,1,0
Air Jordan 38 Low,Air Jordan 38 Low,2024-05-19,Mike Conley,38,10,8,4,2,0
Air Jordan 38 Low,Air Jordan 38 Low,2024-05-19,Obi Toppin,15,3,3,4,0,1
Air Jordan 38 Low,Air Jordan 38 Low,2024-05-18,Crystal Dangerfield,19,10,1,4,0,1
Air Jordan 38 Low,Air Jordan 38 Low,2024-05-18,Dana Evans,30,12,1,6,1,1
Air Jordan 38 Low,Air Jordan 38 Low,2024-05-17,Obi Toppin,18,11,4,1,0,0
Air Jordan 38 Low,Air Jordan 38 Low,2024-05-16,Mike Conley,31,13,4,5,0,1
Air Jordan 38 Low,Air Jordan 38 Low,2024-05-15,Dana Evans,30,10,3,6,0,1
Air Jordan 38 Low,Air Jordan 38 Low,2024-05-15,Crystal Dangerfield,15,6,1,2,1,2
Air Jordan 38 Low,Air Jordan 38 Low,2024-05-14,Obi Toppin,20,7,5,2,0,0
Air Jordan 38 Low,Air Jordan 38 Low,2024-05-12,Obi Toppin,18,14,1,2,1,1
Air Jordan 38 Low,Air Jordan 38 Low,2024-05-12,Mike Conley,34,15,2,9,1,0
Air Jordan 38 Low,Air Jordan 38 Low,2024-05-10,Obi Toppin,19,2,1,3,1,0
Air Jordan 38 Low,Air Jordan 38 Low,2024-05-08,Obi Toppin,19,20,3,1,1,0
Air Jordan 38 Low,Air Jordan 38 Low,2024-05-06,Obi Toppin,19,12,6,3,0,1
Air Jordan 38 Low,Air Jordan 38 Low,2024-05-02,Obi Toppin,24,21,8,2,0,1
Air Jordan 38 Low,Air Jordan 38 Low,2024-05-01,Bam Adebayo,36,23,5,6,2,0
Air Jordan 38 Low,Air Jordan 38 Low,2024-04-30,Obi Toppin,22,12,6,4,0,0
Air Jordan 38 Low,Air Jordan 38 Low,2024-04-29,Brandon Ingram,38,8,4,6,2,2
Air Jordan 38 Low,Air Jordan 38 Low,2024-04-28,Obi Toppin,16,13,2,0,0,0
Air Jordan 38 Low,Air Jordan 38 Low,2024-04-28,Mike Conley,33,10,4,7,1,0
Air Jordan 38 Low,Air Jordan 38 Low,2024-04-27,Brandon Ingram,36,19,4,1,1,1
Air Jordan 38 Low,Air Jordan 38 Low,2024-04-27,Bam Adebayo,38,20,9,3,0,0
Air Jordan 38 Low,Air Jordan 38 Low,2024-04-26,Obi Toppin,17,15,6,0,0,0
Air Jordan 38 Low,Air Jordan 38 Low,2024-04-26,Mike Conley,34,15,4,7,1,0
Air Jordan 38 Low,Air Jordan 38 Low,2024-04-24,Brandon Ingram,32,18,4,3,1,1
Air Jordan 38 Low,Air Jordan 38 Low,2024-04-24,Bam Adebayo,39,21,10,2,0,0
Air Jordan 38 Low,Air Jordan 38 Low,2024-04-23,Mike Conley,31,18,4,4,2,0
Air Jordan 38 Low,Air Jordan 38 Low,2024-04-23,Bradley Beal,42,14,4,6,0,0
Air Jordan 38 Low,Air Jordan 38 Low,2024-04-23,Obi Toppin,20,9,8,0,1,0
Air Jordan 38 Low,Air Jordan 38 Low,2024-04-22,Peyton Watson,11,2,1,2,0,0
Air Jordan 38 Low,Air Jordan 38 Low,2024-04-21,Bam Adebayo,36,24,6,3,0,0
Air Jordan 38 Low,Air Jordan 38 Low,2024-04-21,Brandon Ingram,37,12,6,3,0,1
Air Jordan 38 Low,Air Jordan 38 Low,2024-04-21,Obi Toppin,13,4,5,0,0,1
Air Jordan 38 Low,Air Jordan 38 Low,2024-04-20,Bradley Beal,37,15,2,6,3,0
Air Jordan 38 Low,Air Jordan 38 Low,2024-04-20,Mike Conley,27,4,3,7,0,0
Air Jordan 38 Low,Air Jordan 38 Low,2024-04-19,Brandon Ingram,37,24,6,6,0,1
Air Jordan 38 Low,Air Jordan 38 Low,2024-04-19,Bam Adebayo,31,13,4,4,0,2
Air Jordan 38 Low,Air Jordan 38 Low,2024-04-17,Bam Adebayo,30,10,12,1,0,2
Air Jordan 38 Low,Air Jordan 38 Low,2024-04-16,Brandon Ingram,24,11,4,4,0,0
Air Jordan 38 Low,Air Jordan 38 Low,2024-04-14,Bam Adebayo,19,17,6,2,3,1
Air Jordan 38 Low,Air Jordan 38 Low,2024-04-14,Bruce Brown,20,6,0,0,0,0
Air Jordan 38 Low,Air Jordan 38 Low,2024-04-14,Bradley Beal,37,36,6,5,2,1
Air Jordan 38 Low,Air Jordan 38 Low,2024-04-14,Brandon Ingram,23,13,5,0,0,0
Air Jordan 38 Low,Air Jordan 38 Low,2024-04-14,Brice Sensabaugh,28,14,3,0,1,0
Air Jordan 38 Low,Air Jordan 38 Low,2024-04-14,Cam Whitmore,35,21,6,5,0,1
Air Jordan 38 Low,Air Jordan 38 Low,2024-04-14,Jett Howard,5,0,1,1,1,0
Air Jordan 38 Low,Air Jordan 38 Low,2024-04-14,Paolo Banchero,35,26,11,7,0,0
Air Jordan 38 Low,Air Jordan 38 Low,2024-04-14,Obi Toppin,12,7,2,3,1,0
Air Jordan 38 Low,Air Jordan 38 Low,2024-04-14,Mike Conley,27,17,4,2,1,2
Air Jordan 38 Low,Air Jordan 38 Low,2024-04-12,Obi Toppin,15,10,2,6,2,1
Air Jordan 38 Low,Air Jordan 38 Low,2024-04-12,Talen Horton-Tucker,28,12,1,4,0,0
Air Jordan 38 Low,Air Jordan 38 Low,2024-04-12,Brice Sensabaugh,20,9,3,1,1,2
Air Jordan 38 Low,Air Jordan 38 Low,2024-04-12,Bradley Beal,33,20,9,4,2,1
Air Jordan 38 Low,Air Jordan 38 Low,2024-04-12,Cam Whitmore,25,11,5,4,2,0
Air Jordan 38 Low,Air Jordan 38 Low,2024-04-12,Bam Adebayo,25,19,6,3,0,0
Air Jordan 38 Low,Air Jordan 38 Low,2024-04-12,Bruce Brown,21,14,4,4,0,0
Air Jordan 38 Low,Air Jordan 38 Low,2024-04-12,Mike Conley,30,13,6,10,2,0
Air Jordan 38 Low,Air Jordan 38 Low,2024-04-11,Talen Horton-Tucker,28,16,5,5,0,2
Air Jordan 38 Low,Air Jordan 38 Low,2024-04-11,Cam Whitmore,26,18,4,4,0,2
Air Jordan 38 Low,Air Jordan 38 Low,2024-04-11,Brice Sensabaugh,24,17,6,3,0,0
Air Jordan 38 Low,Air Jordan 38 Low,2024-04-10,Bradley Beal,33,26,5,4,0,0
Air Jordan 38 Low,Air Jordan 38 Low,2024-04-10,Mike Conley,30,19,4,2,1,0
Air Jordan 38 Low,Air Jordan 38 Low,2024-04-10,Jett Howard,6,3,0,1,1,0
Air Jordan 38 Low,Air Jordan 38 Low,2024-04-10,Bam Adebayo,29,8,3,0,0,0
Air Jordan 38 Low,Air Jordan 38 Low,2024-04-09,Bruce Brown,27,16,3,5,0,0
Air Jordan 38 Low,Air Jordan 38 Low,2024-04-09,Obi Toppin,21,23,6,2,1,1
Air Jordan 38 Low,Air Jordan 38 Low,2024-04-09,Bam Adebayo,47,10,7,7,3,1
Air Jordan 38 Low,Air Jordan 38 Low,2024-04-09,Harrison Barnes,26,10,6,0,1,0
Air Jordan 38 Low,Air Jordan 38 Low,2024-04-09,Mike Conley,28,15,2,3,1,0
Air Jordan 38 Low,Air Jordan 38 Low,2024-04-09,Bradley Beal,39,19,7,3,1,5
Air Jordan 38 Low,Air Jordan 38 Low,2024-04-09,Brice Sensabaugh,20,10,5,2,0,0
Air Jordan 38 Low,Air Jordan 38 Low,2024-04-09,Cam Whitmore,5,2,0,0,0,0
Air Jordan 38 Low,Air Jordan 38 Low,2024-04-09,Paolo Banchero,36,21,7,6,0,0
Air Jordan 38 Low,Air Jordan 38 Low,2024-04-09,Jett Howard,1,0,0,1,0,1
Air Jordan 38 Low,Air Jordan 38 Low,2024-04-09,Talen Horton-Tucker,32,24,3,2,1,1
Air Jordan 38 Low,Air Jordan 38 Low,2024-04-07,Bam Adebayo,37,20,12,3,0,1
Air Jordan 38 Low,Air Jordan 38 Low,2024-04-07,Bradley Beal,38,33,3,5,0,2
Air Jordan 38 Low,Air Jordan 38 Low,2024-04-07,Mike Conley,25,7,4,6,2,0
Air Jordan 38 Low,Air Jordan 38 Low,2024-04-07,Brice Sensabaugh,27,9,3,3,0,1
Air Jordan 38 Low,Air Jordan 38 Low,2024-04-07,Harrison Barnes,11,2,0,0,0,0
Air Jordan 38 Low,Air Jordan 38 Low,2024-04-07,Obi Toppin,15,13,3,2,0,0
Air Jordan 38 Low,Air Jordan 38 Low,2024-04-07,Paolo Banchero,35,24,6,5,0,0
Air Jordan 38 Low,Air Jordan 38 Low,2024-04-05,Harrison Barnes,28,10,5,1,0,0
Air Jordan 38 Low,Air Jordan 38 Low,2024-04-05,Devonte' Graham,24,20,2,5,3,0
Air Jordan 38 Low,Air Jordan 38 Low,2024-04-05,Obi Toppin,25,15,8,1,2,1
Air Jordan 38 Low,Air Jordan 38 Low,2024-04-05,Talen Horton-Tucker,26,17,3,1,2,0
Air Jordan 38 Low,Air Jordan 38 Low,2024-04-05,Brice Sensabaugh,13,4,4,1,0,1
Air Jordan 38 Low,Air Jordan 38 Low,2024-04-05,Bradley Beal,26,14,3,2,0,0
Air Jordan 38 Low,Air Jordan 38 Low,2024-04-05,Mike Conley,24,5,0,3,0,0
Air Jordan 38 Low,Air Jordan 38 Low,2024-04-05,Cam Whitmore,20,12,4,1,0,0
Air Jordan 38 Low,Air Jordan 38 Low,2024-04-05,Bam Adebayo,33,18,12,6,1,1
Air Jordan 38 Low,Air Jordan 38 Low,2024-04-04,Bam Adebayo,29,14,11,3,0,1
Air Jordan 38 Low,Air Jordan 38 Low,2024-04-04,Harrison Barnes,14,0,1,0,1,0
Air Jordan 38 Low,Air Jordan 38 Low,2024-04-03,Obi Toppin,20,14,8,1,1,3
Air Jordan 38 Low,Air Jordan 38 Low,2024-04-02,Harrison Barnes,24,6,2,1,1,0
Air Jordan 38 Low,Air Jordan 38 Low,2024-04-02,Brice Sensabaugh,30,22,7,4,1,0
Air Jordan 38 Low,Air Jordan 38 Low,2024-04-02,Bruce Brown,28,5,6,1,2,0
Air Jordan 38 Low,Air Jordan 38 Low,2024-04-02,Bam Adebayo,32,15,9,1,1,0
Air Jordan 38 Low,Air Jordan 38 Low,2024-04-02,Mike Conley,29,14,2,6,3,0
Air Jordan 38 Low,Air Jordan 38 Low,2024-04-02,Talen Horton-Tucker,12,12,1,0,1,0
Air Jordan 38 Low,Air Jordan 38 Low,2024-04-01,Bradley Beal,39,13,9,6,2,1
Air Jordan 38 Low,Air Jordan 38 Low,2024-04-01,Obi Toppin,18,14,4,3,1,0
Air Jordan 38 Low,Air Jordan 38 Low,2024-03-31,Bam Adebayo,37,22,10,5,2,1
Air Jordan 38 Low,Air Jordan 38 Low,2024-03-31,Bruce Brown,33,18,4,6,2,0
Air Jordan 38 Low,Air Jordan 38 Low,2024-03-31,Brice Sensabaugh,33,22,4,3,2,0
Air Jordan 38 Low,Air Jordan 38 Low,2024-03-31,Devonte' Graham,18,6,1,2,0,0
Air Jordan 38 Low,Air Jordan 38 Low,2024-03-31,Harrison Barnes,29,24,2,2,0,0
Air Jordan 38 Low,Air Jordan 38 Low,2024-03-31,Mike Conley,29,19,1,7,4,0
Air Jordan 38 Low,Air Jordan 38 Low,2024-03-30,Paolo Banchero,30,13,9,7,0,4
Air Jordan 38 Low,Air Jordan 38 Low,2024-03-29,Obi Toppin,16,7,2,0,0,1
Air Jordan 38 Low,Air Jordan 38 Low,2024-03-29,Bradley Beal,30,15,3,2,1,1
Air Jordan 38 Low,Air Jordan 38 Low,2024-03-29,Bam Adebayo,26,21,12,9,2,1
Air Jordan 38 Low,Air Jordan 38 Low,2024-03-29,Mike Conley,31,23,3,8,0,0
Air Jordan 38 Low,Air Jordan 38 Low,2024-03-29,Brice Sensabaugh,24,0,4,5,1,0
Air Jordan 38 Low,Air Jordan 38 Low,2024-03-29,Harrison Barnes,39,20,6,2,0,0
Air Jordan 38 Low,Air Jordan 38 Low,2024-03-27,Obi Toppin,11,5,1,2,1,1
Air Jordan 38 Low,Air Jordan 38 Low,2024-03-27,Brice Sensabaugh,13,9,1,1,1,0
Air Jordan 38 Low,Air Jordan 38 Low,2024-03-27,Mike Conley,24,9,0,7,2,1
Air Jordan 38 Low,Air Jordan 38 Low,2024-03-27,Talen Horton-Tucker,4,0,0,2,0,0
Air Jordan 38 Low,Air Jordan 38 Low,2024-03-27,Bradley Beal,36,10,4,7,1,1
Air Jordan 38 Low,Air Jordan 38 Low,2024-03-27,Bruce Brown,20,3,0,1,0,0
Air Jordan 38 Low,Air Jordan 38 Low,2024-03-26,Bam Adebayo,38,24,9,5,1,1
Air Jordan 38 Low,Air Jordan 38 Low,2024-03-26,Harrison Barnes,24,7,5,3,1,0
Air Jordan 38 Low,Air Jordan 38 Low,2024-03-25,Bruce Brown,21,10,2,1,1,0
Air Jordan 38 Low,Air Jordan 38 Low,2024-03-25,Brice Sensabaugh,16,3,3,1,0,0
Air Jordan 38 Low,Air Jordan 38 Low,2024-03-25,Obi Toppin,24,7,4,1,1,0
Air Jordan 38 Low,Air Jordan 38 Low,2024-03-25,Harrison Barnes,26,6,3,1,0,0
Air Jordan 38 Low,Air Jordan 38 Low,2024-03-25,Bradley Beal,30,9,5,6,2,0
Air Jordan 38 Low,Air Jordan 38 Low,2024-03-24,Obi Toppin,19,11,3,1,0,0
Air Jordan 38 Low,Air Jordan 38 Low,2024-03-24,Mike Conley,30,14,1,7,4,0
Air Jordan 38 Low,Air Jordan 38 Low,2024-03-23,Bradley Beal,28,13,1,12,0,0
Air Jordan 38 Low,Air Jordan 38 Low,2024-03-23,Brice Sensabaugh,27,16,4,4,0,0
Air Jordan 38 Low,Air Jordan 38 Low,2024-03-23,Harrison Barnes,36,9,4,0,0,0
Air Jordan 38 Low,Air Jordan 38 Low,2024-03-23,Bruce Brown,32,11,6,3,1,0
Air Jordan 38 Low,Air Jordan 38 Low,2024-03-22,Bam Adebayo,29,12,10,1,0,2
Air Jordan 38 Low,Air Jordan 38 Low,2024-03-22,Obi Toppin,14,8,3,0,0,0
Air Jordan 38 Low,Air Jordan 38 Low,2024-03-22,Bruce Brown,28,10,3,5,0,0
Air Jordan 38 Low,Air Jordan 38 Low,2024-03-22,Mike Conley,32,21,2,6,1,1
Air Jordan 38 Low,Air Jordan 38 Low,2024-03-21,Brandon Ingram,21,14,4,3,1,0
Air Jordan 38 Low,Air Jordan 38 Low,2024-03-21,Harrison Barnes,28,12,2,1,1,1
Air Jordan 38 Low,Air Jordan 38 Low,2024-03-21,Bradley Beal,37,12,4,9,0,1
Air Jordan 38 Low,Air Jordan 38 Low,2024-03-21,Brice Sensabaugh,19,3,8,5,1,2
Air Jordan 38 Low,Air Jordan 38 Low,2024-03-20,Talen Horton-Tucker,15,8,2,2,0,0
Air Jordan 38 Low,Air Jordan 38 Low,2024-03-20,Bradley Beal,36,3,6,7,1,2
Air Jordan 38 Low,Air Jordan 38 Low,2024-03-20,Brice Sensabaugh,20,4,6,1,1,0
Air Jordan 38 Low,Air Jordan 38 Low,2024-03-20,Obi Toppin,14,5,3,1,1,0
Air Jordan 38 Low,Air Jordan 38 Low,2024-03-20,Bruce Brown,25,9,5,6,1,0
Air Jordan 38 Low,Air Jordan 38 Low,2024-03-20,Harrison Barnes,19,16,2,1,0,0
Air Jordan 38 Low,Air Jordan 38 Low,2024-03-19,Brandon Ingram,31,11,4,6,0,1
Air Jordan 38 Low,Air Jordan 38 Low,2024-03-19,Mike Conley,29,13,6,5,1,0
Air Jordan 38 Low,Air Jordan 38 Low,2024-03-19,Peyton Watson,16,2,3,0,0,0
Air Jordan 38 Low,Air Jordan 38 Low,2024-03-18,Harrison Barnes,24,11,5,0,0,0
Air Jordan 38 Low,Air Jordan 38 Low,2024-03-18,Talen Horton-Tucker,18,7,1,3,2,0
Air Jordan 38 Low,Air Jordan 38 Low,2024-03-18,Brice Sensabaugh,14,3,1,3,0,0
Air Jordan 38 Low,Air Jordan 38 Low,2024-03-18,Mike Conley,27,4,1,2,2,1
Air Jordan 38 Low,Air Jordan 38 Low,2024-03-18,Obi Toppin,19,10,8,2,1,0
Air Jordan 38 Low,Air Jordan 38 Low,2024-03-18,Bam Adebayo,31,20,13,6,0,0
Air Jordan 38 Low,Air Jordan 38 Low,2024-03-17,Bruce Brown,22,12,0,4,0,0
Air Jordan 38 Low,Air Jordan 38 Low,2024-03-17,Paolo Banchero,35,29,6,5,1,1
Air Jordan 38 Low,Air Jordan 38 Low,2024-03-17,Peyton Watson,14,3,2,0,2,0
Air Jordan 38 Low,Air Jordan 38 Low,2024-03-17,Bam Adebayo,37,20,17,3,1,0
Air Jordan 38 Low,Air Jordan 38 Low,2024-03-17,Bradley Beal,37,28,4,7,1,1
Air Jordan 38 Low,Air Jordan 38 Low,2024-03-16,Obi Toppin,17,6,3,2,1,0
Air Jordan 38 Low,Air Jordan 38 Low,2024-03-16,Mike Conley,30,25,2,2,0,0
Air Jordan 38 Low,Air Jordan 38 Low,2024-03-16,Brice Sensabaugh,26,8,7,2,0,0
Air Jordan 38 Low,Air Jordan 38 Low,2024-03-16,Harrison Barnes,36,16,6,3,1,0
Air Jordan 38 Low,Air Jordan 38 Low,2024-03-15,Brice Sensabaugh,28,14,4,2,0,0
Air Jordan 38 Low,Air Jordan 38 Low,2024-03-15,Talen Horton-Tucker,19,5,0,5,1,1
Air Jordan 38 Low,Air Jordan 38 Low,2024-03-15,Peyton Watson,22,10,3,2,0,0
Air Jordan 38 Low,Air Jordan 38 Low,2024-03-15,Brandon Ingram,34,13,5,7,1,0
Air Jordan 38 Low,Air Jordan 38 Low,2024-03-15,Bradley Beal,36,15,6,7,0,0
Air Jordan 38 Low,Air Jordan 38 Low,2024-03-15,Bam Adebayo,28,22,9,2,2,3
Air Jordan 38 Low,Air Jordan 38 Low,2024-03-15,Bruce Brown,29,12,4,5,1,0
Air Jordan 38 Low,Air Jordan 38 Low,2024-03-14,Bradley Beal,35,22,3,7,1,1
Air Jordan 38 Low,Air Jordan 38 Low,2024-03-13,Harrison Barnes,38,23,2,2,0,0
Air Jordan 38 Low,Air Jordan 38 Low,2024-03-13,Brandon Ingram,32,20,5,5,1,0
Air Jordan 38 Low,Air Jordan 38 Low,2024-03-13,Bruce Brown,33,17,4,5,2,1
Air Jordan 38 Low,Air Jordan 38 Low,2024-03-13,Paolo Banchero,35,21,3,9,0,0
Air Jordan 38 Low,Air Jordan 38 Low,2024-03-13,Obi Toppin,18,4,4,4,0,1
Air Jordan 38 Low,Air Jordan 38 Low,2024-03-13,Bam Adebayo,34,17,13,3,1,1
Air Jordan 38 Low,Air Jordan 38 Low,2024-03-13,Peyton Watson,22,6,3,2,0,1
Air Jordan 38 Low,Air Jordan 38 Low,2024-03-12,Obi Toppin,18,10,4,1,0,0
Air Jordan 38 Low,Air Jordan 38 Low,2024-03-12,Talen Horton-Tucker,17,5,2,0,2,0
Air Jordan 38 Low,Air Jordan 38 Low,2024-03-12,Brice Sensabaugh,23,2,4,4,0,0
Air Jordan 38 Low,Air Jordan 38 Low,2024-03-12,Mike Conley,27,23,3,3,1,0
Air Jordan 38 Low,Air Jordan 38 Low,2024-03-12,Harrison Barnes,31,16,6,2,1,0
Air Jordan 38 Low,Air Jordan 38 Low,2024-03-11,Bradley Beal,35,24,5,4,3,0
Air Jordan 38 Low,Air Jordan 38 Low,2024-03-11,Bruce Brown,37,13,10,3,0,0
Air Jordan 38 Low,Air Jordan 38 Low,2024-03-10,Obi Toppin,25,17,8,0,1,1
Air Jordan 38 Low,Air Jordan 38 Low,2024-03-10,Paolo Banchero,37,19,5,5,2,0
Air Jordan 38 Low,Air Jordan 38 Low,2024-03-10,Bam Adebayo,34,16,16,2,2,1
Air Jordan 38 Low,Air Jordan 38 Low,2024-03-10,Brandon Ingram,31,7,7,10,1,0
Air Jordan 38 Low,Air Jordan 38 Low,2024-03-10,Harrison Barnes,21,5,1,0,0,0
Air Jordan 38 Low,Air Jordan 38 Low,2024-03-10,Mike Conley,28,9,3,6,1,0
Air Jordan 38 Low,Air Jordan 38 Low,2024-03-09,Peyton Watson,26,12,5,0,1,1
Air Jordan 38 Low,Air Jordan 38 Low,2024-03-09,Brice Sensabaugh,31,16,2,3,3,0
Air Jordan 38 Low,Air Jordan 38 Low,2024-03-09,Talen Horton-Tucker,9,3,0,0,0,0
Air Jordan 38 Low,Air Jordan 38 Low,2024-03-09,Devonte' Graham,11,8,2,0,1,0
Air Jordan 38 Low,Air Jordan 38 Low,2024-03-09,Bradley Beal,37,25,1,4,3,0
Air Jordan 38 Low,Air Jordan 38 Low,2024-03-08,Mike Conley,32,9,3,5,0,0
Air Jordan 38 Low,Air Jordan 38 Low,2024-03-08,Brandon Ingram,34,17,7,5,0,2
Air Jordan 38 Low,Air Jordan 38 Low,2024-03-08,Cam Whitmore,23,13,8,0,1,1
Air Jordan 38 Low,Air Jordan 38 Low,2024-03-07,Obi Toppin,14,2,3,0,0,2
Air Jordan 38 Low,Air Jordan 38 Low,2024-03-07,Bam Adebayo,37,14,9,5,3,0
Air Jordan 38 Low,Air Jordan 38 Low,2024-03-07,Jaime Jaquez Jr.,27,13,6,2,1,0
Air Jordan 38 Low,Air Jordan 38 Low,2024-03-07,Harrison Barnes,30,17,1,2,0,0
Air Jordan 38 Low,Air Jordan 38 Low,2024-03-07,Peyton Watson,17,11,4,1,1,2
Air Jordan 38 Low,Air Jordan 38 Low,2024-03-07,Bradley Beal,33,20,2,8,1,1
Air Jordan 38 Low,Air Jordan 38 Low,2024-03-07,Mike Conley,30,5,5,4,2,0
Air Jordan 38 Low,Air Jordan 38 Low,2024-03-06,Cam Whitmore,23,17,2,1,0,0
Air Jordan 38 Low,Air Jordan 38 Low,2024-03-06,Brice Sensabaugh,29,15,12,1,0,0
Air Jordan 38 Low,Air Jordan 38 Low,2024-03-06,Talen Horton-Tucker,24,8,3,5,0,2
Air Jordan 38 Low,Air Jordan 38 Low,2024-03-06,Harrison Barnes,15,11,0,0,0,1
Air Jordan 38 Low,Air Jordan 38 Low,2024-03-05,Bradley Beal,36,16,6,6,2,0
Air Jordan 38 Low,Air Jordan 38 Low,2024-03-05,Obi Toppin,17,14,2,0,0,0
Air Jordan 38 Low,Air Jordan 38 Low,2024-03-05,Brandon Ingram,25,12,3,6,0,0
Air Jordan 38 Low,Air Jordan 38 Low,2024-03-05,Jaime Jaquez Jr.,26,11,6,2,0,0
Air Jordan 38 Low,Air Jordan 38 Low,2024-03-05,Bam Adebayo,35,18,7,1,1,1
Air Jordan 38 Low,Air Jordan 38 Low,2024-03-04,Mike Conley,28,19,2,7,3,0
Air Jordan 38 Low,Air Jordan 38 Low,2024-03-04,Talen Horton-Tucker,15,9,1,3,0,0
Air Jordan 38 Low,Air Jordan 38 Low,2024-03-04,Harrison Barnes,24,10,1,1,1,0
Air Jordan 38 Low,Air Jordan 38 Low,2024-03-03,Obi Toppin,16,2,2,0,0,0
Air Jordan 38 Low,Air Jordan 38 Low,2024-03-03,Mike Conley,27,0,7,5,0,0
Air Jordan 38 Low,Air Jordan 38 Low,2024-03-03,Paolo Banchero,32,29,8,5,0,0
Air Jordan 38 Low,Air Jordan 38 Low,2024-03-02,Bam Adebayo,34,23,7,3,0,0
Air Jordan 38 Low,Air Jordan 38 Low,2024-03-02,Jaime Jaquez Jr.,29,12,4,1,1,0
Air Jordan 38 Low,Air Jordan 38 Low,2024-03-02,Bradley Beal,20,7,2,2,0,0
Air Jordan 38 Low,Air Jordan 38 Low,2024-03-01,Brandon Ingram,30,34,8,6,1,0
Air Jordan 38 Low,Air Jordan 38 Low,2024-03-01,Obi Toppin,15,5,2,0,1,0
Air Jordan 38 Low,Air Jordan 38 Low,2024-03-01,Mike Conley,35,14,3,8,2,0
Air Jordan 38 Low,Air Jordan 38 Low,2024-03-01,Harrison Barnes,40,14,2,0,1,0
Air Jordan 38 Low,Air Jordan 38 Low,2024-02-29,Jaime Jaquez Jr.,26,3,4,5,2,0
Air Jordan 38 Low,Air Jordan 38 Low,2024-02-28,Mike Conley,27,4,5,7,0,0
Air Jordan 38 Low,Air Jordan 38 Low,2024-02-28,Brandon Ingram,28,30,6,4,0,0
Air Jordan 38 Low,Air Jordan 38 Low,2024-02-28,Obi Toppin,23,16,6,2,0,2
Air Jordan 38 Low,Air Jordan 38 Low,2024-02-28,Harrison Barnes,19,7,4,3,0,0
Air Jordan 38 Low,Air Jordan 38 Low,2024-02-27,Bam Adebayo,33,13,9,2,0,1
Air Jordan 38 Low,Air Jordan 38 Low,2024-02-27,Mike Conley,19,16,0,1,1,0
Air Jordan 38 Low,Air Jordan 38 Low,2024-02-27,Brandon Ingram,33,24,6,5,0,2
Air Jordan 38 Low,Air Jordan 38 Low,2024-02-26,Harrison Barnes,19,10,2,0,1,0
Air Jordan 38 Low,Air Jordan 38 Low,2024-02-26,Bam Adebayo,36,28,10,7,2,1
Air Jordan 38 Low,Air Jordan 38 Low,2024-02-26,Obi Toppin,18,4,3,0,2,0
Air Jordan 38 Low,Air Jordan 38 Low,2024-02-25,Harrison Barnes,35,22,2,1,1,0
Air Jordan 38 Low,Air Jordan 38 Low,2024-02-25,Obi Toppin,18,8,2,4,0,0
Air Jordan 38 Low,Air Jordan 38 Low,2024-02-25,Brandon Ingram,38,22,3,6,3,1
Air Jordan 38 Low,Air Jordan 38 Low,2024-02-25,Cam Whitmore,16,12,3,0,1,1
Air Jordan 38 Low,Air Jordan 38 Low,2024-02-24,Mike Conley,29,14,3,3,1,0
Air Jordan 38 Low,Air Jordan 38 Low,2024-02-23,Bam Adebayo,36,24,7,1,1,3
Air Jordan 38 Low,Air Jordan 38 Low,2024-02-23,Mike Conley,27,9,2,2,2,0
Air Jordan 38 Low,Air Jordan 38 Low,2024-02-23,Peyton Watson,17,8,4,0,0,1
Air Jordan 38 Low,Air Jordan 38 Low,2024-02-22,Peyton Watson,22,11,5,1,1,4
Air Jordan 38 Low,Air Jordan 38 Low,2024-02-22,Paolo Banchero,33,12,6,4,0,0
Air Jordan 38 Low,Air Jordan 38 Low,2024-02-22,Obi Toppin,16,9,6,3,1,1
Air Jordan 38 Low,Air Jordan 38 Low,2024-02-18,Bam Adebayo,16,3,2,2,0,0
Air Jordan 38 Low,Air Jordan 38 Low,2024-02-18,Paolo Banchero,18,6,9,5,0,0
Air Jordan 38 Low,Air Jordan 38 Low,2024-02-15,Mike Conley,22,12,4,3,1,0
Air Jordan 38 Low,Air Jordan 38 Low,2024-02-14,Obi Toppin,25,15,5,0,2,2
Air Jordan 38 Low,Air Jordan 38 Low,2024-02-14,Bruce Brown,26,12,3,3,1,0
Air Jordan 38 Low,Air Jordan 38 Low,2024-02-14,Brandon Ingram,34,18,3,8,2,0
Air Jordan 38 Low,Air Jordan 38 Low,2024-02-14,Talen Horton-Tucker,15,7,2,4,0,0
Air Jordan 38 Low,Air Jordan 38 Low,2024-02-13,Mike Conley,26,7,4,6,2,3
Air Jordan 38 Low,Air Jordan 38 Low,2024-02-13,Bradley Beal,4,5,1,0,0,0
Air Jordan 38 Low,Air Jordan 38 Low,2024-02-13,Jaime Jaquez Jr.,27,12,3,4,0,0
Air Jordan 38 Low,Air Jordan 38 Low,2024-02-12,Bruce Brown,31,12,5,4,1,0
Air Jordan 38 Low,Air Jordan 38 Low,2024-02-12,Obi Toppin,16,6,4,1,0,0
Air Jordan 38 Low,Air Jordan 38 Low,2024-02-12,Brandon Ingram,36,16,2,6,1,1
Air Jordan 38 Low,Air Jordan 38 Low,2024-02-12,Peyton Watson,21,5,4,1,0,0
Air Jordan 38 Low,Air Jordan 38 Low,2024-02-12,Talen Horton-Tucker,16,13,3,4,2,0
Air Jordan 38 Low,Air Jordan 38 Low,2024-02-12,Mike Conley,24,5,4,7,2,0
Air Jordan 38 Low,Air Jordan 38 Low,2024-02-10,Brandon Ingram,36,17,4,9,1,1
Air Jordan 38 Low,Air Jordan 38 Low,2024-02-10,Bradley Beal,34,15,6,5,2,0
Air Jordan 38 Low,Air Jordan 38 Low,2024-02-10,Bruce Brown,19,2,2,0,0,0
Air Jordan 38 Low,Air Jordan 38 Low,2024-02-10,Obi Toppin,16,9,2,0,1,0
Air Jordan 38 Low,Air Jordan 38 Low,2024-02-09,Bruce Brown,22,11,3,0,1,0
Air Jordan 38 Low,Air Jordan 38 Low,2024-02-09,Peyton Watson,20,4,3,1,1,3
Air Jordan 38 Low,Air Jordan 38 Low,2024-02-09,Brandon Ingram,34,22,7,7,0,3
Air Jordan 38 Low,Air Jordan 38 Low,2024-02-08,Bradley Beal,36,30,2,7,1,0
Air Jordan 38 Low,Air Jordan 38 Low,2024-02-08,Mike Conley,30,18,5,9,0,0
Air Jordan 38 Low,Air Jordan 38 Low,2024-02-08,Obi Toppin,20,7,1,2,0,0
Air Jordan 38 Low,Air Jordan 38 Low,2024-02-07,Bam Adebayo,28,20,5,2,1,0
Air Jordan 38 Low,Air Jordan 38 Low,2024-02-07,Brandon Ingram,35,15,8,6,1,1
Air Jordan 38 Low,Air Jordan 38 Low,2024-02-07,Bruce Brown,21,12,3,4,1,0
Air Jordan 38 Low,Air Jordan 38 Low,2024-02-06,Obi Toppin,16,3,4,4,1,0
Air Jordan 38 Low,Air Jordan 38 Low,2024-02-06,Bam Adebayo,29,14,8,3,0,1
Air Jordan 38 Low,Air Jordan 38 Low,2024-02-06,Bradley Beal,37,25,10,3,3,0
Air Jordan 38 Low,Air Jordan 38 Low,2024-02-06,Mike Conley,36,9,0,8,0,0
Air Jordan 38 Low,Air Jordan 38 Low,2024-02-05,Bruce Brown,26,9,3,3,0,0
Air Jordan 38 Low,Air Jordan 38 Low,2024-02-05,Brandon Ingram,29,41,6,9,0,1
Air Jordan 38 Low,Air Jordan 38 Low,2024-02-04,Paolo Banchero,34,20,6,7,1,0
Air Jordan 38 Low,Air Jordan 38 Low,2024-02-04,Bradley Beal,31,43,2,6,2,0
Air Jordan 38 Low,Air Jordan 38 Low,2024-02-04,Bruce Brown,17,2,0,2,0,0
Air Jordan 38 Low,Air Jordan 38 Low,2024-02-04,Mike Conley,24,8,3,9,1,0
Air Jordan 38 Low,Air Jordan 38 Low,2024-02-04,Obi Toppin,11,0,1,2,0,0
Air Jordan 38 Low,Air Jordan 38 Low,2024-02-04,Jaime Jaquez Jr.,25,7,4,4,0,0
Air Jordan 38 Low,Air Jordan 38 Low,2024-02-02,Brandon Ingram,36,19,4,6,2,1
Air Jordan 38 Low,Air Jordan 38 Low,2024-02-02,Mike Conley,28,4,5,9,3,0
Air Jordan 38 Low,Air Jordan 38 Low,2024-02-02,Bam Adebayo,32,20,14,1,0,1
Air Jordan 38 Low,Air Jordan 38 Low,2024-02-02,Bradley Beal,39,14,4,10,0,0
Air Jordan 38 Low,Air Jordan 38 Low,2024-02-02,Obi Toppin,17,6,4,1,1,1
Air Jordan 38 Low,Air Jordan 38 Low,2024-02-02,Bruce Brown,25,5,5,4,2,2
Air Jordan 38 Low,Air Jordan 38 Low,2024-02-02,Shabazz Napier,27,7,2,7,0,0
Air Jordan 38 Low,Air Jordan 38 Low,2024-02-01,Obi Toppin,21,12,3,2,1,2
Air Jordan 38 Low,Air Jordan 38 Low,2024-01-31,Bradley Beal,36,12,4,5,0,0
Air Jordan 38 Low,Air Jordan 38 Low,2024-01-31,Peyton Watson,20,9,4,1,2,1
Air Jordan 38 Low,Air Jordan 38 Low,2024-01-31,Paolo Banchero,35,25,9,7,2,0
Air Jordan 38 Low,Air Jordan 38 Low,2024-01-31,Mike Conley,25,10,4,3,1,1
Air Jordan 38 Low,Air Jordan 38 Low,2024-01-31,Shabazz Napier,28,16,2,3,1,0
Air Jordan 38 Low,Air Jordan 38 Low,2024-01-31,Bam Adebayo,31,16,11,4,0,0
Air Jordan 38 Low,Air Jordan 38 Low,2024-01-31,Cam Whitmore,20,17,0,0,1,0
Air Jordan 38 Low,Air Jordan 38 Low,2024-01-31,Brandon Ingram,36,24,10,4,0,2
Air Jordan 38 Low,Air Jordan 38 Low,2024-01-30,Obi Toppin,21,11,8,2,0,0
Air Jordan 38 Low,Air Jordan 38 Low,2024-01-30,Bruce Brown,37,19,7,3,3,2
Air Jordan 38 Low,Air Jordan 38 Low,2024-01-29,Peyton Watson,23,6,4,2,1,0
Air Jordan 38 Low,Air Jordan 38 Low,2024-01-29,Brandon Ingram,36,28,7,6,1,1
Air Jordan 38 Low,Air Jordan 38 Low,2024-01-29,Jaime Jaquez Jr.,25,2,3,1,1,0
Air Jordan 38 Low,Air Jordan 38 Low,2024-01-29,Bradley Beal,38,19,5,7,1,0
Air Jordan 38 Low,Air Jordan 38 Low,2024-01-28,Obi Toppin,16,3,0,2,1,0
Air Jordan 38 Low,Air Jordan 38 Low,2024-01-28,Bruce Brown,36,11,9,2,2,1
Air Jordan 38 Low,Air Jordan 38 Low,2024-01-28,Bradley Beal,35,9,5,6,1,0
Air Jordan 38 Low,Air Jordan 38 Low,2024-01-27,Brandon Ingram,27,26,6,1,0,0
Air Jordan 38 Low,Air Jordan 38 Low,2024-01-27,Peyton Watson,20,9,3,3,1,1
Air Jordan 38 Low,Air Jordan 38 Low,2024-01-26,Obi Toppin,33,23,11,3,1,1
Air Jordan 38 Low,Air Jordan 38 Low,2024-01-26,Bradley Beal,34,12,4,3,1,1
Air Jordan 38 Low,Air Jordan 38 Low,2024-01-26,Bruce Brown,31,9,9,2,0,1
Air Jordan 38 Low,Air Jordan 38 Low,2024-01-25,Peyton Watson,23,7,4,3,0,2
Air Jordan 38 Low,Air Jordan 38 Low,2024-01-25,Mike Conley,32,10,2,4,2,1
Air Jordan 38 Low,Air Jordan 38 Low,2024-01-25,Obi Toppin,19,13,5,0,0,1
Air Jordan 38 Low,Air Jordan 38 Low,2024-01-24,Bradley Beal,36,20,7,7,1,1
Air Jordan 38 Low,Air Jordan 38 Low,2024-01-23,Obi Toppin,16,4,2,0,0,0
Air Jordan 38 Low,Air Jordan 38 Low,2024-01-22,Bruce Brown,21,7,3,2,0,0
Air Jordan 38 Low,Air Jordan 38 Low,2024-01-22,Bradley Beal,37,18,4,5,0,0
Air Jordan 38 Low,Air Jordan 38 Low,2024-01-21,Obi Toppin,25,13,6,1,0,0
Air Jordan 38 Low,Air Jordan 38 Low,2024-01-21,Bradley Beal,38,25,4,3,1,0
Air Jordan 38 Low,Air Jordan 38 Low,2024-01-21,Peyton Watson,12,2,3,2,0,3
Air Jordan 38 Low,Air Jordan 38 Low,2024-01-21,Paolo Banchero,31,20,10,2,0,0
Air Jordan 38 Low,Air Jordan 38 Low,2024-01-20,Mike Conley,28,3,3,4,0,1
Air Jordan 38 Low,Air Jordan 38 Low,2024-01-20,Cam Whitmore,26,17,5,1,0,2
Air Jordan 38 Low,Air Jordan 38 Low,2024-01-19,Peyton Watson,20,9,2,0,0,2
Air Jordan 38 Low,Air Jordan 38 Low,2024-01-19,Obi Toppin,11,0,0,2,0,0
Air Jordan 38 Low,Air Jordan 38 Low,2024-01-19,Bradley Beal,30,13,7,5,0,0
Air Jordan 38 Low,Air Jordan 38 Low,2024-01-18,Mike Conley,29,17,4,10,2,0
Air Jordan 38 Low,Air Jordan 38 Low,2024-01-18,Obi Toppin,24,10,3,4,0,1
Air Jordan 38 Low,Air Jordan 38 Low,2024-01-17,Mike Conley,29,8,3,7,1,1
Air Jordan 38 Low,Air Jordan 38 Low,2024-01-16,Bradley Beal,38,13,3,5,2,0
Air Jordan 38 Low,Air Jordan 38 Low,2024-01-15,Paolo Banchero,32,20,6,3,0,0
Air Jordan 38 Low,Air Jordan 38 Low,2024-01-15,Obi Toppin,13,2,3,2,1,0
Air Jordan 38 Low,Air Jordan 38 Low,2024-01-15,James Johnson,0,0,0,0,0,0
Air Jordan 38 Low,Air Jordan 38 Low,2024-01-14,Bradley Beal,37,23,4,5,2,0
Air Jordan 38 Low,Air Jordan 38 Low,2024-01-14,Mike Conley,31,6,2,5,1,0
Air Jordan 38 Low,Air Jordan 38 Low,2024-01-14,Obi Toppin,25,11,3,1,1,0
Air Jordan 38 Low,Air Jordan 38 Low,2024-01-13,Paolo Banchero,36,20,9,8,0,2
Air Jordan 38 Low,Air Jordan 38 Low,2024-01-12,Obi Toppin,20,18,7,4,0,0
Air Jordan 38 Low,Air Jordan 38 Low,2024-01-12,Mike Conley,20,9,4,10,0,0
Air Jordan 38 Low,Air Jordan 38 Low,2024-01-12,Peyton Watson,15,8,3,0,1,1
Air Jordan 38 Low,Air Jordan 38 Low,2024-01-11,Bradley Beal,32,37,6,4,1,0
Air Jordan 38 Low,Air Jordan 38 Low,2024-01-10,Obi Toppin,27,15,7,3,0,0
Air Jordan 38 Low,Air Jordan 38 Low,2024-01-09,Mike Conley,30,11,3,10,2,0
Air Jordan 38 Low,Air Jordan 38 Low,2024-01-08,Obi Toppin,19,13,0,1,0,0
Air Jordan 38 Low,Air Jordan 38 Low,2024-01-08,Bradley Beal,34,15,3,2,2,0
Air Jordan 38 Low,Air Jordan 38 Low,2024-01-07,Mike Conley,32,9,1,7,0,0
Air Jordan 38 Low,Air Jordan 38 Low,2024-01-07,Bradley Beal,37,12,6,5,0,0
Air Jordan 38 Low,Air Jordan 38 Low,2024-01-06,Obi Toppin,23,10,3,1,0,0
Air Jordan 38 Low,Air Jordan 38 Low,2024-01-05,Bradley Beal,36,25,8,9,0,0
Air Jordan 38 Low,Air Jordan 38 Low,2024-01-05,James Johnson,8,2,1,1,3,0
Air Jordan 38 Low,Air Jordan 38 Low,2024-01-05,Obi Toppin,22,9,3,2,1,0
Air Jordan 38 Low,Air Jordan 38 Low,2024-01-05,Mike Conley,25,8,2,5,0,0
Air Jordan 38 Low,Air Jordan 38 Low,2024-01-03,Bam Adebayo,38,15,7,5,3,0
Air Jordan 38 Low,Air Jordan 38 Low,2024-01-03,Bradley Beal,40,21,5,4,1,1
Air Jordan 38 Low,Air Jordan 38 Low,2024-01-03,Obi Toppin,26,15,8,4,1,0
Air Jordan 38 Low,Air Jordan 38 Low,2024-01-03,Mike Conley,25,7,0,9,1,0
Air Jordan 38 Low,Air Jordan 38 Low,2024-01-02,Paolo Banchero,34,27,12,6,2,1
Air Jordan 38 Low,Air Jordan 38 Low,2024-01-01,Obi Toppin,29,11,3,2,1,0
Air Jordan 38 Low,Air Jordan 38 Low,2024-01-01,Mike Conley,28,5,2,5,1,1
Air Jordan 38 Low,Air Jordan 38 Low,2024-01-01,Bradley Beal,34,21,4,1,1,1
Air Jordan 38 Low,Air Jordan 38 Low,2023-12-31,Bradley Beal,34,25,1,2,1,1
Air Jordan 38 Low,Air Jordan 38 Low,2023-12-30,Obi Toppin,19,9,8,2,0,3
Air Jordan 38 Low,Air Jordan 38 Low,2023-12-30,Mike Conley,33,15,4,7,1,0
Air Jordan 38 Low,Air Jordan 38 Low,2023-12-29,Bradley Beal,29,6,3,7,0,1
Air Jordan 38 Low,Air Jordan 38 Low,2023-12-28,Bam Adebayo,35,17,11,4,0,0
Air Jordan 38 Low,Air Jordan 38 Low,2023-12-28,Mike Conley,28,10,2,6,0,1
Air Jordan 38 Low,Air Jordan 38 Low,2023-12-28,Obi Toppin,24,3,12,0,0,1
Air Jordan 38 Low,Air Jordan 38 Low,2023-12-26,Obi Toppin,14,7,2,3,1,0
Air Jordan 38 Low,Air Jordan 38 Low,2023-12-26,Mike Conley,24,17,2,4,2,0
Air Jordan 38 Low,Air Jordan 38 Low,2023-12-25,Bam Adebayo,36,26,15,5,0,3
Air Jordan 38 Low,Air Jordan 38 Low,2023-12-23,Paolo Banchero,36,34,7,4,1,0
Air Jordan 38 Low,Air Jordan 38 Low,2023-12-23,Obi Toppin,24,3,6,0,0,1
Air Jordan 38 Low,Air Jordan 38 Low,2023-12-23,Mike Conley,31,12,7,9,2,0
Air Jordan 38 Low,Air Jordan 38 Low,2023-12-22,Bam Adebayo,38,18,11,6,2,0
Air Jordan 38 Low,Air Jordan 38 Low,2023-12-21,Mike Conley,30,16,1,8,2,1
Air Jordan 38 Low,Air Jordan 38 Low,2023-12-21,Obi Toppin,28,22,5,1,2,0
Air Jordan 38 Low,Air Jordan 38 Low,2023-12-20,Mike Conley,25,9,0,4,0,0
Air Jordan 38 Low,Air Jordan 38 Low,2023-12-20,Obi Toppin,22,6,4,0,0,0
Air Jordan 38 Low,Air Jordan 38 Low,2023-12-18,Obi Toppin,30,14,3,4,0,2
Air Jordan 38 Low,Air Jordan 38 Low,2023-12-18,Mike Conley,32,14,1,6,1,0
Air Jordan 38 Low,Air Jordan 38 Low,2023-12-16,Mike Conley,24,5,2,9,1,0
Air Jordan 38 Low,Air Jordan 38 Low,2023-12-15,Bradley Beal,4,6,0,1,0,0
Air Jordan 38 Low,Air Jordan 38 Low,2023-12-14,Mike Conley,29,14,2,3,1,0
Air Jordan 38 Low,Air Jordan 38 Low,2023-12-13,Bradley Beal,33,14,1,4,1,0
Air Jordan 38 Low,Air Jordan 38 Low,2023-12-12,Bradley Beal,27,16,3,3,1,1
Air Jordan 38 Low,Air Jordan 38 Low,2023-12-11,Mike Conley,27,17,5,7,0,0
Air Jordan 38 Low,Air Jordan 38 Low,2023-12-08,Mike Conley,32,19,4,7,0,0
Air Jordan 38 Low,Air Jordan 38 Low,2023-12-06,Mike Conley,32,18,4,4,3,0
Air Jordan 38 Low,Air Jordan 38 Low,2023-12-02,Mike Conley,34,14,5,10,0,0
Air Jordan 38 Low,Air Jordan 38 Low,2023-11-30,Mike Conley,29,8,3,7,2,0
Air Jordan 38 Low,Air Jordan 38 Low,2023-11-30,Bam Adebayo,12,7,4,2,0,0
Air Jordan 38 Low,Air Jordan 38 Low,2023-11-28,Mike Conley,37,9,2,8,1,0
Air Jordan 38 Low,Air Jordan 38 Low,2023-11-26,Mike Conley,32,18,4,10,1,0
Air Jordan 38 Low,Air Jordan 38 Low,2023-11-24,Mike Conley,30,6,3,9,1,0
Air Jordan 38 Low,Air Jordan 38 Low,2023-11-22,Mike Conley,22,5,0,8,3,0
Air Jordan 38 Low,Air Jordan 38 Low,2023-11-20,Mike Conley,27,11,1,5,0,1
Air Jordan 38 Low,Air Jordan 38 Low,2023-11-18,Mike Conley,30,5,3,5,1,0
Air Jordan 38 Low,Air Jordan 38 Low,2023-11-15,Mike Conley,22,14,2,3,0,0
Air Jordan 38 Low,Air Jordan 38 Low,2023-11-14,Mike Conley,30,13,2,8,2,0
Air Jordan 38 Low,Air Jordan 38 Low,2023-11-12,Mike Conley,30,8,5,9,0,0
Air Jordan 38 Low,Air Jordan 38 Low,2023-11-10,Mike Conley,31,11,3,6,0,0
Air Jordan 38 Low,Air Jordan 38 Low,2023-11-08,Mike Conley,21,12,4,4,1,0
Air Jordan 38 Low,Air Jordan 38 Low,2023-11-06,Mike Conley,36,8,2,3,2,0
Air Jordan 38 Low,Air Jordan 38 Low,2023-11-04,Mike Conley,28,7,3,6,1,0
Air Jordan 38 Low,Air Jordan 38 Low,2023-11-01,Mike Conley,27,17,3,6,1,0
Air Jordan 38 Low,Air Jordan 38 Low,2023-10-30,Mike Conley,28,6,2,3,0,0
Air Jordan 38 Low,Air Jordan 38 Low,2023-10-28,Mike Conley,28,14,4,5,1,0
Air Jordan 38 Low,Air Jordan 38 Low,2023-10-25,Mike Conley,30,11,4,3,1,1
Jordan Why Not? Zer0.4,Jordan Why Not? Zer0.4,2025-03-02,Russell Westbrook,35,12,3,6,2,1
Jordan Why Not? Zer0.4,Jordan Why Not? Zer0.4,2024-03-29,Russell Westbrook,17,5,3,5,1,0
Jordan Why Not? Zer0.4,Jordan Why Not? Zer0.4,2024-03-25,Russell Westbrook,18,14,4,7,0,0
Jordan Why Not? Zer0.4,Jordan Why Not? Zer0.4,2024-03-01,Russell Westbrook,10,6,0,1,0,0
Jordan Why Not? Zer0.4,Jordan Why Not? Zer0.4,2024-02-25,Russell Westbrook,18,8,4,2,1,0
Jordan Why Not? Zer0.4,Jordan Why Not? Zer0.4,2024-02-04,Russell Westbrook,15,5,1,2,1,0
Jordan Why Not? Zer0.4,Jordan Why Not? Zer0.4,2024-02-02,Russell Westbrook,25,23,3,9,2,0
Jordan Why Not? Zer0.4,Jordan Why Not? Zer0.4,2024-01-31,Russell Westbrook,21,9,3,7,0,0
Jordan Why Not? Zer0.4,Jordan Why Not? Zer0.4,2024-01-29,Russell Westbrook,22,13,4,3,0,0
Jordan Why Not? Zer0.4,Jordan Why Not? Zer0.4,2024-01-27,Russell Westbrook,15,4,4,5,0,0
Jordan Why Not? Zer0.4,Jordan Why Not? Zer0.4,2024-01-23,Russell Westbrook,17,16,6,3,2,0
Jordan Why Not? Zer0.4,Jordan Why Not? Zer0.4,2024-01-21,Russell Westbrook,31,23,9,6,1,1
Jordan Why Not? Zer0.4,Jordan Why Not? Zer0.4,2024-01-10,Russell Westbrook,14,6,0,3,0,0
Jordan Why Not? Zer0.4,Jordan Why Not? Zer0.4,2024-01-08,Russell Westbrook,14,9,2,7,2,0
Jordan Why Not? Zer0.4,Jordan Why Not? Zer0.4,2024-01-03,Russell Westbrook,18,6,5,2,2,0
Jordan Why Not? Zer0.4,Jordan Why Not? Zer0.4,2024-01-01,Russell Westbrook,17,8,4,3,2,0
Jordan Why Not? Zer0.4,Jordan Why Not? Zer0.4,2023-12-29,Russell Westbrook,20,14,6,6,0,0
Jordan Why Not? Zer0.4,Jordan Why Not? Zer0.4,2023-12-28,Tim Hardaway Jr.,32,32,3,3,2,0
Jordan Why Not? Zer0.4,Jordan Why Not? Zer0.4,2023-12-26,Russell Westbrook,27,14,11,6,2,1
Jordan Why Not? Zer0.4,Jordan Why Not? Zer0.4,2023-12-23,Russell Westbrook,20,12,5,5,0,1
Jordan Why Not? Zer0.4,Jordan Why Not? Zer0.4,2023-12-20,Russell Westbrook,23,10,6,3,2,0
Jordan Why Not? Zer0.4,Jordan Why Not? Zer0.4,2023-12-18,Russell Westbrook,17,10,4,5,1,1
Jordan Why Not? Zer0.4,Jordan Why Not? Zer0.4,2023-12-16,Russell Westbrook,15,10,6,4,1,0
Jordan Why Not? Zer0.4,Jordan Why Not? Zer0.4,2023-12-12,Russell Westbrook,20,8,7,3,0,0
Jordan Why Not? Zer0.4,Jordan Why Not? Zer0.4,2023-12-11,Russell Westbrook,16,12,2,6,0,1
Jordan Why Not? Zer0.4,Jordan Why Not? Zer0.4,2023-11-29,Russell Westbrook,19,9,5,8,1,0
Jordan Why Not? Zer0.4,Jordan Why Not? Zer0.4,2023-11-27,Russell Westbrook,26,14,11,3,0,1
Jordan Why Not? Zer0.4,Jordan Why Not? Zer0.4,2023-11-25,Russell Westbrook,25,14,8,7,0,0
Puma MB.02,Puma MB.02 Oreo,2025-03-20,Joffrey Lauvergne,14,6,1,0,1,0
Puma MB.02,Puma MB.02 Oreo,2025-03-13,Joffrey Lauvergne,27,20,9,3,1,0
Puma MB.02,Puma MB.02 Oreo,2025-03-07,Joffrey Lauvergne,16,10,3,2,0,0
Puma MB.02,Puma MB.02 Oreo,2025-02-06,Joffrey Lauvergne,19,12,6,0,1,0
Puma MB.02,Puma MB.02 Oreo,2025-02-04,Joffrey Lauvergne,23,8,9,2,1,0
Puma MB.02,Puma MB.02 Oreo,2025-01-30,Joffrey Lauvergne,17,12,4,0,0,0
Puma MB.02,Puma MB.02,2025-01-24,Joffrey Lauvergne,10,6,4,2,1,0
Puma MB.02,Puma MB.02,2024-12-17,Joffrey Lauvergne,24,17,9,0,0,1
Puma MB.02,Puma MB.02,2024-12-13,Joffrey Lauvergne,15,4,3,3,0,0
Puma MB.02,Puma MB.02,2024-12-06,Joffrey Lauvergne,27,19,6,0,0,1
Puma MB.02,Puma MB.02,2024-12-03,Joffrey Lauvergne,12,7,2,1,3,0
Puma MB.02,Puma MB.02,2024-11-29,Joffrey Lauvergne,19,18,2,0,0,0
Puma MB.02,Puma MB.02,2024-11-21,Joffrey Lauvergne,26,12,5,3,0,0
Puma MB.02,Puma MB.02,2024-11-14,Joffrey Lauvergne,23,13,10,1,0,1
Puma MB.02,Puma MB.02,2024-11-12,Joffrey Lauvergne,27,16,6,3,1,0
Puma MB.02,Puma MB.02,2024-11-08,Joffrey Lauvergne,26,9,5,0,0,1
Puma MB.02,Puma MB.02,2024-10-18,Joffrey Lauvergne,11,6,2,0,0,0
Puma MB.02,Puma MB.02,2024-10-10,Joffrey Lauvergne,15,2,7,0,0,0
Puma MB.02,Puma MB.02,2024-10-03,Joffrey Lauvergne,25,17,1,1,0,0
Puma MB.02,Puma MB.02,2024-07-17,NaLyssa Smith,27,13,12,0,1,0
Puma MB.02,Puma MB.02,2024-07-02,NaLyssa Smith,26,5,14,1,0,1
Puma MB.02,Puma MB.02,2024-06-30,NaLyssa Smith,32,12,15,1,2,1
Puma MB.02,Puma MB.02,2024-06-27,NaLyssa Smith,32,12,9,3,1,2
Puma MB.02,Puma MB.02,2024-06-23,NaLyssa Smith,28,12,7,1,0,1
Puma MB.02,Puma MB.02,2024-04-12,Joffrey Lauvergne,16,20,5,0,0,0
Puma MB.02,Puma MB.02,2024-04-04,Joffrey Lauvergne,22,21,7,3,2,2
Puma MB.02,Puma MB.02,2024-03-29,Amari Bailey,2,0,0,0,0,0
Puma MB.02,Puma MB.02,2024-03-28,Joffrey Lauvergne,20,13,3,0,0,0
Puma MB.02,Puma MB.02,2024-03-21,Joffrey Lauvergne,20,10,4,2,0,1
Puma MB.02,Puma MB.02,2024-03-19,Joffrey Lauvergne,15,8,1,1,0,0
Puma MB.02,Puma MB.02,2024-03-08,Joffrey Lauvergne,22,11,4,0,0,0
Puma MB.02,Puma MB.02,2024-03-01,Joffrey Lauvergne,20,17,4,1,1,0
Puma MB.02,Puma MB.02,2024-02-08,Joffrey Lauvergne,25,16,10,3,0,0
Puma MB.02,Puma MB.02,2024-01-25,Joffrey Lauvergne,14,2,4,0,0,0
Puma MB.02,Puma MB.02,2024-01-18,Joffrey Lauvergne,18,9,2,1,0,0
Puma MB.02,Puma MB.02,2024-01-12,Joffrey Lauvergne,24,6,6,1,1,0
Puma MB.02,Puma MB.02,2024-01-09,Joffrey Lauvergne,21,17,1,1,0,0
Puma MB.02,Puma MB.02,2024-01-04,Joffrey Lauvergne,27,6,3,7,0,1
Puma MB.02,Puma MB.02,2024-01-02,Joffrey Lauvergne,19,6,4,1,0,0
Puma MB.02,Puma MB.02,2023-12-28,Charles Kahudi,28,5,6,1,0,0
Puma MB.02,Puma MB.02,2023-12-28,Joffrey Lauvergne,26,16,2,2,1,0
Puma MB.02,Puma MB.02,2023-12-22,Charles Kahudi,14,9,3,2,0,0
Puma MB.02,Puma MB.02,2023-12-22,Joffrey Lauvergne,31,10,8,3,1,0
Puma MB.02,Puma MB.02,2023-12-20,Joffrey Lauvergne,25,12,5,2,0,0
Puma MB.02,Puma MB.02,2023-12-18,Chris Boucher,14,7,3,0,0,1
Puma MB.02,Puma MB.02,2023-12-14,Joffrey Lauvergne,26,10,11,1,0,0
Puma MB.02,Puma MB.02,2023-12-08,Joffrey Lauvergne,29,13,8,1,1,0
Puma MB.02,Puma MB.02,2023-12-06,Joffrey Lauvergne,28,23,9,1,0,0
Puma MB.02,Puma MB.02,2023-12-01,Joffrey Lauvergne,29,17,5,3,0,0
Puma MB.02,Puma MB.02,2023-11-28,Leaky Black,4,0,0,0,1,0
Puma MB.02,Puma MB.02,2023-11-23,Joffrey Lauvergne,37,21,6,4,1,0
Puma MB.02,Puma MB.02,2023-11-17,Joffrey Lauvergne,31,16,9,2,0,0
Puma MB.02,Puma MB.02,2023-11-15,Charles Kahudi,16,2,3,0,0,0
Puma MB.02,Puma MB.02,2023-11-15,Joffrey Lauvergne,27,7,7,0,0,0
Puma MB.02,Puma MB.02,2023-11-10,Charles Kahudi,7,4,4,0,0,0
Puma MB.02,Puma MB.02,2023-11-10,Joffrey Lauvergne,32,11,6,1,0,3
Puma MB.02,Puma MB.02,2023-11-02,Joffrey Lauvergne,34,13,5,4,1,0
Puma MB.02,Puma MB.02,2023-10-27,Joffrey Lauvergne,24,14,5,1,0,0
Anta KT 10,Anta KT 10,2025-04-26,Kevon Looney,13,2,5,0,1,0
Anta KT 10,Anta KT 10 Dallas,2025-04-23,Kevon Looney,13,5,4,3,0,0
Anta KT 10,Anta KT 10 Pink Beach,2025-04-20,Kevon Looney,8,0,1,0,0,0
Anta KT 10,Anta KT 10 Dallas,2025-04-18,Klay Thompson,32,18,2,3,0,0
Anta KT 10,Anta KT 10 Dallas,2025-04-16,Klay Thompson,33,23,5,2,1,1
Anta KT 10,Anta KT 10,2025-04-15,Kevon Looney,9,2,1,1,0,0
Anta KT 10,Anta KT 10 The Bahamas,2025-04-13,Kevon Looney,16,6,3,3,1,0
Anta KT 10,Anta KT 10 The Bahamas,2025-04-11,Kevon Looney,15,1,5,1,0,2
Anta KT 10,Anta KT 10 Dallas,2025-04-11,Klay Thompson,18,7,1,2,2,0
Anta KT 10,Anta KT 10 Dallas,2025-04-09,Klay Thompson,27,6,2,1,0,0
Anta KT 10,Anta KT 10 The Bahamas,2025-04-09,Kevon Looney,12,2,2,3,0,1
Anta KT 10,Anta KT 10,2025-04-08,Kevon Looney,14,2,4,1,1,0
Anta KT 10,Anta KT 10,2025-04-06,Kevon Looney,22,5,11,0,1,1
Anta KT 10,Anta KT 10 Dallas,2025-04-05,Klay Thompson,25,14,1,0,0,0
Anta KT 10,Anta KT 10,2025-04-04,Kevon Looney,17,7,7,2,1,0
Anta KT 10,Anta KT 10 Dallas,2025-04-04,Klay Thompson,12,2,0,0,0,0
Anta KT 10,Anta KT 10,2025-04-03,Kevon Looney,8,2,1,0,0,0
Anta KT 10,Anta KT 10 Dallas,2025-04-02,Klay Thompson,29,17,4,2,1,1
Anta KT 10,Anta KT 10,2025-04-01,Kevon Looney,9,3,4,1,0,0
Anta KT 10,Anta KT 10 Dallas,2025-03-31,Klay Thompson,27,13,3,4,1,1
Anta KT 10,Anta KT 10,2025-03-30,Kevon Looney,13,8,7,1,0,1
Anta KT 10,Anta KT 10 Dallas,2025-03-29,Klay Thompson,30,20,1,1,0,0
Anta KT 10,Anta KT 10 Dallas,2025-03-27,Klay Thompson,25,12,4,0,0,0
Anta KT 10,Anta KT 10 Dallas,2025-03-25,Klay Thompson,21,6,3,1,0,0
Anta KT 10,Anta KT 10 Dallas,2025-03-24,Klay Thompson,24,8,3,2,0,0
Anta KT 10,Anta KT 10 Dallas,2025-03-21,Klay Thompson,30,20,5,1,0,0
Anta KT 10,Anta KT 10,2025-03-17,Kevon Looney,15,6,7,0,1,1
Anta KT 10,Anta KT 10,2025-03-16,Klay Thompson,34,21,3,2,1,0
Anta KT 10,Anta KT 10 Grafitti,2025-03-15,Kevon Looney,6,2,3,0,0,0
Anta KT 10,Anta KT 10 Dallas,2025-03-14,Klay Thompson,26,5,9,3,0,0
Anta KT 10,Anta KT 10 Grafitti,2025-03-13,Kevon Looney,16,6,6,1,0,1
Anta KT 10,Anta KT 10,2025-03-12,Klay Thompson,28,12,4,7,0,0
Anta KT 10,Anta KT 10,2025-03-10,Kevon Looney,19,6,6,3,2,0
Anta KT 10,Anta KT 10 Dallas,2025-03-10,Klay Thompson,36,26,2,3,0,0
Anta KT 10,Anta KT 10,2025-03-09,Klay Thompson,31,26,5,4,1,0
Anta KT 10,Anta KT 10,2025-03-08,Kevon Looney,11,2,4,1,0,0
Anta KT 10,Anta KT 10,2025-03-07,Klay Thompson,29,15,4,1,0,3
Anta KT 10,Anta KT 10,2025-03-06,Kevon Looney,11,5,5,1,0,1
Anta KT 10,Anta KT 10 Dallas,2025-03-05,Klay Thompson,34,28,4,4,1,0
Anta KT 10,Anta KT 10,2025-03-04,Kevon Looney,14,2,4,0,0,2
Anta KT 10,Anta KT 10 Dallas,2025-03-03,Klay Thompson,24,3,3,0,0,0
Anta KT 10,Anta KT 10,2025-03-03,Kevon Looney,14,4,6,3,0,1
Anta KT 10,Anta KT 10 Dallas,2025-03-01,Klay Thompson,28,16,2,5,1,0
Anta KT 10,Anta KT 10,2025-03-01,Kevon Looney,11,10,4,0,0,1
Anta KT 10,Anta KT 10,2025-02-27,Kevon Looney,13,0,7,1,0,0
Anta KT 10,Anta KT 10,2025-02-25,Kevon Looney,13,4,3,1,1,1
Anta KT 10,Anta KT 10,2025-02-21,Kevon Looney,14,2,5,1,2,0
Anta KT 10,Anta KT 10 Crossing Time,2025-02-13,Kevon Looney,15,5,9,2,1,0
Anta KT 10,Anta KT 10,2025-02-12,Klay Thompson,33,17,7,2,1,2
Anta KT 10,Anta KT 10 Crossing Time,2025-02-12,Kevon Looney,15,4,8,2,0,1
Anta KT 10,Anta KT 10,2025-02-10,Kevon Looney,12,4,5,2,0,0
Anta KT 10,Anta KT 10,2025-02-10,Klay Thompson,26,19,2,1,0,1
Anta KT 10,Anta KT 10,2025-02-08,Kevon Looney,10,2,7,1,0,0
Anta KT 10,Anta KT 10,2025-02-08,Klay Thompson,21,13,4,1,0,1
Anta KT 10,Anta KT 10,2025-02-06,Klay Thompson,28,25,3,4,0,0
Anta KT 10,Anta KT 10,2025-02-06,Kevon Looney,11,4,3,2,0,0
Anta KT 10,Anta KT 10,2025-02-05,Kevon Looney,23,6,10,3,1,1
Anta KT 10,Anta KT 10,2025-02-04,Klay Thompson,29,12,5,1,0,0
Anta KT 10,Anta KT 10,2025-02-03,Kevon Looney,20,2,15,6,1,0
Anta KT 10,Anta KT 10,2025-02-02,Klay Thompson,17,2,5,3,0,0
Anta KT 10,Anta KT 10,2025-01-31,Kevon Looney,14,2,4,1,1,0
Anta KT 10,Anta KT 10,2025-01-31,Klay Thompson,25,13,4,4,1,1
Anta KT 10,Anta KT 10 Crossing Time,2025-01-31,Daniel Gafford,32,16,10,3,0,5
Anta KT 10,Anta KT 10,2025-01-29,Klay Thompson,28,20,4,1,0,0
Anta KT 10,Anta KT 10,2025-01-29,Kevon Looney,25,18,3,2,0,4
Anta KT 10,Anta KT 10,2025-01-28,Kevon Looney,24,6,11,2,1,2
Anta KT 10,Anta KT 10,2025-01-27,Klay Thompson,23,23,3,4,0,1
Anta KT 10,Anta KT 10,2025-01-25,Klay Thompson,26,6,3,0,0,1
Anta KT 10,Anta KT 10,2025-01-23,Kevon Looney,18,4,11,5,0,0
Anta KT 10,Anta KT 10,2025-01-22,Kevon Looney,9,0,2,0,0,0
Anta KT 10,Anta KT 10,2025-01-20,Kevon Looney,15,5,7,1,0,0
Anta KT 10,Anta KT 10,2025-01-20,Daniel Gafford,33,31,15,3,1,7
Anta KT 10,Anta KT 10,2025-01-20,Klay Thompson,29,7,2,2,0,0
Anta KT 10,Anta KT 10,2025-01-17,Klay Thompson,23,6,5,3,3,1
Anta KT 10,Anta KT 10,2025-01-15,Klay Thompson,25,12,1,2,0,0
Anta KT 10,Anta KT 10 Crossing Time,2025-01-15,Daniel Gafford,29,27,12,2,0,2
Anta KT 10,Anta KT 10,2025-01-14,Klay Thompson,20,8,3,0,0,1
Anta KT 10,Anta KT 10 Crossing Time,2025-01-14,Daniel Gafford,19,13,4,1,0,1
Anta KT 10,Anta KT 10,2025-01-12,Daniel Gafford,14,8,3,0,0,1
Anta KT 10,Anta KT 10,2025-01-12,Klay Thompson,34,25,6,2,1,1
Anta KT 10,Anta KT 10,2025-01-09,Daniel Gafford,10,2,4,2,0,3
Anta KT 10,Anta KT 10,2025-01-09,Klay Thompson,21,3,3,4,1,0
Anta KT 10,Anta KT 10,2025-01-07,Klay Thompson,28,13,0,2,1,0
Anta KT 10,Anta KT 10,2025-01-06,Daniel Gafford,7,5,1,0,0,1
Anta KT 10,Anta KT 10,2025-01-06,Klay Thompson,26,15,4,3,0,2
Anta KT 10,Anta KT 10,2025-01-05,Kevon Looney,15,9,5,0,2,1
Anta KT 10,Anta KT 10,2025-01-03,Klay Thompson,28,16,3,3,1,0
Anta KT 10,Anta KT 10,2025-01-01,Klay Thompson,31,16,5,1,1,0
Anta KT 10,Anta KT 10,2024-12-28,Klay Thompson,34,12,1,1,1,0
Anta KT 10,Anta KT 10,2024-12-27,Klay Thompson,31,11,6,5,1,1
Anta KT 10,Anta KT 10,2024-12-27,Kevon Looney,12,0,4,0,0,0
Anta KT 10,Anta KT 10,2024-12-25,Kevon Looney,4,0,0,1,0,0
Anta KT 10,Anta KT 10,2024-12-25,Klay Thompson,28,12,4,1,2,2
Anta KT 10,Anta KT 10,2024-12-23,Klay Thompson,18,13,2,2,2,0
Anta KT 10,Anta KT 10,2024-12-21,Klay Thompson,23,16,1,1,4,0
Anta KT 10,Anta KT 10,2024-12-21,Kevon Looney,22,5,8,2,0,0
Anta KT 10,Anta KT 10,2024-12-19,Kevon Looney,12,2,4,0,2,0
Anta KT 10,Anta KT 10,2024-12-19,Klay Thompson,29,22,3,3,2,0
Anta KT 10,Anta KT 10,2024-12-15,Klay Thompson,29,29,5,4,2,1
Anta KT 10,Anta KT 10,2024-12-15,Kevon Looney,21,4,3,6,0,0
Anta KT 10,Anta KT 10,2024-12-11,Kevon Looney,11,2,7,1,0,0
Anta KT 10,Anta KT 10,2024-12-10,Klay Thompson,27,19,4,0,0,0
Anta KT 10,Anta KT 10,2024-12-08,Kevon Looney,21,12,9,1,0,0
Anta KT 10,Anta KT 10,2024-12-07,Klay Thompson,25,20,5,0,1,0
Anta KT 10,Anta KT 10,2024-12-06,Kevon Looney,22,2,5,3,1,1
Anta KT 10,Anta KT 10,2024-12-05,Klay Thompson,21,11,2,2,0,0
Anta KT 10,Anta KT 10,2024-12-05,Kevon Looney,26,4,11,3,1,0
Anta KT 10,Anta KT 10,2024-12-03,Klay Thompson,20,4,2,3,1,0
Anta KT 10,Anta KT 10,2024-11-24,Klay Thompson,30,15,6,1,1,2
Anta KT 10,Anta KT 10,2024-11-22,Klay Thompson,23,0,4,4,0,1
Anta KT 10,Anta KT 10,2024-11-19,Klay Thompson,23,19,4,1,2,0
Anta KT 10,Anta KT 10,2024-11-17,Klay Thompson,25,5,3,0,2,1
Anta KT 10,Anta KT 10,2024-11-16,Klay Thompson,18,9,0,0,0,0
Anta KT 10,Anta KT 10,2024-11-15,Kevon Looney,12,6,7,3,0,0
Anta KT 10,Anta KT 10,2024-11-14,Klay Thompson,28,17,3,2,0,1
Anta KT 10,Anta KT 10,2024-11-12,Klay Thompson,33,22,4,3,0,0
Anta KT 10,Anta KT 10,2024-11-10,Klay Thompson,32,10,5,4,0,0
Anta KT 10,Anta KT 10,2024-11-08,Kevon Looney,15,9,7,1,2,0
Anta KT 10,Anta KT 10,2024-11-08,Klay Thompson,33,12,4,2,0,0
Anta KT 10,Anta KT 10,2024-11-06,Kevon Looney,15,6,10,0,0,0
Anta KT 10,Anta KT 10,2024-11-06,Klay Thompson,24,13,6,1,0,0
Anta KT 10,Anta KT 10,2024-11-04,Kevon Looney,17,4,10,2,0,0
Anta KT 10,Anta KT 10,2024-11-04,Klay Thompson,33,16,2,3,0,0
Anta KT 10,Anta KT 10,2024-11-03,Klay Thompson,28,9,5,4,0,2
Anta KT 10,Anta KT 10,2024-11-02,Kevon Looney,20,7,7,2,1,1
Anta KT 10,Anta KT 10,2024-10-31,Klay Thompson,30,12,1,1,1,0
Anta KT 10,Anta KT 10,2024-10-30,Kevon Looney,8,2,4,1,0,0
Anta KT 10,Anta KT 10,2024-10-29,Klay Thompson,29,7,0,1,1,0
Anta KT 10,Anta KT 10,2024-10-29,Kevon Looney,19,4,9,2,2,1
Anta KT 10,Anta KT 10,2024-10-28,Klay Thompson,27,18,4,2,0,0
Anta KT 10,Anta KT 10,2024-10-26,Klay Thompson,33,19,3,1,1,0
Anta KT 10,Anta KT 10,2024-10-24,Klay Thompson,26,22,7,1,3,0
Anta KT 10,Anta KT 10,2024-07-31,Kareem Maddox,,2,1,,,2
Under Armour Curry 1 Low FloTro,Under Armour Curry 1 Low FloTro Northern Lights,2025-02-28,Jarace Walker,7,0,0,0,0,0
Under Armour Curry 1 Low FloTro,Under Armour Curry 1 Low FloTro,2025-02-26,Jarace Walker,2,0,0,0,1,0
Under Armour Curry 1 Low FloTro,Under Armour Curry 1 Low FloTro,2025-01-31,Seth Curry,11,7,1,0,0,0
Under Armour Curry 1 Low FloTro,Under Armour Curry 1 Low FloTro,2025-01-02,Jarace Walker,13,12,1,1,1,0
Under Armour Curry 1 Low FloTro,Under Armour Curry 1 Low FloTro,2024-12-08,Quincy Olivari,8,3,0,0,0,0
Under Armour Curry 1 Low FloTro,Under Armour Curry 1 Low FloTro,2024-12-05,Seth Curry,18,18,3,0,0,1
Under Armour Curry 1 Low FloTro,Under Armour Curry 1 Low FloTro,2024-12-03,Seth Curry,5,2,0,0,0,1
Under Armour Curry 1 Low FloTro,Under Armour Curry 1 Low FloTro,2024-11-29,Davion Mitchell,20,4,1,3,1,0
Under Armour Curry 1 Low FloTro,Under Armour Curry 1 Low FloTro,2024-11-27,Davion Mitchell,15,0,0,4,0,0
Under Armour Curry 1 Low FloTro,Under Armour Curry 1 Low FloTro,2024-11-24,Jarace Walker,19,3,5,4,3,0
Under Armour Curry 1 Low FloTro,Under Armour Curry 1 Low FloTro,2024-11-22,Jarace Walker,24,6,6,2,0,1
Under Armour Curry 1 Low FloTro,Under Armour Curry 1 Low FloTro,2024-11-16,Mason Jones,8,0,4,3,0,0
Under Armour Curry 1 Low FloTro,Under Armour Curry 1 Low FloTro,2024-11-12,Seth Curry,5,0,1,1,0,0
Under Armour Curry 1 Low FloTro,Under Armour Curry 1 Low FloTro,2024-11-10,Seth Curry,14,5,1,0,1,0
Under Armour Curry 1 Low FloTro,Under Armour Curry 1 Low FloTro,2024-11-08,Seth Curry,4,0,0,0,0,0
Under Armour Curry 1 Low FloTro,Under Armour Curry 1 Low FloTro,2024-11-06,Davion Mitchell,32,20,3,6,1,0
Under Armour Curry 1 Low FloTro,Under Armour Curry 1 Low FloTro,2024-11-02,Davion Mitchell,37,4,4,7,5,0
Under Armour Curry 1 Low FloTro,Under Armour Curry 1 Low FloTro,2024-05-23,Jarace Walker,4,3,2,0,1,0
Under Armour Curry 1 Low FloTro,Under Armour Curry 1 Low FloTro,2024-05-19,Jarace Walker,1,0,0,0,0,0
Under Armour Curry 1 Low FloTro,Under Armour Curry 1 Low FloTro,2024-05-17,Jarace Walker,1,0,0,0,0,0
Under Armour Curry 1 Low FloTro,Under Armour Curry 1 Low FloTro,2024-04-23,Jarace Walker,1,0,1,0,0,1
Under Armour Curry 1 Low FloTro,Under Armour Curry 1 Low FloTro,2024-04-19,De'Aaron Fox,42,35,7,5,3,0
Under Armour Curry 1 Low FloTro,Under Armour Curry 1 Low FloTro,2024-04-16,De'Aaron Fox,38,24,4,6,2,0
Under Armour Curry 1 Low FloTro,Under Armour Curry 1 Low FloTro,2024-04-14,Jarace Walker,10,8,5,1,1,0
Under Armour Curry 1 Low FloTro,Under Armour Curry 1 Low FloTro,2024-03-25,De'Aaron Fox,36,23,8,5,2,1
Under Armour Curry 1 Low FloTro,Under Armour Curry 1 Low FloTro,2024-03-23,De'Aaron Fox,35,31,8,2,3,0
Under Armour Curry 1 Low FloTro,Under Armour Curry 1 Low FloTro,2024-03-07,De'Aaron Fox,35,33,5,5,3,0
Under Armour Curry 1 Low FloTro,Under Armour Curry 1 Low FloTro,2024-03-04,De'Aaron Fox,38,20,1,10,1,0
Under Armour Curry 1 Low FloTro,Under Armour Curry 1 Low FloTro,2024-01-27,De'Aaron Fox,37,34,3,5,2,2
Under Armour Curry 1 Low FloTro,Under Armour Curry 1 Low FloTro,2024-01-18,Jarace Walker,19,15,2,2,0,0
Under Armour Curry 1 Low FloTro,Under Armour Curry 1 Low FloTro,2024-01-15,Jarace Walker,26,8,4,4,4,2
Under Armour Curry 1 Low FloTro,Under Armour Curry 1 Low FloTro,2024-01-14,De'Aaron Fox,42,32,2,5,3,0
Under Armour Curry 1 Low FloTro,Under Armour Curry 1 Low FloTro,2024-01-09,De'Aaron Fox,33,26,3,4,2,0
Under Armour Curry 1 Low FloTro,Under Armour Curry 1 Low FloTro,2024-01-06,Jarace Walker,1,0,0,1,0,0
Under Armour Curry 1 Low FloTro,Under Armour Curry 1 Low FloTro,2024-01-05,De'Aaron Fox,37,24,2,4,2,1
Under Armour Curry 1 Low FloTro,Under Armour Curry 1 Low FloTro,2024-01-05,Jarace Walker,12,8,1,1,0,0
Under Armour Curry 1 Low FloTro,Under Armour Curry 1 Low FloTro,2024-01-03,Jarace Walker,1,3,0,0,0,0
Under Armour Curry 1 Low FloTro,Under Armour Curry 1 Low FloTro,2023-12-14,Brandin Podziemski,34,4,7,2,3,1
Under Armour Curry 1 Low FloTro,Under Armour Curry 1 Low FloTro,2023-12-12,Brandin Podziemski,28,20,11,5,1,0
Under Armour Curry 1 Low FloTro,Under Armour Curry 1 Low FloTro,2023-12-08,Brandin Podziemski,23,12,6,4,1,0
Under Armour Curry 1 Low FloTro,Under Armour Curry 1 Low FloTro,2023-12-06,Brandin Podziemski,21,3,5,1,0,0
Under Armour Curry 1 Low FloTro,Under Armour Curry 1 Low FloTro,2023-12-05,Thomas Walkup,31,17,3,4,0,0
Under Armour Curry 1 Low FloTro,Under Armour Curry 1 Low FloTro,2023-12-02,Brandin Podziemski,36,12,6,3,1,2
Under Armour Curry 1 Low FloTro,Under Armour Curry 1 Low FloTro,2023-11-24,Thomas Walkup,25,14,1,5,1,0
Under Armour Curry 1 Low FloTro,Under Armour Curry 1 Low FloTro,2023-11-06,Jarace Walker,8,2,1,2,0,0
Under Armour Curry 1 Low FloTro,Under Armour Curry 1 Low FloTro,2023-10-29,De'Aaron Fox,34,37,4,8,1,1
Converse All Star BB Shift,Converse All Star BB Shift,2024-11-08,Malevy Leons,3,1,0,0,0,0
Converse All Star BB Shift,Converse All Star BB Shift,2024-04-07,Kelly Oubre Jr.,48,26,8,5,2,0
Converse All Star BB Shift,Converse All Star BB Shift,2024-03-20,Kelly Oubre Jr.,35,18,5,4,3,3
Converse All Star BB Shift,Converse All Star BB Shift,2024-03-12,Kelly Oubre Jr.,29,19,6,1,0,0
Converse All Star BB Shift,Converse All Star BB Shift,2024-03-08,Kelly Oubre Jr.,34,20,7,2,0,0
Converse All Star BB Shift,Converse All Star BB Shift,2024-03-03,Kelly Oubre Jr.,25,21,5,4,0,1
Converse All Star BB Shift,Converse All Star BB Shift,2024-02-25,Kelly Oubre Jr.,29,12,9,2,3,0
Converse All Star BB Shift,Converse All Star BB Shift,2024-02-14,Kelly Oubre Jr.,32,9,3,2,1,0
Converse All Star BB Shift,Converse All Star BB Shift,2024-02-12,Kelly Oubre Jr.,41,24,3,1,2,1
Converse All Star BB Shift,Converse All Star BB Shift,2024-02-01,Kelly Oubre Jr.,39,16,4,2,2,3
Converse All Star BB Shift,Converse All Star BB Shift,2024-01-30,Kelly Oubre Jr.,34,15,6,0,1,0
Converse All Star BB Shift,Converse All Star BB Shift,2024-01-29,Kelly Oubre Jr.,31,25,6,1,0,0
Converse All Star BB Shift,Converse All Star BB Shift,2024-01-27,Kelly Oubre Jr.,39,25,5,4,0,2
Converse All Star BB Shift,Converse All Star BB Shift,2024-01-25,Kelly Oubre Jr.,21,4,2,2,1,3
Converse All Star BB Shift,Converse All Star BB Shift,2024-01-22,Kelly Oubre Jr.,24,8,3,0,0,0
Converse All Star BB Shift,Converse All Star BB Shift,2024-01-20,Kelly Oubre Jr.,26,5,8,0,2,0
Converse All Star BB Shift,Converse All Star BB Shift,2024-01-19,Kelly Oubre Jr.,32,15,4,2,0,1
Converse All Star BB Shift,Converse All Star BB Shift,2024-01-16,Kelly Oubre Jr.,26,11,5,0,1,0
Converse All Star BB Shift,Converse All Star BB Shift,2024-01-15,Kelly Oubre Jr.,25,7,2,0,4,0
Converse All Star BB Shift,Converse All Star BB Shift,2023-12-15,De'Anthony Melton,23,4,3,1,1,1
Converse All Star BB Shift,Converse All Star BB Shift,2023-11-21,De'Anthony Melton,41,13,6,3,2,0
Converse All Star BB Shift,Converse All Star BB Shift,2023-11-19,De'Anthony Melton,27,21,5,1,3,0
Converse All Star BB Shift,Converse All Star BB Shift,2023-11-17,De'Anthony Melton,35,14,4,5,2,1
Converse All Star BB Shift,Converse All Star BB Shift,2023-11-15,De'Anthony Melton,34,16,7,1,0,0
Converse All Star BB Shift,Converse All Star BB Shift,2023-11-14,De'Anthony Melton,35,30,4,3,1,0
Converse All Star BB Shift,Converse All Star BB Shift,2023-11-12,De'Anthony Melton,29,10,4,6,0,0
Converse All Star BB Shift,Converse All Star BB Shift,2023-11-10,De'Anthony Melton,29,10,3,2,3,1
Converse All Star BB Shift,Converse All Star BB Shift,2023-11-08,De'Anthony Melton,28,3,4,2,1,0
Converse All Star BB Shift,Converse All Star BB Shift,2023-11-06,De'Anthony Melton,26,14,3,4,1,0
Converse All Star BB Shift,Converse All Star BB Shift,2023-11-06,Kelly Oubre Jr.,26,3,5,1,1,1
Converse All Star BB Shift,Converse All Star BB Shift,2023-11-04,De'Anthony Melton,25,8,2,4,1,1
Converse All Star BB Shift,Converse All Star BB Shift,2023-11-04,Kelly Oubre Jr.,35,25,3,0,0,1
Converse All Star BB Shift,Converse All Star BB Shift,2023-11-02,De'Anthony Melton,21,4,5,5,1,0
Converse All Star BB Shift,Converse All Star BB Shift,2023-10-29,De'Anthony Melton,30,12,2,8,2,0
Converse All Star BB Shift,Converse All Star BB Shift,2023-10-29,Kelly Oubre Jr.,25,12,3,0,2,1
Converse All Star BB Shift,Converse All Star BB Shift,2023-10-28,Kelly Oubre Jr.,29,18,5,2,3,0
Converse All Star BB Shift,Converse All Star BB Shift,2023-10-28,De'Anthony Melton,31,2,5,4,1,1
Converse All Star BB Shift,Converse All Star BB Shift,2023-10-26,De'Anthony Melton,24,10,2,4,2,0
Converse All Star BB Shift,Converse All Star BB Shift,2023-10-26,Kelly Oubre Jr.,32,27,4,0,1,0
